M83
G92 E0
G1 E-.3 F3600
G1 X134.928 Y157.499 Z40.2 F60000
G1 E.3 F2400
G1 F25953.656
G1 X134.748 Y157.434 E.00643
G1 X134.739 Y139.437 E.6054
G1 X134.754 Y138.827 E.02054
G1 X135.121 Y138.722 E.01283
G1 X135.396 Y138.666 E.00945
G1 X135.721 Y138.68 E.01093
G1 X135.877 Y138.73 E.00554
G1 X136.078 Y138.842 E.00772
G1 X136.202 Y138.948 E.0055
G1 X136.347 Y139.133 E.00789
G1 X136.417 Y139.27 E.00518
G1 X136.475 Y139.45 E.00637
G1 X136.5 Y139.624 E.00591
G1 X136.502 Y156.581 E.57044
G1 X136.487 Y156.76 E.00603
G1 X136.422 Y156.987 E.00795
G1 X136.346 Y157.136 E.00562
G1 X136.202 Y157.32 E.00786
G1 X136.078 Y157.426 E.0055
G1 X135.877 Y157.538 E.00772
G1 X135.726 Y157.586 E.00534
G1 X135.504 Y157.611 E.00753
G1 X134.967 Y157.506 E.01838
G1 X135.165 Y157.124 F60000
G1 F25953.656
G1 X135.156 Y139.443 E.5948
G1 X135.163 Y139.139 E.01022
G1 X135.44 Y139.083 E.00948
G1 X135.623 Y139.087 E.00616
G1 X135.71 Y139.115 E.00309
G1 X135.9 Y139.239 E.00763
G1 X136.031 Y139.43 E.0078
G1 X136.082 Y139.653 E.00769
G1 X136.084 Y156.565 E.56892
G1 X136.075 Y156.685 E.00406
G1 X136.032 Y156.834 E.00521
G1 X135.9 Y157.029 E.00795
G1 X135.71 Y157.153 E.00763
G1 X135.496 Y157.192 E.00732
G1 X135.204 Y157.132 E.01001
G1 X135.583 Y156.968 F60000
G1 F21415.86
G1 X135.625 Y156.533 E.01785
G1 X135.619 Y139.703 E.6861
G1 X135.602 Y139.582 E.00498
G1 F22768.177
G1 X135.503 Y139.295 E.01164
G1 E-.3 F3600
G1 X120.126 Y150.428 F60000
G1 E.3 F2400
G1 F25953.656
G1 X120.098 Y150.446 E.00112
G1 X119.854 Y150.562 E.00909
G1 X119.599 Y150.652 E.0091
G1 X119.36 Y150.712 E.00828
G1 X119.093 Y150.75 E.00907
G1 X118.823 Y150.762 E.0091
G1 X118.553 Y150.745 E.00909
G1 X118.287 Y150.702 E.00907
G1 X118.026 Y150.63 E.00909
G1 X117.778 Y150.534 E.00896
G1 X117.405 Y150.331 E.01428
G1 X117.202 Y150.183 E.00845
G1 X116.989 Y149.991 E.00965
G1 X116.825 Y149.811 E.0082
G1 X116.663 Y149.595 E.00909
G1 X116.525 Y149.362 E.00909
G1 X116.41 Y149.117 E.00912
G1 X116.322 Y148.861 E.00909
G1 X116.261 Y148.598 E.0091
G1 X116.228 Y148.335 E.00891
G1 X116.221 Y148.091 E.0082
G1 X116.267 Y147.639 E.01529
G1 X116.322 Y147.408 E.00802
G1 X116.41 Y147.151 E.00911
G1 X116.525 Y146.906 E.00912
G1 X116.663 Y146.673 E.00909
G1 X116.824 Y146.458 E.00907
G1 X117.008 Y146.258 E.00911
G1 X117.21 Y146.079 E.00907
G1 X117.43 Y145.922 E.00911
G1 X117.664 Y145.788 E.00908
G1 X117.888 Y145.688 E.00823
G1 X118.144 Y145.602 E.0091
G1 X118.407 Y145.544 E.00908
G1 X118.701 Y145.511 E.00996
G1 X118.945 Y145.508 E.00821
G1 X119.216 Y145.532 E.00914
G1 X119.478 Y145.583 E.00896
G1 X119.878 Y145.717 E.0142
G1 X120.103 Y145.825 E.0084
G1 X120.332 Y145.965 E.00904
G1 X120.545 Y146.128 E.00902
G1 X120.74 Y146.311 E.009
G1 X120.918 Y146.515 E.00909
G1 X121.059 Y146.715 E.00822
G1 X121.267 Y147.107 E.01495
G1 X121.353 Y147.341 E.00838
G1 X121.42 Y147.598 E.00894
G1 X121.462 Y147.866 E.00913
G1 X121.476 Y148.134 E.00902
G1 X121.462 Y148.402 E.00902
G1 X121.42 Y148.67 E.00913
G1 X121.353 Y148.927 E.00892
G1 X121.257 Y149.184 E.00923
G1 X121.137 Y149.426 E.00909
G1 X120.998 Y149.646 E.00875
G1 X120.825 Y149.866 E.00941
G1 X120.655 Y150.042 E.00823
G1 X120.326 Y150.307 E.0142
G1 X120.161 Y150.408 E.00653
G1 E-.3 F3600
G1 X120.148 Y149.279 F60000
G1 E.3 F2400
G1 F25953.656
G1 X119.87 Y149.531 E.0126
G1 X119.547 Y149.719 E.0126
G1 X119.193 Y149.831 E.01246
G1 X118.941 Y149.862 E.00855
G1 X118.688 Y149.858 E.00852
G1 X118.325 Y149.785 E.01245
G1 X117.982 Y149.633 E.0126
G1 X117.683 Y149.414 E.01246
G1 X117.506 Y149.227 E.00868
G1 X117.303 Y148.918 E.01244
G1 X117.172 Y148.567 E.0126
G1 X117.118 Y148.197 E.01258
G1 X117.144 Y147.823 E.01259
G1 X117.252 Y147.464 E.01261
G1 X117.431 Y147.141 E.01244
G1 X117.594 Y146.94 E.00869
G1 X117.873 Y146.703 E.01232
G1 X118.097 Y146.574 E.0087
G1 X118.441 Y146.451 E.01229
G1 X118.696 Y146.41 E.0087
G1 X119.066 Y146.417 E.01244
G1 X119.427 Y146.502 E.01248
G1 X119.663 Y146.607 E.0087
G1 X119.969 Y146.815 E.01242
G1 X120.226 Y147.086 E.01258
G1 X120.417 Y147.403 E.01245
G1 X120.508 Y147.645 E.0087
G1 X120.574 Y148.005 E.01231
G1 X120.574 Y148.263 E.00866
G1 X120.508 Y148.627 E.01246
G1 X120.362 Y148.972 E.01259
G1 X120.171 Y149.246 E.01126
G1 X120.535 Y149.504 F60000
G1 F22546.895
G1 X120.746 Y149.206 E.01414
G1 X120.929 Y148.78 E.01795
G1 X121.018 Y148.324 E.01796
G1 X121.021 Y147.987 E.01308
G1 X120.945 Y147.546 E.01729
G1 X120.827 Y147.228 E.01316
G1 X120.567 Y146.794 E.01957
G1 X120.255 Y146.47 E.01741
G1 X119.888 Y146.219 E.01721
G1 X119.548 Y146.075 E.01431
G1 X119.147 Y145.976 E.01598
G1 X118.723 Y145.961 E.01645
G1 X118.308 Y146.024 E.01623
G1 X117.93 Y146.163 E.0156
G1 X117.598 Y146.35 E.01476
G1 X117.26 Y146.644 E.01733
G1 X117.037 Y146.924 E.01386
G1 X116.829 Y147.314 E.01715
G1 X116.708 Y147.721 E.0164
G1 X116.673 Y148.188 E.01814
G1 X116.733 Y148.654 E.01819
G1 X116.893 Y149.096 E.01822
G1 X117.145 Y149.485 E.01796
G1 X117.372 Y149.735 E.01308
G1 X117.738 Y150.006 E.01759
G1 X118.166 Y150.204 E.0183
G1 X118.603 Y150.299 E.0173
G1 X118.948 Y150.309 E.01336
G1 X119.268 Y150.273 E.01248
G1 X119.751 Y150.116 E.01964
G1 X120.113 Y149.906 E.01625
G1 X120.487 Y149.572 E.0194
G1 X120.512 Y149.536 E.00168
G92 E0
G1 X120.123 Y150.439 Z40.4 F60000
G1 F25953.656
G1 X120.101 Y150.452 E.00088
G1 X119.856 Y150.569 E.00912
G1 X119.6 Y150.659 E.00913
G1 X119.363 Y150.718 E.0082
G1 X119.095 Y150.757 E.00911
G1 X118.824 Y150.769 E.00913
G1 X118.553 Y150.752 E.00913
G1 X118.286 Y150.709 E.0091
G1 X118.025 Y150.637 E.00912
G1 X117.775 Y150.541 E.00899
G1 X117.4 Y150.335 E.01439
G1 X117.198 Y150.188 E.00841
G1 X116.982 Y149.995 E.00975
G1 X116.82 Y149.816 E.00812
G1 X116.657 Y149.599 E.00912
G1 X116.519 Y149.366 E.00912
G1 X116.404 Y149.119 E.00915
G1 X116.316 Y148.863 E.00912
G1 X116.254 Y148.599 E.00913
G1 X116.221 Y148.336 E.00892
G1 X116.214 Y148.094 E.00814
G1 X116.261 Y147.635 E.0155
G1 X116.316 Y147.406 E.00794
G1 X116.404 Y147.149 E.00914
G1 X116.519 Y146.902 E.00915
G1 X116.657 Y146.669 E.00912
G1 X116.82 Y146.453 E.0091
G1 X117.004 Y146.252 E.00915
G1 X117.206 Y146.073 E.0091
G1 X117.427 Y145.915 E.00914
G1 X117.663 Y145.781 E.00912
G1 X117.884 Y145.682 E.00815
G1 X118.141 Y145.596 E.00913
G1 X118.406 Y145.537 E.00913
G1 X118.675 Y145.505 E.00912
G1 X118.946 Y145.501 E.0091
G1 X119.217 Y145.525 E.00916
G1 X119.479 Y145.576 E.00899
G1 X119.883 Y145.711 E.0143
G1 X120.106 Y145.819 E.00835
G1 X120.336 Y145.959 E.00907
G1 X120.55 Y146.123 E.00905
G1 X120.745 Y146.306 E.00902
G1 X120.924 Y146.511 E.00913
G1 X121.063 Y146.708 E.00813
G1 X121.274 Y147.107 E.01518
G1 X121.36 Y147.339 E.00832
G1 X121.427 Y147.596 E.00894
G1 X121.469 Y147.866 E.00918
G1 X121.483 Y148.134 E.00905
G1 X121.469 Y148.403 E.00905
G1 X121.427 Y148.672 E.00918
G1 X121.36 Y148.929 E.00893
G1 X121.263 Y149.188 E.00929
G1 X121.142 Y149.43 E.00913
G1 X121.003 Y149.65 E.00873
G1 X120.829 Y149.872 E.0095
G1 X120.661 Y150.046 E.00814
G1 X120.33 Y150.313 E.01431
G1 X120.157 Y150.418 E.0068
G1 E-.3 F3600
G1 X120.148 Y149.279 F60000
G1 E.3 F2400
G1 F25953.656
G1 X119.87 Y149.531 E.0126
G1 X119.547 Y149.719 E.0126
G1 X119.193 Y149.831 E.01246
G1 X118.941 Y149.862 E.00855
G1 X118.688 Y149.858 E.00852
G1 X118.325 Y149.785 E.01245
G1 X117.982 Y149.633 E.0126
G1 X117.683 Y149.414 E.01246
G1 X117.506 Y149.227 E.00868
G1 X117.303 Y148.918 E.01244
G1 X117.172 Y148.567 E.0126
G1 X117.118 Y148.197 E.01258
G1 X117.144 Y147.823 E.01259
G1 X117.252 Y147.464 E.0126
G1 X117.431 Y147.141 E.01244
G1 X117.594 Y146.94 E.00869
G1 X117.873 Y146.703 E.01232
G1 X118.097 Y146.574 E.0087
G1 X118.441 Y146.451 E.01229
G1 X118.696 Y146.41 E.0087
G1 X119.066 Y146.417 E.01244
G1 X119.427 Y146.502 E.01248
G1 X119.663 Y146.607 E.0087
G1 X119.969 Y146.815 E.01242
G1 X120.226 Y147.086 E.01258
G1 X120.417 Y147.403 E.01245
G1 X120.508 Y147.645 E.0087
G1 X120.574 Y148.005 E.01231
G1 X120.574 Y148.263 E.00866
G1 X120.508 Y148.627 E.01246
G1 X120.362 Y148.972 E.01259
G1 X120.171 Y149.246 E.01126
G1 X120.538 Y149.506 F60000
G1 F22210.437
G1 X120.748 Y149.208 E.01433
G1 X120.932 Y148.781 E.01828
G1 X121.021 Y148.325 E.01827
G1 X121.024 Y147.987 E.01331
G1 X120.948 Y147.546 E.01758
G1 X120.83 Y147.227 E.01338
G1 X120.569 Y146.792 E.01992
G1 X120.258 Y146.467 E.01769
G1 X119.89 Y146.216 E.01751
G1 X119.549 Y146.071 E.01456
G1 X119.148 Y145.972 E.01622
G1 X118.705 Y145.957 E.01742
G1 X118.307 Y146.021 E.01584
G1 X117.929 Y146.16 E.01584
G1 X117.596 Y146.348 E.01504
G1 X117.257 Y146.641 E.01762
G1 X117.034 Y146.921 E.01407
G1 X116.826 Y147.313 E.01745
G1 X116.706 Y147.717 E.01657
G1 X116.669 Y148.187 E.01854
G1 X116.73 Y148.654 E.01849
G1 X116.89 Y149.097 E.01853
G1 X117.142 Y149.487 E.01826
G1 X117.37 Y149.738 E.0133
G1 X117.736 Y150.008 E.01789
G1 X118.166 Y150.208 E.01864
G1 X118.603 Y150.302 E.0176
G1 X118.948 Y150.313 E.01354
G1 X119.27 Y150.276 E.01274
G1 X119.753 Y150.119 E.01994
G1 X120.115 Y149.909 E.01649
G1 X120.489 Y149.575 E.01967
G1 X120.515 Y149.539 E.00178
G92 E0
G1 X120.119 Y150.449 Z40.6 F60000
G1 F25953.656
G1 X120.103 Y150.459 E.00063
G1 X119.857 Y150.576 E.00916
G1 X119.6 Y150.667 E.00917
G1 X119.366 Y150.725 E.00812
G1 X119.097 Y150.764 E.00914
G1 X118.825 Y150.776 E.00917
G1 X118.553 Y150.76 E.00916
G1 X118.285 Y150.716 E.00914
G1 X118.023 Y150.644 E.00915
G1 X117.773 Y150.547 E.00903
G1 X117.395 Y150.34 E.01449
G1 X117.194 Y150.194 E.00837
G1 X116.976 Y149.998 E.00985
G1 X116.815 Y149.821 E.00804
G1 X116.652 Y149.603 E.00916
G1 X116.513 Y149.37 E.00915
G1 X116.397 Y149.122 E.00919
G1 X116.309 Y148.865 E.00915
G1 X116.247 Y148.6 E.00916
G1 X116.214 Y148.336 E.00894
G1 X116.207 Y148.096 E.00808
G1 X116.255 Y147.631 E.01571
G1 X116.309 Y147.404 E.00786
G1 X116.397 Y147.146 E.00917
G1 X116.513 Y146.899 E.00919
G1 X116.652 Y146.665 E.00915
G1 X116.815 Y146.448 E.00913
G1 X116.999 Y146.247 E.00918
G1 X117.203 Y146.067 E.00913
G1 X117.424 Y145.908 E.00917
G1 X117.661 Y145.774 E.00915
G1 X117.88 Y145.676 E.00807
G1 X118.138 Y145.589 E.00917
G1 X118.404 Y145.53 E.00916
G1 X118.674 Y145.498 E.00915
G1 X118.946 Y145.494 E.00914
G1 X119.218 Y145.518 E.00919
G1 X119.481 Y145.569 E.00902
G1 X119.887 Y145.706 E.01441
G1 X120.109 Y145.813 E.00829
G1 X120.34 Y145.954 E.00909
G1 X120.554 Y146.117 E.00907
G1 X120.751 Y146.302 E.00909
G1 X120.929 Y146.507 E.00911
G1 X121.067 Y146.702 E.00805
G1 X121.282 Y147.106 E.0154
G1 X121.366 Y147.337 E.00825
G1 X121.434 Y147.594 E.00895
G1 X121.476 Y147.865 E.00922
G1 X121.49 Y148.134 E.00907
G1 X121.476 Y148.403 E.00907
G1 X121.434 Y148.674 E.00921
G1 X121.365 Y148.937 E.00915
G1 X121.269 Y149.191 E.00913
G1 X121.148 Y149.435 E.00916
G1 X121.009 Y149.654 E.00871
G1 X120.833 Y149.878 E.00959
G1 X120.667 Y150.05 E.00806
G1 X120.333 Y150.319 E.01442
G1 X120.153 Y150.428 E.00708
G1 E-.3 F3600
G1 X120.148 Y149.279 F60000
G1 E.3 F2400
G1 F25953.656
G1 X119.87 Y149.531 E.0126
G1 X119.547 Y149.719 E.0126
G1 X119.193 Y149.831 E.01246
G1 X118.941 Y149.862 E.00855
G1 X118.688 Y149.858 E.00852
G1 X118.325 Y149.785 E.01245
G1 X117.982 Y149.633 E.0126
G1 X117.683 Y149.414 E.01246
G1 X117.506 Y149.227 E.00868
G1 X117.303 Y148.918 E.01244
G1 X117.172 Y148.567 E.0126
G1 X117.118 Y148.197 E.01258
G1 X117.144 Y147.823 E.01259
G1 X117.252 Y147.464 E.01261
G1 X117.431 Y147.141 E.01244
G1 X117.594 Y146.94 E.00869
G1 X117.873 Y146.703 E.01232
G1 X118.097 Y146.574 E.0087
G1 X118.441 Y146.451 E.01229
G1 X118.696 Y146.41 E.0087
G1 X119.066 Y146.417 E.01244
G1 X119.427 Y146.502 E.01248
G1 X119.663 Y146.607 E.0087
G1 X119.969 Y146.815 E.01242
G1 X120.226 Y147.086 E.01258
G1 X120.417 Y147.403 E.01245
G1 X120.508 Y147.645 E.0087
G1 X120.574 Y148.005 E.01231
G1 X120.574 Y148.263 E.00866
G1 X120.508 Y148.627 E.01246
G1 X120.362 Y148.972 E.01259
G1 X120.171 Y149.246 E.01126
G1 X120.54 Y149.508 F60000
G1 F21897.86
G1 X120.751 Y149.211 E.01452
G1 X120.935 Y148.782 E.0186
G1 X121.025 Y148.326 E.01856
G1 X121.028 Y147.987 E.01352
G1 X120.952 Y147.545 E.01786
G1 X120.833 Y147.225 E.0136
G1 X120.572 Y146.789 E.02026
G1 X120.26 Y146.464 E.01796
G1 X119.891 Y146.213 E.0178
G1 X119.55 Y146.068 E.01479
G1 X119.149 Y145.969 E.01646
G1 X118.705 Y145.954 E.01773
G1 X118.306 Y146.017 E.01609
G1 X117.928 Y146.156 E.01606
G1 X117.594 Y146.345 E.0153
G1 X117.255 Y146.639 E.0179
G1 X117.032 Y146.919 E.01426
G1 X116.822 Y147.312 E.01775
G1 X116.703 Y147.715 E.01678
G1 X116.666 Y148.187 E.01887
G1 X116.726 Y148.655 E.01879
G1 X116.887 Y149.098 E.01882
G1 X117.139 Y149.489 E.01855
G1 X117.367 Y149.74 E.01352
G1 X117.734 Y150.011 E.01817
G1 X118.165 Y150.211 E.01896
G1 X118.604 Y150.306 E.0179
G1 X118.948 Y150.316 E.01372
G1 X119.272 Y150.279 E.01301
G1 X119.754 Y150.122 E.02021
G1 X120.117 Y149.912 E.01673
G1 X120.49 Y149.579 E.01993
G1 X120.517 Y149.541 E.00187
G92 E0
G1 E-.3 F3600
G1 X120.115 Y150.46 Z40.8 F60000
G1 E.3 F2400
G1 F25953.656
G1 X120.106 Y150.465 E.00038
G1 X119.859 Y150.582 E.00919
G1 X119.601 Y150.674 E.0092
G1 X119.369 Y150.731 E.00804
G1 X119.099 Y150.771 E.00918
G1 X118.826 Y150.783 E.0092
G1 X118.553 Y150.767 E.00919
G1 X118.284 Y150.723 E.00917
G1 X118.021 Y150.651 E.00918
G1 X117.767 Y150.553 E.00917
G1 X117.523 Y150.428 E.0092
G1 X117.327 Y150.302 E.00785
G1 X116.967 Y149.999 E.01584
G1 X116.646 Y149.608 E.01701
G1 X116.507 Y149.373 E.00918
G1 X116.391 Y149.125 E.00922
G1 X116.302 Y148.867 E.00918
G1 X116.24 Y148.6 E.00919
G1 X116.207 Y148.337 E.00895
G1 X116.2 Y148.098 E.00803
G1 X116.248 Y147.627 E.01592
G1 X116.302 Y147.402 E.00778
G1 X116.391 Y147.144 E.0092
G1 X116.507 Y146.895 E.00922
G1 X116.646 Y146.661 E.00918
G1 X116.81 Y146.442 E.00917
G1 X116.995 Y146.241 E.0092
G1 X117.199 Y146.061 E.00917
G1 X117.422 Y145.902 E.0092
G1 X117.659 Y145.767 E.00919
G1 X117.876 Y145.67 E.008
G1 X118.136 Y145.583 E.0092
G1 X118.402 Y145.523 E.00919
G1 X118.673 Y145.491 E.00918
G1 X118.946 Y145.487 E.00917
G1 X119.219 Y145.511 E.00923
G1 X119.483 Y145.562 E.00905
G1 X119.892 Y145.7 E.01452
G1 X120.113 Y145.807 E.00824
G1 X120.344 Y145.948 E.00912
G1 X120.559 Y146.112 E.0091
G1 X120.756 Y146.297 E.00911
G1 X120.935 Y146.502 E.00914
G1 X121.071 Y146.695 E.00796
G1 X121.289 Y147.106 E.01563
G1 X121.373 Y147.335 E.0082
G1 X121.441 Y147.592 E.00896
G1 X121.483 Y147.864 E.00926
G1 X121.497 Y148.134 E.00909
G1 X121.483 Y148.404 E.00909
G1 X121.441 Y148.676 E.00925
G1 X121.371 Y148.94 E.00918
G1 X121.275 Y149.195 E.00917
G1 X121.153 Y149.439 E.0092
G1 X121.015 Y149.658 E.00869
G1 X120.837 Y149.884 E.00967
G1 X120.673 Y150.054 E.00797
G1 X120.337 Y150.325 E.01452
G1 X120.15 Y150.439 E.00736
G1 E-.3 F3600
G1 X120.148 Y149.279 F60000
G1 E.3 F2400
G1 F25953.656
G1 X119.87 Y149.531 E.0126
G1 X119.547 Y149.719 E.0126
G1 X119.193 Y149.831 E.01246
G1 X118.941 Y149.862 E.00855
G1 X118.688 Y149.858 E.00852
G1 X118.325 Y149.785 E.01245
G1 X117.982 Y149.633 E.0126
G1 X117.683 Y149.414 E.01246
G1 X117.506 Y149.227 E.00868
G1 X117.303 Y148.918 E.01244
G1 X117.172 Y148.567 E.0126
G1 X117.118 Y148.197 E.01258
G1 X117.144 Y147.823 E.01259
G1 X117.252 Y147.464 E.01261
G1 X117.431 Y147.141 E.01244
G1 X117.594 Y146.94 E.00869
G1 X117.873 Y146.703 E.01232
G1 X118.097 Y146.574 E.0087
G1 X118.444 Y146.45 E.01239
G1 X118.774 Y146.405 E.01118
G1 X119.068 Y146.417 E.00993
G1 X119.427 Y146.502 E.01239
G1 X119.663 Y146.607 E.0087
G1 X119.969 Y146.815 E.01242
G1 X120.226 Y147.086 E.01258
G1 X120.417 Y147.403 E.01245
G1 X120.508 Y147.645 E.0087
G1 X120.574 Y148.005 E.01231
G1 X120.574 Y148.263 E.00866
G1 X120.508 Y148.627 E.01246
G1 X120.362 Y148.972 E.01259
G1 X120.171 Y149.246 E.01126
G1 X120.543 Y149.51 F60000
G1 F21596.949
G1 X120.753 Y149.214 E.0147
G1 X120.939 Y148.784 E.01892
G1 X121.028 Y148.326 E.01885
G1 X121.031 Y147.987 E.01373
G1 X120.955 Y147.545 E.01813
G1 X120.836 Y147.224 E.01382
G1 X120.574 Y146.787 E.0206
G1 X120.262 Y146.462 E.01822
G1 X119.893 Y146.21 E.01809
G1 X119.551 Y146.065 E.01503
G1 X119.155 Y145.966 E.0165
G1 X118.73 Y145.949 E.01719
G1 X118.311 Y146.012 E.01714
G1 X117.927 Y146.153 E.01653
G1 X117.591 Y146.342 E.01557
G1 X117.252 Y146.637 E.01817
G1 X117.029 Y146.917 E.01446
G1 X116.819 Y147.311 E.01804
G1 X116.699 Y147.714 E.01703
G1 X116.662 Y148.187 E.01916
G1 X116.723 Y148.655 E.01908
G1 X116.884 Y149.1 E.01911
G1 X117.136 Y149.491 E.01884
G1 X117.367 Y149.741 E.01373
G1 X117.752 Y150.031 E.0195
G1 X118.164 Y150.215 E.01825
G1 X118.604 Y150.309 E.01819
G1 X118.948 Y150.32 E.01389
G1 X119.274 Y150.282 E.01329
G1 X119.756 Y150.125 E.02048
G1 X120.119 Y149.915 E.01696
G1 X120.492 Y149.583 E.02018
G1 X120.52 Y149.543 E.00197
G92 E0
G1 E-.3 F3600
G1 X120.111 Y150.47 Z41 F60000
G1 E.3 F2400
G1 F25953.656
G1 X120.108 Y150.472 E.00012
G1 X119.861 Y150.589 E.00922
G1 X119.602 Y150.681 E.00924
G1 X119.372 Y150.738 E.00795
G1 X119.101 Y150.778 E.00921
G1 X118.827 Y150.79 E.00923
G1 X118.554 Y150.774 E.00922
G1 X118.284 Y150.73 E.0092
G1 X118.019 Y150.658 E.00922
G1 X117.764 Y150.559 E.0092
G1 X117.52 Y150.434 E.00923
G1 X117.326 Y150.309 E.00777
G1 X116.96 Y150.002 E.01606
G1 X116.641 Y149.612 E.01696
G1 X116.501 Y149.377 E.00922
G1 X116.384 Y149.127 E.00926
G1 X116.295 Y148.868 E.00921
G1 X116.233 Y148.601 E.00922
G1 X116.2 Y148.337 E.00896
G1 X116.193 Y148.1 E.00797
G1 X116.242 Y147.623 E.01613
G1 X116.384 Y147.141 E.01691
G1 X116.501 Y146.892 E.00926
G1 X116.641 Y146.656 E.00922
G1 X116.805 Y146.437 E.0092
G1 X116.991 Y146.236 E.00923
G1 X117.196 Y146.055 E.0092
G1 X117.419 Y145.895 E.00923
G1 X117.873 Y145.664 E.01712
G1 X118.133 Y145.576 E.00923
G1 X118.4 Y145.516 E.00922
G1 X118.672 Y145.484 E.00921
G1 X118.946 Y145.48 E.0092
G1 X119.22 Y145.504 E.00926
G1 X119.485 Y145.556 E.00908
G1 X119.897 Y145.694 E.01462
G1 X120.116 Y145.8 E.00819
G1 X120.348 Y145.942 E.00915
G1 X120.563 Y146.107 E.00912
G1 X120.761 Y146.293 E.00914
G1 X120.94 Y146.498 E.00917
G1 X121.076 Y146.689 E.00787
G1 X121.296 Y147.105 E.01585
G1 X121.38 Y147.332 E.00814
G1 X121.447 Y147.59 E.00897
G1 X121.49 Y147.863 E.0093
G1 X121.504 Y148.134 E.00912
G1 X121.49 Y148.405 E.00912
G1 X121.447 Y148.678 E.0093
G1 X121.377 Y148.942 E.00921
G1 X121.281 Y149.199 E.0092
G1 X121.159 Y149.444 E.00923
G1 X121.021 Y149.662 E.00867
G1 X120.841 Y149.89 E.00976
G1 X120.678 Y150.058 E.00788
G1 X120.34 Y150.331 E.01463
G1 X120.146 Y150.449 E.00765
G1 E-.3 F3600
G1 X120.148 Y149.279 F60000
G1 E.3 F2400
G1 F25953.656
G1 X119.87 Y149.531 E.0126
G1 X119.547 Y149.719 E.0126
G1 X119.193 Y149.831 E.01246
G1 X118.941 Y149.862 E.00855
G1 X118.688 Y149.858 E.00852
G1 X118.325 Y149.785 E.01245
G1 X117.982 Y149.633 E.0126
G1 X117.683 Y149.414 E.01246
G1 X117.506 Y149.227 E.00868
G1 X117.303 Y148.918 E.01244
G1 X117.172 Y148.567 E.0126
G1 X117.118 Y148.197 E.01258
G1 X117.144 Y147.823 E.01259
G1 X117.252 Y147.464 E.0126
G1 X117.431 Y147.141 E.01244
G1 X117.594 Y146.94 E.00869
G1 X117.873 Y146.703 E.01232
G1 X118.097 Y146.574 E.0087
G1 X118.444 Y146.45 E.01239
G1 X118.771 Y146.406 E.01112
G1 X119.068 Y146.417 E.00999
G1 X119.427 Y146.502 E.0124
G1 X119.663 Y146.607 E.0087
G1 X119.969 Y146.815 E.01242
G1 X120.226 Y147.086 E.01258
G1 X120.417 Y147.403 E.01245
G1 X120.508 Y147.645 E.0087
G1 X120.574 Y148.005 E.01231
G1 X120.574 Y148.263 E.00866
G1 X120.508 Y148.627 E.01246
G1 X120.362 Y148.972 E.01259
G1 X120.171 Y149.246 E.01126
G1 X120.535 Y149.515 F60000
G1 F21306.298
G1 X120.756 Y149.216 E.01523
G1 X120.936 Y148.802 E.01852
G1 X121.028 Y148.357 E.01861
G1 X121.035 Y147.987 E.01518
G1 X120.959 Y147.544 E.0184
G1 X120.839 Y147.223 E.01403
G1 X120.577 Y146.785 E.02093
G1 X120.265 Y146.459 E.01848
G1 X119.894 Y146.206 E.01837
G1 X119.551 Y146.061 E.01527
G1 X119.155 Y145.963 E.01673
G1 X118.727 Y145.945 E.01757
G1 X118.309 Y146.009 E.01731
G1 X117.926 Y146.15 E.01674
G1 X117.589 Y146.34 E.01583
G1 X117.249 Y146.635 E.01845
G1 X117.026 Y146.914 E.01465
G1 X116.816 Y147.309 E.01834
G1 X116.696 Y147.713 E.01727
G1 X116.659 Y148.187 E.01946
G1 X116.719 Y148.656 E.01937
G1 X116.88 Y149.101 E.0194
G1 X117.133 Y149.493 E.01913
G1 X117.364 Y149.743 E.01394
G1 X117.75 Y150.034 E.0198
G1 X118.164 Y150.218 E.01855
G1 X118.605 Y150.313 E.01848
G1 X118.948 Y150.323 E.01406
G1 X119.313 Y150.272 E.01513
G1 X119.758 Y150.128 E.01913
G1 X120.12 Y149.918 E.01719
G1 X120.472 Y149.601 E.01938
G1 X120.511 Y149.547 E.00273
G92 E0
G1 E-.3 F3600
G1 X120.109 Y150.479 Z41.2 F60000
G1 E.3 F2400
G1 F25953.656
G1 X119.862 Y150.596 E.00918
G1 X119.602 Y150.688 E.00927
G1 X119.375 Y150.744 E.00787
G1 X119.103 Y150.784 E.00925
G1 X118.828 Y150.797 E.00926
G1 X118.554 Y150.781 E.00925
G1 X118.283 Y150.737 E.00923
G1 X118.018 Y150.664 E.00925
G1 X117.761 Y150.566 E.00923
G1 X117.516 Y150.44 E.00927
G1 X117.324 Y150.317 E.00769
G1 X116.954 Y150.005 E.01627
G1 X116.635 Y149.616 E.01691
G1 X116.495 Y149.38 E.00925
G1 X116.378 Y149.13 E.00929
G1 X116.289 Y148.87 E.00924
G1 X116.226 Y148.602 E.00926
G1 X116.193 Y148.337 E.00897
G1 X116.186 Y148.102 E.00792
G1 X116.236 Y147.619 E.01634
G1 X116.378 Y147.138 E.01687
G1 X116.495 Y146.888 E.00929
G1 X116.635 Y146.652 E.00925
G1 X116.8 Y146.432 E.00923
G1 X116.987 Y146.23 E.00926
G1 X117.192 Y146.048 E.00923
G1 X117.417 Y145.889 E.00926
G1 X117.869 Y145.658 E.01708
G1 X118.13 Y145.57 E.00927
G1 X118.398 Y145.51 E.00925
G1 X118.671 Y145.477 E.00924
G1 X118.946 Y145.473 E.00923
G1 X119.221 Y145.498 E.0093
G1 X119.487 Y145.549 E.0091
G1 X119.902 Y145.689 E.01473
G1 X120.119 Y145.794 E.00814
G1 X120.352 Y145.936 E.00917
G1 X120.568 Y146.101 E.00915
G1 X120.767 Y146.288 E.00916
G1 X120.946 Y146.494 E.0092
G1 X121.08 Y146.683 E.00778
G1 X121.304 Y147.105 E.01608
G1 X121.386 Y147.33 E.00807
G1 X121.454 Y147.588 E.00898
G1 X121.497 Y147.863 E.00934
G1 X121.511 Y148.134 E.00914
G1 X121.497 Y148.405 E.00914
G1 X121.454 Y148.68 E.00934
G1 X121.384 Y148.945 E.00924
G1 X121.287 Y149.202 E.00923
G1 X121.164 Y149.448 E.00926
G1 X121.026 Y149.666 E.00865
G1 X120.845 Y149.896 E.00985
G1 X120.684 Y150.062 E.0078
G1 X120.343 Y150.338 E.01474
G1 X120.143 Y150.459 E.00787
G1 E-.3 F3600
G1 X120.148 Y149.279 F60000
G1 E.3 F2400
G1 F25953.656
G1 X119.87 Y149.531 E.0126
G1 X119.547 Y149.719 E.0126
G1 X119.193 Y149.831 E.01246
G1 X118.941 Y149.862 E.00855
G1 X118.688 Y149.858 E.00852
G1 X118.325 Y149.785 E.01245
G1 X117.982 Y149.633 E.0126
G1 X117.683 Y149.414 E.01246
G1 X117.506 Y149.227 E.00868
G1 X117.303 Y148.918 E.01244
G1 X117.172 Y148.567 E.0126
G1 X117.118 Y148.197 E.01258
G1 X117.144 Y147.823 E.01259
G1 X117.252 Y147.464 E.01261
G1 X117.431 Y147.141 E.01244
G1 X117.594 Y146.94 E.00869
G1 X117.873 Y146.703 E.01232
G1 X118.097 Y146.574 E.0087
G1 X118.444 Y146.45 E.01239
G1 X118.769 Y146.406 E.01105
G1 X119.068 Y146.417 E.01006
G1 X119.427 Y146.502 E.0124
G1 X119.663 Y146.607 E.0087
G1 X119.969 Y146.815 E.01242
G1 X120.226 Y147.086 E.01258
G1 X120.417 Y147.403 E.01245
G1 X120.508 Y147.645 E.0087
G1 X120.574 Y148.005 E.01231
G1 X120.574 Y148.263 E.00866
G1 X120.508 Y148.627 E.01246
G1 X120.362 Y148.972 E.01259
G1 X120.171 Y149.246 E.01126
G1 X120.538 Y149.517 F60000
G1 F21018.621
G1 X120.758 Y149.219 E.01541
G1 X120.939 Y148.803 E.01883
G1 X121.032 Y148.357 E.01892
G1 X121.038 Y147.987 E.01541
G1 X120.962 Y147.543 E.01868
G1 X120.842 Y147.222 E.01425
G1 X120.58 Y146.782 E.02128
G1 X120.267 Y146.457 E.01875
G1 X119.896 Y146.203 E.01866
G1 X119.552 Y146.058 E.0155
G1 X119.156 Y145.959 E.01696
G1 X118.724 Y145.942 E.01796
G1 X118.308 Y146.006 E.01748
G1 X117.924 Y146.146 E.01697
G1 X117.587 Y146.337 E.0161
G1 X117.246 Y146.633 E.01872
G1 X117.024 Y146.912 E.01485
G1 X116.813 Y147.308 E.01863
G1 X116.693 Y147.712 E.01752
G1 X116.655 Y148.186 E.01975
G1 X116.716 Y148.656 E.01967
G1 X116.877 Y149.102 E.0197
G1 X117.13 Y149.495 E.01942
G1 X117.362 Y149.746 E.01416
G1 X117.748 Y150.037 E.0201
G1 X118.163 Y150.222 E.01886
G1 X118.605 Y150.317 E.01878
G1 X118.948 Y150.327 E.01424
G1 X119.314 Y150.275 E.01539
G1 X119.76 Y150.131 E.01943
G1 X120.122 Y149.921 E.01743
G1 X120.474 Y149.604 E.01967
G1 X120.514 Y149.55 E.00279
G92 E0
G1 E-.3 F3600
G1 X120.105 Y150.489 Z41.4 F60000
G1 E.3 F2400
G1 F25953.656
G1 X119.864 Y150.603 E.00898
G1 X119.603 Y150.695 E.00931
G1 X119.378 Y150.751 E.00779
G1 X119.105 Y150.791 E.00929
G1 X118.829 Y150.804 E.00929
G1 X118.554 Y150.788 E.00929
G1 X118.282 Y150.744 E.00926
G1 X118.016 Y150.671 E.00928
G1 X117.759 Y150.572 E.00926
G1 X117.513 Y150.446 E.0093
G1 X117.322 Y150.324 E.00761
G1 X116.947 Y150.009 E.01648
G1 X116.63 Y149.621 E.01687
G1 X116.489 Y149.384 E.00928
G1 X116.372 Y149.132 E.00932
G1 X116.282 Y148.872 E.00926
G1 X116.219 Y148.603 E.00929
G1 X116.179 Y148.104 E.01683
G1 X116.229 Y147.615 E.01655
G1 X116.372 Y147.136 E.01682
G1 X116.489 Y146.885 E.00932
G1 X116.63 Y146.648 E.00928
G1 X116.795 Y146.427 E.00926
G1 X116.982 Y146.224 E.00929
G1 X117.189 Y146.042 E.00927
G1 X117.414 Y145.882 E.00929
G1 X117.865 Y145.652 E.01704
G1 X118.127 Y145.563 E.0093
G1 X118.397 Y145.503 E.00929
G1 X118.67 Y145.47 E.00927
G1 X118.946 Y145.466 E.00927
G1 X119.222 Y145.491 E.00933
G1 X119.488 Y145.542 E.00913
G1 X119.906 Y145.683 E.01483
G1 X120.123 Y145.788 E.00809
G1 X120.356 Y145.931 E.0092
G1 X120.572 Y146.096 E.00917
G1 X120.772 Y146.283 E.00918
G1 X120.952 Y146.49 E.00922
G1 X121.084 Y146.676 E.00769
G1 X121.311 Y147.105 E.01631
G1 X121.393 Y147.328 E.00801
G1 X121.461 Y147.586 E.00898
G1 X121.504 Y147.862 E.00938
G1 X121.518 Y148.134 E.00916
G1 X121.504 Y148.406 E.00916
G1 X121.461 Y148.682 E.00938
G1 X121.39 Y148.948 E.00927
G1 X121.294 Y149.206 E.00926
G1 X121.17 Y149.453 E.0093
G1 X121.032 Y149.67 E.00863
G1 X120.849 Y149.901 E.00994
G1 X120.69 Y150.066 E.00771
G1 X120.347 Y150.344 E.01485
G1 X120.14 Y150.469 E.00813
G1 E-.3 F3600
G1 X120.148 Y149.279 F60000
G1 E.3 F2400
G1 F25953.656
G1 X119.87 Y149.531 E.0126
G1 X119.547 Y149.719 E.0126
G1 X119.193 Y149.831 E.01246
G1 X118.941 Y149.862 E.00855
G1 X118.688 Y149.858 E.00852
G1 X118.325 Y149.785 E.01245
G1 X117.982 Y149.633 E.0126
G1 X117.683 Y149.414 E.01246
G1 X117.506 Y149.227 E.00868
G1 X117.303 Y148.918 E.01244
G1 X117.172 Y148.567 E.0126
G1 X117.118 Y148.197 E.01258
G1 X117.144 Y147.823 E.01259
G1 X117.252 Y147.464 E.01261
G1 X117.431 Y147.141 E.01244
G1 X117.594 Y146.94 E.00869
G1 X117.873 Y146.703 E.01232
G1 X118.097 Y146.574 E.0087
G1 X118.444 Y146.451 E.01239
G1 X118.767 Y146.406 E.01098
G1 X119.068 Y146.417 E.01013
G1 X119.427 Y146.502 E.0124
G1 X119.663 Y146.607 E.0087
G1 X119.969 Y146.815 E.01242
G1 X120.226 Y147.086 E.01258
G1 X120.417 Y147.403 E.01245
G1 X120.508 Y147.645 E.0087
G1 X120.574 Y148.005 E.01231
G1 X120.574 Y148.263 E.00866
G1 X120.508 Y148.627 E.01246
G1 X120.362 Y148.972 E.01259
G1 X120.171 Y149.246 E.01126
G1 X120.54 Y149.519 F60000
G1 F20738.541
G1 X120.761 Y149.221 E.0156
G1 X120.942 Y148.805 E.01913
G1 X121.035 Y148.358 E.01923
G1 X121.042 Y147.987 E.01563
G1 X120.965 Y147.543 E.01896
G1 X120.846 Y147.221 E.01447
G1 X120.583 Y146.78 E.0216
G1 X120.269 Y146.454 E.01904
G1 X119.897 Y146.2 E.01895
G1 X119.553 Y146.054 E.01574
G1 X119.156 Y145.956 E.0172
G1 X118.721 Y145.939 E.01834
G1 X118.307 Y146.003 E.01765
G1 X117.923 Y146.143 E.01719
G1 X117.585 Y146.334 E.01637
G1 X117.244 Y146.63 E.019
G1 X117.021 Y146.91 E.01505
G1 X116.809 Y147.307 E.01894
G1 X116.69 Y147.711 E.01777
G1 X116.652 Y148.186 E.02005
G1 X116.712 Y148.657 E.01997
G1 X116.874 Y149.103 E.02
G1 X117.127 Y149.497 E.01971
G1 X117.359 Y149.748 E.01438
G1 X117.746 Y150.039 E.0204
G1 X118.162 Y150.225 E.01917
G1 X118.605 Y150.32 E.01908
G1 X118.948 Y150.33 E.01441
G1 X119.316 Y150.279 E.01564
G1 X119.761 Y150.135 E.01972
G1 X120.124 Y149.924 E.01766
G1 X120.476 Y149.606 E.01997
G1 X120.517 Y149.552 E.00286
G92 E0
G1 E-.3 F3600
G1 X120.101 Y150.498 Z41.6 F60000
G1 E.3 F2400
G1 F25953.656
G1 X119.866 Y150.61 E.00877
G1 X119.604 Y150.702 E.00934
G1 X119.107 Y150.798 E.01701
G1 X118.83 Y150.811 E.00932
G1 X118.554 Y150.795 E.00932
G1 X118.281 Y150.751 E.0093
G1 X118.014 Y150.678 E.00931
G1 X117.756 Y150.579 E.0093
G1 X117.509 Y150.452 E.00934
G1 X117.321 Y150.332 E.00753
G1 X116.941 Y150.012 E.0167
G1 X116.624 Y149.625 E.01682
G1 X116.483 Y149.387 E.00931
G1 X116.365 Y149.135 E.00936
G1 X116.275 Y148.874 E.00929
G1 X116.212 Y148.604 E.00932
G1 X116.172 Y148.107 E.01678
G1 X116.223 Y147.611 E.01676
G1 X116.365 Y147.133 E.01677
G1 X116.483 Y146.881 E.00936
G1 X116.624 Y146.643 E.00931
G1 X116.79 Y146.422 E.00929
G1 X116.978 Y146.219 E.00932
G1 X117.186 Y146.036 E.0093
G1 X117.411 Y145.875 E.00932
G1 X117.653 Y145.739 E.00932
G1 X118.124 Y145.557 E.017
G1 X118.39 Y145.497 E.00916
G1 X118.882 Y145.458 E.0166
G1 X119.107 Y145.47 E.00757
G1 X119.38 Y145.511 E.00931
G1 X119.648 Y145.58 E.00931
G1 X119.908 Y145.676 E.00932
G1 X120.126 Y145.782 E.00815
G1 X120.36 Y145.925 E.00922
G1 X120.577 Y146.091 E.0092
G1 X120.777 Y146.278 E.00921
G1 X120.957 Y146.486 E.00925
G1 X121.088 Y146.67 E.0076
G1 X121.318 Y147.104 E.01654
G1 X121.4 Y147.326 E.00795
G1 X121.468 Y147.584 E.00899
G1 X121.511 Y147.861 E.00942
G1 X121.525 Y148.134 E.00919
G1 X121.511 Y148.407 E.00919
G1 X121.468 Y148.684 E.00942
G1 X121.397 Y148.951 E.0093
G1 X121.3 Y149.209 E.0093
G1 X121.175 Y149.457 E.00933
G1 X121.038 Y149.674 E.00861
G1 X120.853 Y149.907 E.01003
G1 X120.696 Y150.071 E.00762
G1 X120.35 Y150.35 E.01495
G1 X120.136 Y150.479 E.0084
G1 E-.3 F3600
G1 X120.148 Y149.279 F60000
G1 E.3 F2400
G1 F25953.656
G1 X119.87 Y149.531 E.0126
G1 X119.547 Y149.719 E.0126
G1 X119.193 Y149.831 E.01246
G1 X118.941 Y149.862 E.00855
G1 X118.688 Y149.858 E.00852
G1 X118.325 Y149.785 E.01245
G1 X117.982 Y149.633 E.0126
G1 X117.683 Y149.414 E.01246
G1 X117.506 Y149.227 E.00868
G1 X117.303 Y148.918 E.01244
G1 X117.172 Y148.567 E.0126
G1 X117.118 Y148.197 E.01258
G1 X117.144 Y147.823 E.01259
G1 X117.252 Y147.464 E.01261
G1 X117.431 Y147.141 E.01244
G1 X117.594 Y146.94 E.00869
G1 X117.873 Y146.703 E.01232
G1 X118.097 Y146.574 E.0087
G1 X118.444 Y146.451 E.01238
G1 X118.765 Y146.406 E.01091
G1 X119.068 Y146.417 E.0102
G1 X119.427 Y146.502 E.01241
G1 X119.663 Y146.607 E.0087
G1 X119.969 Y146.815 E.01242
G1 X120.226 Y147.086 E.01258
G1 X120.417 Y147.403 E.01245
G1 X120.508 Y147.645 E.0087
G1 X120.574 Y148.005 E.01231
G1 X120.574 Y148.263 E.00866
G1 X120.508 Y148.627 E.01246
G1 X120.362 Y148.972 E.01259
G1 X120.171 Y149.246 E.01126
G1 X120.543 Y149.522 F60000
G1 F20469.667
G1 X120.763 Y149.224 E.01578
G1 X120.946 Y148.807 E.01943
G1 X121.038 Y148.358 E.01953
G1 X121.045 Y147.987 E.01585
G1 X120.969 Y147.542 E.01924
G1 X120.849 Y147.219 E.01469
G1 X120.585 Y146.778 E.02191
G1 X120.272 Y146.451 E.01933
G1 X119.905 Y146.201 E.01895
G1 X119.554 Y146.05 E.01629
G1 X119.106 Y145.947 E.01962
G1 X118.764 Y145.937 E.01458
G1 X118.305 Y145.999 E.01974
G1 X117.878 Y146.156 E.0194
G1 X117.582 Y146.332 E.01468
G1 X117.241 Y146.628 E.01928
G1 X117.018 Y146.908 E.01524
G1 X116.806 Y147.305 E.01923
G1 X116.686 Y147.71 E.01802
G1 X116.648 Y148.186 E.02035
G1 X116.709 Y148.657 E.02027
G1 X116.871 Y149.105 E.02029
G1 X117.124 Y149.499 E.02001
G1 X117.357 Y149.75 E.01459
G1 X117.744 Y150.042 E.0207
G1 X118.161 Y150.229 E.01948
G1 X118.606 Y150.324 E.01938
G1 X118.947 Y150.334 E.01458
G1 X119.317 Y150.282 E.0159
G1 X119.763 Y150.138 E.02001
G1 X120.126 Y149.927 E.0179
G1 X120.479 Y149.609 E.02026
G1 X120.519 Y149.554 E.00292
G92 E0
G1 E-.3 F3600
G1 X120.098 Y150.508 Z41.8 F60000
G1 E.3 F2400
G1 F25953.656
G1 X119.867 Y150.617 E.00856
G1 X119.604 Y150.709 E.00938
G1 X119.109 Y150.805 E.01696
G1 X118.832 Y150.818 E.00936
G1 X118.554 Y150.802 E.00935
G1 X118.28 Y150.758 E.00933
G1 X118.012 Y150.685 E.00934
G1 X117.754 Y150.585 E.00933
G1 X117.506 Y150.458 E.00937
G1 X117.144 Y150.207 E.01481
G1 X116.938 Y150.019 E.0094
G1 X116.619 Y149.629 E.01693
G1 X116.477 Y149.391 E.00934
G1 X116.359 Y149.138 E.00939
G1 X116.268 Y148.876 E.00932
G1 X116.206 Y148.605 E.00935
G1 X116.165 Y148.109 E.01674
G1 X116.217 Y147.607 E.01697
G1 X116.359 Y147.131 E.01672
G1 X116.477 Y146.878 E.00939
G1 X116.619 Y146.639 E.00934
G1 X116.785 Y146.417 E.00933
G1 X116.974 Y146.213 E.00935
G1 X117.182 Y146.03 E.00933
G1 X117.409 Y145.869 E.00935
G1 X117.651 Y145.732 E.00936
G1 X118.122 Y145.55 E.01696
G1 X118.393 Y145.489 E.00935
G1 X118.669 Y145.456 E.00937
G1 X119.109 Y145.463 E.01479
G1 X119.383 Y145.504 E.00934
G1 X119.652 Y145.574 E.00934
G1 X119.913 Y145.671 E.00935
G1 X120.129 Y145.776 E.0081
G1 X120.364 Y145.919 E.00925
G1 X120.582 Y146.086 E.00922
G1 X120.782 Y146.273 E.00923
G1 X120.963 Y146.481 E.00928
G1 X121.203 Y146.847 E.01471
G1 X121.324 Y147.099 E.00942
G1 X121.406 Y147.324 E.00805
G1 X121.474 Y147.583 E.009
G1 X121.518 Y147.861 E.00947
G1 X121.532 Y148.134 E.00921
G1 X121.518 Y148.408 E.00921
G1 X121.474 Y148.685 E.00946
G1 X121.403 Y148.954 E.00933
G1 X121.306 Y149.213 E.00933
G1 X121.181 Y149.462 E.00937
G1 X121.043 Y149.678 E.00862
G1 X120.89 Y149.876 E.00841
G1 X120.701 Y150.075 E.00924
G1 X120.353 Y150.356 E.01502
G1 X120.133 Y150.489 E.00867
G1 E-.3 F3600
G1 X120.148 Y149.279 F60000
G1 E.3 F2400
G1 F25953.656
G1 X119.87 Y149.531 E.0126
G1 X119.547 Y149.719 E.0126
G1 X119.193 Y149.831 E.01246
G1 X118.941 Y149.862 E.00855
G1 X118.688 Y149.858 E.00852
G1 X118.325 Y149.785 E.01245
G1 X117.982 Y149.633 E.0126
G1 X117.683 Y149.414 E.01246
G1 X117.506 Y149.227 E.00868
G1 X117.303 Y148.918 E.01244
G1 X117.172 Y148.567 E.0126
G1 X117.118 Y148.197 E.01258
G1 X117.144 Y147.823 E.01259
G1 X117.252 Y147.464 E.01261
G1 X117.431 Y147.141 E.01244
G1 X117.594 Y146.94 E.00869
G1 X117.873 Y146.703 E.01232
G1 X118.097 Y146.574 E.0087
G1 X118.444 Y146.451 E.01238
G1 X118.763 Y146.406 E.01084
G1 X119.068 Y146.417 E.01027
G1 X119.427 Y146.502 E.01241
G1 X119.663 Y146.607 E.0087
G1 X119.969 Y146.815 E.01242
G1 X120.226 Y147.086 E.01258
G1 X120.417 Y147.403 E.01245
G1 X120.508 Y147.645 E.0087
G1 X120.574 Y148.005 E.01231
G1 X120.574 Y148.263 E.00866
G1 X120.508 Y148.627 E.01246
G1 X120.362 Y148.972 E.01259
G1 X120.171 Y149.246 E.01126
G1 X120.546 Y149.524 F60000
G1 F20178.796
G1 X120.766 Y149.227 E.01599
G1 X120.949 Y148.808 E.01977
G1 X121.042 Y148.358 E.01987
G1 X121.049 Y147.987 E.01609
G1 X120.972 Y147.541 E.01954
G1 X120.831 Y147.176 E.01695
G1 X120.587 Y146.775 E.02031
G1 X120.274 Y146.449 E.01957
G1 X119.906 Y146.197 E.01926
G1 X119.555 Y146.046 E.01656
G1 X119.106 Y145.943 E.01995
G1 X118.715 Y145.932 E.01689
G1 X118.304 Y145.996 E.01801
G1 X117.877 Y146.153 E.0197
G1 X117.58 Y146.329 E.01492
G1 X117.238 Y146.626 E.01959
G1 X117.016 Y146.905 E.01546
G1 X116.803 Y147.304 E.01956
G1 X116.683 Y147.71 E.01829
G1 X116.644 Y148.186 E.02067
G1 X116.705 Y148.658 E.02059
G1 X116.867 Y149.106 E.02062
G1 X117.122 Y149.501 E.02033
G1 X117.352 Y149.755 E.01483
G1 X117.747 Y150.048 E.02127
G1 X118.161 Y150.232 E.0196
G1 X118.606 Y150.327 E.01971
G1 X118.947 Y150.337 E.01477
G1 X119.318 Y150.286 E.01618
G1 X119.765 Y150.141 E.02033
G1 X120.127 Y149.93 E.01815
G1 X120.481 Y149.611 E.02058
G1 X120.522 Y149.556 E.00299
G92 E0
G1 E-.3 F3600
G1 X120.094 Y150.518 Z42 F60000
G1 E.3 F2400
G1 F25953.656
G1 X119.869 Y150.624 E.00835
G1 X119.605 Y150.716 E.00941
G1 X119.111 Y150.812 E.01692
G1 X118.833 Y150.825 E.00939
G1 X118.554 Y150.809 E.00938
G1 X118.279 Y150.764 E.00936
G1 X118.011 Y150.691 E.00937
G1 X117.751 Y150.591 E.00936
G1 X117.502 Y150.464 E.00941
G1 X117.138 Y150.211 E.01491
G1 X116.781 Y149.857 E.01692
G1 X116.613 Y149.633 E.0094
G1 X116.47 Y149.394 E.00938
G1 X116.352 Y149.14 E.00943
G1 X116.262 Y148.877 E.00935
G1 X116.199 Y148.606 E.00939
G1 X116.165 Y148.339 E.00903
G1 X116.169 Y147.886 E.01527
G1 X116.261 Y147.392 E.0169
G1 X116.352 Y147.128 E.00938
G1 X116.47 Y146.874 E.00943
G1 X116.613 Y146.635 E.00938
G1 X116.78 Y146.412 E.00936
G1 X116.97 Y146.207 E.00938
G1 X117.179 Y146.023 E.00937
G1 X117.406 Y145.862 E.00938
G1 X117.65 Y145.725 E.00939
G1 X118.119 Y145.544 E.01692
G1 X118.391 Y145.483 E.00938
G1 X118.668 Y145.45 E.0094
G1 X119.111 Y145.456 E.01489
G1 X119.386 Y145.498 E.00938
G1 X119.656 Y145.568 E.00937
G1 X119.917 Y145.665 E.00939
G1 X120.132 Y145.77 E.00804
G1 X120.368 Y145.913 E.00928
G1 X120.586 Y146.08 E.00925
G1 X120.787 Y146.268 E.00925
G1 X120.968 Y146.477 E.00931
G1 X121.21 Y146.845 E.01482
G1 X121.332 Y147.099 E.00945
G1 X121.413 Y147.322 E.00799
G1 X121.481 Y147.581 E.00901
G1 X121.525 Y147.86 E.00951
G1 X121.539 Y148.134 E.00924
G1 X121.525 Y148.408 E.00924
G1 X121.481 Y148.688 E.00951
G1 X121.413 Y148.946 E.00898
G1 X121.317 Y149.203 E.00923
G1 X121.186 Y149.467 E.00992
G1 X121.049 Y149.682 E.00859
G1 X120.896 Y149.879 E.00838
G1 X120.707 Y150.079 E.00927
G1 X120.357 Y150.362 E.01513
G1 X120.129 Y150.5 E.00895
G1 E-.3 F3600
G1 X120.148 Y149.279 F60000
G1 E.3 F2400
G1 F25953.656
G1 X119.87 Y149.531 E.0126
G1 X119.547 Y149.719 E.0126
G1 X119.193 Y149.831 E.01246
G1 X118.941 Y149.862 E.00855
G1 X118.688 Y149.858 E.00852
G1 X118.325 Y149.785 E.01245
G1 X117.982 Y149.633 E.0126
G1 X117.683 Y149.414 E.01246
G1 X117.506 Y149.227 E.00868
G1 X117.303 Y148.918 E.01244
G1 X117.172 Y148.567 E.0126
G1 X117.118 Y148.197 E.01258
G1 X117.144 Y147.823 E.01259
G1 X117.252 Y147.464 E.01261
G1 X117.431 Y147.141 E.01244
G1 X117.594 Y146.94 E.00869
G1 X117.873 Y146.703 E.01232
G1 X118.097 Y146.574 E.0087
G1 X118.444 Y146.451 E.01238
G1 X118.761 Y146.406 E.01077
G1 X119.068 Y146.417 E.01033
G1 X119.427 Y146.502 E.01241
G1 X119.663 Y146.607 E.0087
G1 X119.969 Y146.815 E.01242
G1 X120.226 Y147.086 E.01258
G1 X120.417 Y147.403 E.01245
G1 X120.508 Y147.645 E.0087
G1 X120.574 Y148.005 E.01231
G1 X120.574 Y148.263 E.00866
G1 X120.508 Y148.627 E.01246
G1 X120.362 Y148.972 E.01259
G1 X120.171 Y149.246 E.01126
G1 X120.549 Y149.526 F60000
G1 F19896.118
G1 X120.768 Y149.229 E.01621
G1 X120.955 Y148.801 E.0205
G1 X121.045 Y148.359 E.01979
G1 X121.052 Y147.987 E.01633
G1 X120.976 Y147.541 E.01984
G1 X120.834 Y147.174 E.01724
G1 X120.59 Y146.773 E.02063
G1 X120.276 Y146.446 E.01986
G1 X119.908 Y146.194 E.01957
G1 X119.556 Y146.043 E.01683
G1 X119.105 Y145.939 E.02028
G1 X118.712 Y145.929 E.01725
G1 X118.303 Y145.993 E.01819
G1 X117.875 Y146.15 E.02
G1 X117.578 Y146.327 E.01516
G1 X117.236 Y146.624 E.01989
G1 X117.013 Y146.903 E.01567
G1 X116.799 Y147.306 E.02002
G1 X116.673 Y147.767 E.02098
G1 X116.641 Y148.185 E.01842
G1 X116.702 Y148.658 E.02091
G1 X116.864 Y149.107 E.02094
G1 X117.115 Y149.505 E.02065
G1 X117.387 Y149.788 E.01719
G1 X117.745 Y150.051 E.01951
G1 X118.16 Y150.235 E.01993
G1 X118.606 Y150.331 E.02004
G1 X118.947 Y150.341 E.01497
G1 X119.319 Y150.289 E.01646
G1 X119.766 Y150.144 E.02066
G1 X120.129 Y149.932 E.01841
G1 X120.483 Y149.614 E.02091
G1 X120.525 Y149.558 E.00306
G92 E0
G1 E-.3 F3600
G1 X120.09 Y150.527 Z42.2 F60000
G1 E.3 F2400
G1 F25953.656
G1 X119.871 Y150.63 E.00814
G1 X119.606 Y150.723 E.00944
G1 X119.113 Y150.819 E.01687
G1 X118.834 Y150.832 E.00942
G1 X118.554 Y150.816 E.00941
G1 X118.279 Y150.771 E.00939
G1 X118.009 Y150.698 E.0094
G1 X117.748 Y150.598 E.00939
G1 X117.498 Y150.47 E.00944
G1 X117.132 Y150.216 E.01501
G1 X116.925 Y150.027 E.00942
G1 X116.738 Y149.816 E.00948
G1 X116.464 Y149.398 E.01681
G1 X116.346 Y149.143 E.00946
G1 X116.255 Y148.879 E.00938
G1 X116.192 Y148.606 E.00942
G1 X116.158 Y148.34 E.00904
G1 X116.162 Y147.883 E.01539
G1 X116.255 Y147.39 E.01685
G1 X116.346 Y147.125 E.00942
G1 X116.464 Y146.87 E.00946
G1 X116.608 Y146.63 E.00941
G1 X116.776 Y146.407 E.00939
G1 X116.965 Y146.202 E.00941
G1 X117.175 Y146.017 E.0094
G1 X117.404 Y145.855 E.00941
G1 X117.648 Y145.718 E.00943
G1 X118.116 Y145.537 E.01688
G1 X118.389 Y145.476 E.00941
G1 X118.667 Y145.443 E.00942
G1 X119.113 Y145.449 E.01499
G1 X119.389 Y145.491 E.00941
G1 X119.66 Y145.561 E.0094
G1 X119.922 Y145.659 E.00942
G1 X120.136 Y145.763 E.00799
G1 X120.371 Y145.908 E.0093
G1 X120.591 Y146.075 E.00927
G1 X120.792 Y146.263 E.00928
G1 X120.974 Y146.473 E.00934
G1 X121.217 Y146.844 E.01492
G1 X121.339 Y147.098 E.00948
G1 X121.42 Y147.319 E.00792
G1 X121.49 Y147.587 E.00929
G1 X121.532 Y147.859 E.00927
G1 X121.546 Y148.134 E.00927
G1 X121.532 Y148.409 E.00926
G1 X121.488 Y148.689 E.00955
G1 X121.42 Y148.948 E.00899
G1 X121.324 Y149.206 E.00926
G1 X121.191 Y149.471 E.00998
G1 X121.055 Y149.686 E.00857
G1 X120.902 Y149.882 E.00835
G1 X120.713 Y150.084 E.0093
G1 X120.36 Y150.368 E.01523
G1 X120.126 Y150.51 E.00922
G1 E-.3 F3600
G1 X120.148 Y149.279 F60000
G1 E.3 F2400
G1 F25953.656
G1 X119.87 Y149.531 E.0126
G1 X119.547 Y149.719 E.0126
G1 X119.193 Y149.831 E.01246
G1 X118.941 Y149.862 E.00855
G1 X118.688 Y149.858 E.00852
G1 X118.325 Y149.785 E.01245
G1 X117.982 Y149.633 E.0126
G1 X117.683 Y149.414 E.01246
G1 X117.506 Y149.227 E.00868
G1 X117.303 Y148.918 E.01244
G1 X117.172 Y148.567 E.0126
G1 X117.118 Y148.197 E.01258
G1 X117.144 Y147.823 E.01259
G1 X117.252 Y147.464 E.01261
G1 X117.431 Y147.141 E.01244
G1 X117.594 Y146.94 E.00869
G1 X117.873 Y146.703 E.01232
G1 X118.097 Y146.574 E.0087
G1 X118.444 Y146.451 E.01238
G1 X118.759 Y146.406 E.0107
G1 X119.068 Y146.417 E.0104
G1 X119.427 Y146.502 E.01241
G1 X119.663 Y146.607 E.0087
G1 X119.969 Y146.815 E.01242
G1 X120.226 Y147.086 E.01258
G1 X120.417 Y147.403 E.01245
G1 X120.508 Y147.645 E.0087
G1 X120.574 Y148.005 E.01231
G1 X120.574 Y148.263 E.00866
G1 X120.508 Y148.627 E.01246
G1 X120.362 Y148.972 E.01259
G1 X120.171 Y149.246 E.01126
G1 X120.551 Y149.528 F60000
G1 F19646.623
G1 X120.771 Y149.231 E.01642
G1 X120.959 Y148.802 E.02081
G1 X121.049 Y148.359 E.02007
G1 X121.056 Y147.987 E.01656
G1 X120.979 Y147.54 E.02012
G1 X120.837 Y147.173 E.01752
G1 X120.592 Y146.77 E.02093
G1 X120.279 Y146.443 E.02013
G1 X119.91 Y146.191 E.01986
G1 X119.557 Y146.039 E.01708
G1 X119.105 Y145.936 E.02058
G1 X118.71 Y145.926 E.01759
G1 X118.301 Y145.99 E.01836
G1 X117.873 Y146.147 E.02028
G1 X117.576 Y146.324 E.01538
G1 X117.233 Y146.622 E.02017
G1 X117.01 Y146.901 E.01587
G1 X116.795 Y147.305 E.02034
G1 X116.669 Y147.767 E.02128
G1 X116.638 Y148.185 E.01866
G1 X116.698 Y148.659 E.02121
G1 X116.861 Y149.108 E.02124
G1 X117.119 Y149.518 E.02151
G1 X117.347 Y149.759 E.01476
G1 X117.743 Y150.054 E.02193
G1 X118.159 Y150.239 E.02024
G1 X118.607 Y150.335 E.02034
G1 X118.947 Y150.344 E.01514
G1 X119.32 Y150.292 E.01672
G1 X119.768 Y150.147 E.02095
G1 X120.131 Y149.935 E.01865
G1 X120.486 Y149.617 E.02121
G1 X120.528 Y149.56 E.00313
G92 E0
G1 E-.3 F3600
G1 X120.086 Y150.537 Z42.4 F60000
G1 E.3 F2400
G1 F25953.656
G1 X119.872 Y150.637 E.00793
G1 X119.606 Y150.73 E.00948
G1 X119.115 Y150.825 E.01683
G1 X118.835 Y150.839 E.00945
G1 X118.554 Y150.823 E.00945
G1 X118.278 Y150.778 E.00943
G1 X118.007 Y150.705 E.00943
G1 X117.746 Y150.604 E.00943
G1 X117.495 Y150.476 E.00948
G1 X117.126 Y150.22 E.01511
G1 X116.919 Y150.03 E.00945
G1 X116.732 Y149.818 E.00951
G1 X116.458 Y149.401 E.01677
G1 X116.339 Y149.145 E.0095
G1 X116.248 Y148.881 E.00941
G1 X116.185 Y148.607 E.00945
G1 X116.151 Y148.34 E.00905
G1 X116.155 Y147.879 E.01551
G1 X116.248 Y147.388 E.01681
G1 X116.339 Y147.123 E.00945
G1 X116.458 Y146.867 E.0095
G1 X116.602 Y146.626 E.00944
G1 X116.771 Y146.402 E.00942
G1 X116.961 Y146.196 E.00944
G1 X117.172 Y146.011 E.00944
G1 X117.401 Y145.849 E.00944
G1 X117.646 Y145.711 E.00946
G1 X118.113 Y145.531 E.01683
G1 X118.387 Y145.469 E.00944
G1 X118.666 Y145.436 E.00945
G1 X119.114 Y145.443 E.01509
G1 X119.392 Y145.485 E.00945
G1 X119.663 Y145.555 E.00943
G1 X119.927 Y145.654 E.00946
G1 X120.139 Y145.757 E.00794
G1 X120.375 Y145.902 E.00932
G1 X120.595 Y146.07 E.0093
G1 X120.797 Y146.259 E.0093
G1 X120.98 Y146.469 E.00937
G1 X121.224 Y146.842 E.01502
G1 X121.346 Y147.098 E.00951
G1 X121.426 Y147.317 E.00787
G1 X121.496 Y147.585 E.00932
G1 X121.539 Y147.858 E.00929
G1 X121.553 Y148.134 E.00929
G1 X121.539 Y148.41 E.00928
G1 X121.495 Y148.691 E.00958
G1 X121.423 Y148.962 E.00944
G1 X121.33 Y149.208 E.00884
G1 X121.197 Y149.476 E.01005
G1 X121.06 Y149.69 E.00855
G1 X120.909 Y149.886 E.00832
G1 X120.718 Y150.088 E.00934
G1 X120.364 Y150.374 E.01534
G1 X120.126 Y150.518 E.00932
G1 X120.122 Y150.52 E.00017
G1 E-.3 F3600
G1 X120.148 Y149.279 F60000
G1 E.3 F2400
G1 F25953.656
G1 X119.87 Y149.531 E.0126
G1 X119.547 Y149.719 E.0126
G1 X119.193 Y149.831 E.01246
G1 X118.941 Y149.862 E.00855
G1 X118.688 Y149.858 E.00852
G1 X118.325 Y149.785 E.01245
G1 X117.982 Y149.633 E.0126
G1 X117.683 Y149.414 E.01246
G1 X117.506 Y149.227 E.00868
G1 X117.303 Y148.918 E.01244
G1 X117.172 Y148.567 E.0126
G1 X117.118 Y148.197 E.01258
G1 X117.144 Y147.823 E.01259
G1 X117.252 Y147.464 E.01261
G1 X117.431 Y147.141 E.01244
G1 X117.594 Y146.94 E.00869
G1 X117.873 Y146.703 E.01232
G1 X118.097 Y146.574 E.0087
G1 X118.444 Y146.451 E.01237
G1 X118.757 Y146.406 E.01064
G1 X119.068 Y146.417 E.01047
G1 X119.427 Y146.502 E.01242
G1 X119.663 Y146.607 E.0087
G1 X119.969 Y146.815 E.01242
G1 X120.226 Y147.086 E.01258
G1 X120.417 Y147.403 E.01245
G1 X120.508 Y147.645 E.0087
G1 X120.574 Y148.005 E.01231
G1 X120.574 Y148.263 E.00866
G1 X120.508 Y148.627 E.01246
G1 X120.362 Y148.972 E.01259
G1 X120.171 Y149.246 E.01126
G1 X120.554 Y149.53 F60000
G1 F19401.472
G1 X120.774 Y149.233 E.01663
G1 X120.958 Y148.814 E.02059
G1 X121.052 Y148.359 E.02088
G1 X121.059 Y147.987 E.01678
G1 X120.983 Y147.54 E.02041
G1 X120.84 Y147.171 E.0178
G1 X120.595 Y146.768 E.02123
G1 X120.281 Y146.441 E.0204
G1 X119.911 Y146.188 E.02015
G1 X119.557 Y146.036 E.01733
G1 X119.105 Y145.932 E.02088
G1 X118.707 Y145.922 E.01793
G1 X118.3 Y145.986 E.01852
G1 X117.871 Y146.144 E.02056
G1 X117.573 Y146.321 E.0156
G1 X117.23 Y146.619 E.02046
G1 X117.008 Y146.898 E.01606
G1 X116.791 Y147.305 E.02075
G1 X116.666 Y147.766 E.0215
G1 X116.635 Y148.185 E.01889
G1 X116.695 Y148.659 E.02151
G1 X116.857 Y149.109 E.02154
G1 X117.115 Y149.518 E.02175
G1 X117.344 Y149.762 E.01505
G1 X117.741 Y150.057 E.02225
G1 X118.158 Y150.242 E.02054
G1 X118.607 Y150.338 E.02064
G1 X118.947 Y150.348 E.01531
G1 X119.321 Y150.296 E.01698
G1 X119.77 Y150.15 E.02125
G1 X120.133 Y149.938 E.01888
G1 X120.488 Y149.619 E.02151
G1 X120.53 Y149.562 E.0032
G92 E0
G1 E-.3 F3600
G1 X120.081 Y150.547 Z42.6 F60000
G1 E.3 F2400
G1 F25953.656
G1 X119.874 Y150.644 E.00771
G1 X119.607 Y150.738 E.00951
G1 X119.117 Y150.832 E.01678
G1 X118.836 Y150.846 E.00948
G1 X118.555 Y150.83 E.00948
G1 X118.277 Y150.785 E.00946
G1 X118.005 Y150.712 E.00946
G1 X117.743 Y150.611 E.00946
G1 X117.491 Y150.482 E.00951
G1 X117.12 Y150.224 E.0152
G1 X116.913 Y150.033 E.00948
G1 X116.725 Y149.821 E.00955
G1 X116.452 Y149.405 E.01673
G1 X116.333 Y149.148 E.00953
G1 X116.241 Y148.883 E.00943
G1 X116.178 Y148.608 E.00948
G1 X116.144 Y148.341 E.00906
G1 X116.149 Y147.876 E.01563
G1 X116.241 Y147.387 E.01677
G1 X116.333 Y147.12 E.00948
G1 X116.452 Y146.863 E.00953
G1 X116.597 Y146.622 E.00947
G1 X116.766 Y146.397 E.00945
G1 X116.957 Y146.19 E.00947
G1 X117.169 Y146.005 E.00947
G1 X117.399 Y145.842 E.00947
G1 X117.645 Y145.704 E.0095
G1 X118.11 Y145.524 E.01679
G1 X118.385 Y145.462 E.00947
G1 X118.665 Y145.429 E.00948
G1 X119.115 Y145.436 E.01516
G1 X119.445 Y145.489 E.01122
G1 X119.666 Y145.549 E.00773
G1 X119.931 Y145.648 E.00952
G1 X120.142 Y145.751 E.00789
G1 X120.379 Y145.896 E.00935
G1 X120.6 Y146.064 E.00933
G1 X120.802 Y146.254 E.00932
G1 X120.985 Y146.465 E.0094
G1 X121.232 Y146.841 E.01513
G1 X121.354 Y147.097 E.00954
G1 X121.433 Y147.315 E.00781
G1 X121.503 Y147.584 E.00934
G1 X121.545 Y147.858 E.00932
G1 X121.56 Y148.134 E.00931
G1 X121.545 Y148.41 E.00931
G1 X121.502 Y148.693 E.00962
G1 X121.429 Y148.965 E.00947
G1 X121.337 Y149.211 E.00883
G1 X121.202 Y149.48 E.01012
G1 X121.066 Y149.694 E.00854
G1 X120.915 Y149.889 E.00829
G1 X120.724 Y150.092 E.00937
G1 X120.367 Y150.38 E.01544
G1 X120.129 Y150.524 E.00935
G1 X120.118 Y150.529 E.00042
G1 E-.3 F3600
G1 X120.148 Y149.279 F60000
G1 E.3 F2400
G1 F25953.656
G1 X119.87 Y149.531 E.0126
G1 X119.547 Y149.719 E.0126
G1 X119.193 Y149.831 E.01246
G1 X118.941 Y149.862 E.00855
G1 X118.688 Y149.858 E.00852
G1 X118.325 Y149.785 E.01245
G1 X117.982 Y149.633 E.0126
G1 X117.683 Y149.414 E.01246
G1 X117.506 Y149.227 E.00868
G1 X117.303 Y148.918 E.01244
G1 X117.172 Y148.567 E.0126
G1 X117.118 Y148.197 E.01258
G1 X117.144 Y147.823 E.01259
G1 X117.252 Y147.464 E.01261
G1 X117.431 Y147.141 E.01244
G1 X117.594 Y146.94 E.00869
G1 X117.873 Y146.703 E.01232
G1 X118.097 Y146.574 E.0087
G1 X118.443 Y146.451 E.01237
G1 X118.755 Y146.407 E.01057
G1 X119.068 Y146.417 E.01054
G1 X119.427 Y146.502 E.01242
G1 X119.663 Y146.607 E.0087
G1 X119.969 Y146.815 E.01242
G1 X120.226 Y147.086 E.01258
G1 X120.417 Y147.403 E.01245
G1 X120.508 Y147.645 E.0087
G1 X120.574 Y148.005 E.01231
G1 X120.574 Y148.263 E.00866
G1 X120.508 Y148.627 E.01246
G1 X120.362 Y148.972 E.01259
G1 X120.171 Y149.246 E.01126
G1 X120.557 Y149.532 F60000
G1 F19161.056
G1 X120.777 Y149.235 E.01685
G1 X120.961 Y148.815 E.02087
G1 X121.056 Y148.36 E.02121
G1 X121.063 Y147.987 E.01701
G1 X120.986 Y147.539 E.02069
G1 X120.843 Y147.169 E.01808
G1 X120.597 Y146.765 E.02153
G1 X120.283 Y146.438 E.02066
G1 X119.913 Y146.185 E.02044
G1 X119.558 Y146.032 E.01759
G1 X119.105 Y145.929 E.02119
G1 X118.704 Y145.919 E.01828
G1 X118.299 Y145.983 E.01868
G1 X117.87 Y146.141 E.02084
G1 X117.571 Y146.319 E.01583
G1 X117.228 Y146.617 E.02074
G1 X117.005 Y146.896 E.01626
G1 X116.788 Y147.304 E.02106
G1 X116.662 Y147.766 E.02182
G1 X116.631 Y148.185 E.01913
G1 X116.691 Y148.66 E.02182
G1 X116.854 Y149.111 E.02184
G1 X117.111 Y149.519 E.02199
G1 X117.342 Y149.764 E.01534
G1 X117.74 Y150.06 E.02258
G1 X118.158 Y150.246 E.02085
G1 X118.607 Y150.342 E.02095
G1 X118.947 Y150.351 E.01548
G1 X119.322 Y150.299 E.01725
G1 X119.772 Y150.153 E.02155
G1 X120.134 Y149.941 E.01912
G1 X120.491 Y149.622 E.02181
G1 X120.533 Y149.564 E.00327
G92 E0
G1 E-.3 F3600
G1 X120.077 Y150.556 Z42.8 F60000
G1 E.3 F2400
G1 F25953.656
G1 X119.876 Y150.651 E.0075
G1 X119.608 Y150.745 E.00955
G1 X119.119 Y150.839 E.01673
G1 X118.837 Y150.853 E.00951
G1 X118.555 Y150.837 E.00951
G1 X118.276 Y150.792 E.00949
G1 X118.004 Y150.719 E.0095
G1 X117.74 Y150.617 E.00949
G1 X117.488 Y150.488 E.00955
G1 X117.114 Y150.228 E.0153
G1 X116.906 Y150.037 E.00951
G1 X116.718 Y149.824 E.00958
G1 X116.446 Y149.408 E.01669
G1 X116.326 Y149.151 E.00956
G1 X116.235 Y148.885 E.00946
G1 X116.171 Y148.609 E.00951
G1 X116.137 Y148.341 E.00908
G1 X116.142 Y147.873 E.01574
G1 X116.234 Y147.385 E.01672
G1 X116.326 Y147.118 E.00951
G1 X116.446 Y146.86 E.00957
G1 X116.591 Y146.618 E.00951
G1 X116.761 Y146.392 E.00949
G1 X116.953 Y146.185 E.0095
G1 X117.165 Y145.999 E.0095
G1 X117.396 Y145.836 E.00951
G1 X117.643 Y145.697 E.00951
G1 X118.107 Y145.518 E.01675
G1 X118.383 Y145.455 E.00952
G1 X118.664 Y145.422 E.00951
G1 X118.9 Y145.417 E.00795
G1 X119.231 Y145.443 E.01118
G1 X119.67 Y145.543 E.01514
G1 X119.936 Y145.643 E.00955
G1 X120.145 Y145.745 E.00784
G1 X120.383 Y145.89 E.00938
G1 X120.604 Y146.059 E.00935
G1 X120.807 Y146.249 E.00934
G1 X120.991 Y146.46 E.00943
G1 X121.239 Y146.839 E.01523
G1 X121.361 Y147.096 E.00957
G1 X121.44 Y147.313 E.00775
G1 X121.51 Y147.582 E.00936
G1 X121.552 Y147.857 E.00935
G1 X121.567 Y148.134 E.00934
G1 X121.552 Y148.411 E.00933
G1 X121.508 Y148.695 E.00966
G1 X121.436 Y148.968 E.0095
G1 X121.343 Y149.214 E.00883
G1 X121.208 Y149.485 E.01019
G1 X121.072 Y149.698 E.00852
G1 X120.921 Y149.892 E.00826
G1 X120.73 Y150.096 E.0094
G1 X120.37 Y150.386 E.01555
G1 X120.132 Y150.531 E.00939
G1 X120.114 Y150.539 E.00067
G1 E-.3 F3600
G1 X120.148 Y149.279 F60000
G1 E.3 F2400
G1 F25953.656
G1 X119.87 Y149.531 E.0126
G1 X119.547 Y149.719 E.0126
G1 X119.193 Y149.831 E.01246
G1 X118.941 Y149.862 E.00855
G1 X118.688 Y149.858 E.00852
G1 X118.325 Y149.785 E.01245
G1 X117.982 Y149.633 E.0126
G1 X117.683 Y149.414 E.01246
G1 X117.506 Y149.227 E.00868
G1 X117.303 Y148.918 E.01244
G1 X117.172 Y148.567 E.0126
G1 X117.118 Y148.197 E.01258
G1 X117.144 Y147.823 E.01259
G1 X117.252 Y147.464 E.01261
G1 X117.431 Y147.141 E.01244
G1 X117.594 Y146.94 E.00869
G1 X117.873 Y146.703 E.01232
G1 X118.097 Y146.574 E.0087
G1 X118.443 Y146.451 E.01237
G1 X118.752 Y146.407 E.0105
G1 X119.068 Y146.417 E.01061
G1 X119.427 Y146.502 E.01242
G1 X119.663 Y146.607 E.0087
G1 X119.969 Y146.815 E.01242
G1 X120.226 Y147.086 E.01258
G1 X120.417 Y147.403 E.01245
G1 X120.508 Y147.645 E.0087
G1 X120.574 Y148.005 E.01231
G1 X120.574 Y148.263 E.00866
G1 X120.508 Y148.627 E.01246
G1 X120.362 Y148.972 E.01259
G1 X120.171 Y149.246 E.01126
G1 X120.56 Y149.534 F60000
G1 F18930.627
G1 X120.78 Y149.237 E.01706
G1 X120.964 Y148.817 E.02114
G1 X121.059 Y148.36 E.02153
G1 X121.066 Y147.987 E.01723
G1 X120.99 Y147.538 E.02097
G1 X120.846 Y147.167 E.01836
G1 X120.6 Y146.763 E.02183
G1 X120.285 Y146.436 E.02093
G1 X119.914 Y146.182 E.02073
G1 X119.518 Y146.015 E.01986
G1 X119.161 Y145.932 E.01688
G1 X118.701 Y145.915 E.02124
G1 X118.298 Y145.98 E.01883
G1 X117.868 Y146.138 E.02112
G1 X117.569 Y146.316 E.01605
G1 X117.225 Y146.615 E.02102
G1 X117.002 Y146.894 E.01645
G1 X116.785 Y147.302 E.02131
G1 X116.659 Y147.766 E.02219
G1 X116.628 Y148.185 E.01936
G1 X116.688 Y148.66 E.02211
G1 X116.851 Y149.112 E.02215
G1 X117.108 Y149.52 E.02222
G1 X117.339 Y149.767 E.01563
G1 X117.738 Y150.063 E.0229
G1 X118.157 Y150.249 E.02116
G1 X118.608 Y150.345 E.02126
G1 X118.947 Y150.355 E.01565
G1 X119.323 Y150.302 E.01751
G1 X119.773 Y150.156 E.02185
G1 X120.136 Y149.944 E.01935
G1 X120.493 Y149.624 E.02211
G1 X120.536 Y149.566 E.00334
G92 E0
G1 E-.3 F3600
G1 X120.073 Y150.566 Z43 F60000
G1 E.3 F2400
G1 F25953.656
G1 X119.877 Y150.658 E.00728
G1 X119.608 Y150.752 E.00958
G1 X119.121 Y150.846 E.01669
G1 X118.838 Y150.86 E.00955
G1 X118.555 Y150.844 E.00954
G1 X118.275 Y150.799 E.00952
G1 X118.002 Y150.725 E.00953
G1 X117.738 Y150.624 E.00952
G1 X117.484 Y150.494 E.00958
G1 X117.109 Y150.232 E.0154
G1 X116.9 Y150.04 E.00954
G1 X116.711 Y149.826 E.00961
G1 X116.44 Y149.412 E.01665
G1 X116.32 Y149.153 E.0096
G1 X116.228 Y148.886 E.00949
G1 X116.164 Y148.61 E.00955
G1 X116.13 Y148.342 E.00909
G1 X116.135 Y147.87 E.01587
G1 X116.227 Y147.383 E.01668
G1 X116.32 Y147.115 E.00954
G1 X116.44 Y146.856 E.0096
G1 X116.586 Y146.613 E.00954
G1 X116.756 Y146.387 E.00952
G1 X116.949 Y146.179 E.00953
G1 X117.162 Y145.992 E.00954
G1 X117.393 Y145.829 E.00954
G1 X117.641 Y145.69 E.00955
G1 X118.104 Y145.512 E.0167
G1 X118.381 Y145.449 E.00955
G1 X118.663 Y145.415 E.00954
G1 X118.905 Y145.41 E.00814
G1 X119.232 Y145.436 E.01106
G1 X119.674 Y145.537 E.01525
G1 X119.941 Y145.637 E.00958
G1 X120.149 Y145.739 E.00779
G1 X120.387 Y145.885 E.0094
G1 X120.609 Y146.054 E.00938
G1 X120.812 Y146.244 E.00937
G1 X120.996 Y146.456 E.00946
G1 X121.246 Y146.838 E.01534
G1 X121.368 Y147.096 E.00961
G1 X121.446 Y147.311 E.00769
G1 X121.517 Y147.581 E.00939
G1 X121.559 Y147.856 E.00937
G1 X121.574 Y148.134 E.00936
G1 X121.559 Y148.412 E.00936
G1 X121.515 Y148.697 E.0097
G1 X121.442 Y148.971 E.00954
G1 X121.35 Y149.217 E.00883
G1 X121.213 Y149.489 E.01026
G1 X121.077 Y149.702 E.0085
G1 X120.928 Y149.896 E.00823
G1 X120.736 Y150.1 E.00943
G1 X120.374 Y150.393 E.01565
G1 X120.134 Y150.537 E.00942
G1 X120.109 Y150.549 E.00092
G1 E-.3 F3600
G1 X120.148 Y149.279 F60000
G1 E.3 F2400
G1 F25953.656
G1 X119.87 Y149.531 E.0126
G1 X119.547 Y149.719 E.0126
G1 X119.193 Y149.831 E.01246
G1 X118.941 Y149.862 E.00855
G1 X118.688 Y149.858 E.00852
G1 X118.325 Y149.785 E.01245
G1 X117.982 Y149.633 E.0126
G1 X117.683 Y149.414 E.01246
G1 X117.506 Y149.227 E.00868
G1 X117.303 Y148.918 E.01244
G1 X117.172 Y148.567 E.0126
G1 X117.118 Y148.197 E.01258
G1 X117.144 Y147.823 E.01259
G1 X117.252 Y147.464 E.01261
G1 X117.431 Y147.141 E.01244
G1 X117.594 Y146.94 E.00869
G1 X117.873 Y146.703 E.01232
G1 X118.097 Y146.574 E.0087
G1 X118.443 Y146.451 E.01237
G1 X118.75 Y146.407 E.01043
G1 X119.067 Y146.417 E.01068
G1 X119.427 Y146.502 E.01242
G1 X119.663 Y146.607 E.0087
G1 X119.969 Y146.815 E.01243
G1 X120.226 Y147.086 E.01258
G1 X120.417 Y147.403 E.01245
G1 X120.508 Y147.645 E.0087
G1 X120.574 Y148.005 E.01231
G1 X120.574 Y148.263 E.00866
G1 X120.508 Y148.627 E.01246
G1 X120.362 Y148.972 E.01259
G1 X120.171 Y149.246 E.01126
G1 X120.563 Y149.536 F60000
G1 F18702.279
G1 X120.783 Y149.239 E.01727
G1 X120.967 Y148.819 E.02142
G1 X121.063 Y148.36 E.02185
G1 X121.07 Y147.987 E.01746
G1 X120.993 Y147.538 E.02126
G1 X120.849 Y147.165 E.01864
G1 X120.602 Y146.761 E.02213
G1 X120.288 Y146.433 E.0212
G1 X119.916 Y146.179 E.02103
G1 X119.52 Y146.012 E.02004
G1 X119.161 Y145.928 E.0172
G1 X118.698 Y145.912 E.02166
G1 X118.296 Y145.977 E.01899
G1 X117.866 Y146.135 E.0214
G1 X117.567 Y146.313 E.01627
G1 X117.222 Y146.613 E.02131
G1 X117 Y146.891 E.01665
G1 X116.781 Y147.302 E.02169
G1 X116.655 Y147.766 E.02245
G1 X116.624 Y148.184 E.0196
G1 X116.685 Y148.661 E.02242
G1 X116.848 Y149.113 E.02245
G1 X117.104 Y149.52 E.02245
G1 X117.337 Y149.769 E.01591
G1 X117.736 Y150.066 E.02322
G1 X118.156 Y150.253 E.02147
G1 X118.608 Y150.349 E.02157
G1 X118.947 Y150.358 E.01582
G1 X119.324 Y150.306 E.01778
G1 X119.775 Y150.159 E.02215
G1 X120.138 Y149.947 E.01959
G1 X120.495 Y149.627 E.02241
G1 X120.539 Y149.568 E.00341
G92 E0
G1 E-.3 F3600
G1 X120.061 Y150.582 Z43.2 F60000
G1 E.3 F2400
G1 F25953.656
G1 X120.041 Y150.593 E.00077
G1 X119.812 Y150.691 E.00837
G1 X119.334 Y150.823 E.0167
G1 X119.052 Y150.859 E.00954
G1 X118.772 Y150.865 E.00943
G1 X118.27 Y150.805 E.01701
G1 X118 Y150.732 E.00941
G1 X117.735 Y150.63 E.00955
G1 X117.482 Y150.501 E.00957
G1 X117.243 Y150.346 E.00957
G1 X116.871 Y150.021 E.01661
G1 X116.684 Y149.804 E.00964
G1 X116.523 Y149.57 E.00955
G1 X116.386 Y149.32 E.00958
G1 X116.287 Y149.089 E.00845
G1 X116.157 Y148.611 E.01668
G1 X116.123 Y148.344 E.00905
G1 X116.117 Y148.049 E.00991
G1 X116.179 Y147.548 E.01698
G1 X116.253 Y147.279 E.00941
G1 X116.355 Y147.014 E.00957
G1 X116.486 Y146.76 E.00958
G1 X116.639 Y146.525 E.00943
G1 X116.947 Y146.171 E.0158
G1 X117.158 Y145.986 E.00945
G1 X117.391 Y145.822 E.00957
G1 X117.639 Y145.683 E.00958
G1 X117.859 Y145.587 E.00806
G1 X118.101 Y145.505 E.00862
G1 X118.379 Y145.442 E.00959
G1 X118.662 Y145.408 E.00957
G1 X118.909 Y145.403 E.00832
G1 X119.233 Y145.429 E.01094
G1 X119.678 Y145.531 E.01535
G1 X119.946 Y145.631 E.00962
G1 X120.391 Y145.879 E.01715
G1 X120.613 Y146.048 E.0094
G1 X120.817 Y146.239 E.00939
G1 X121.001 Y146.451 E.00945
G1 X121.164 Y146.684 E.00957
G1 X121.388 Y147.127 E.01669
G1 X121.479 Y147.398 E.00961
G1 X121.542 Y147.675 E.00955
G1 X121.575 Y147.957 E.00957
G1 X121.58 Y148.205 E.00834
G1 X121.522 Y148.699 E.01672
G1 X121.449 Y148.973 E.00955
G1 X121.348 Y149.239 E.00956
G1 X121.219 Y149.493 E.0096
G1 X121.083 Y149.706 E.0085
G1 X120.934 Y149.899 E.0082
G1 X120.739 Y150.107 E.00959
G1 X120.524 Y150.293 E.00958
G1 X120.29 Y150.455 E.00955
G1 X120.096 Y150.562 E.00747
G1 E-.3 F3600
G1 X120.148 Y149.279 F60000
G1 E.3 F2400
G1 F25953.656
G1 X119.87 Y149.531 E.0126
G1 X119.547 Y149.719 E.0126
G1 X119.193 Y149.831 E.01246
G1 X118.941 Y149.862 E.00855
G1 X118.688 Y149.858 E.00852
G1 X118.325 Y149.785 E.01245
G1 X117.982 Y149.633 E.0126
G1 X117.683 Y149.414 E.01246
G1 X117.506 Y149.227 E.00868
G1 X117.303 Y148.918 E.01244
G1 X117.172 Y148.567 E.0126
G1 X117.118 Y148.197 E.01258
G1 X117.144 Y147.823 E.01259
G1 X117.252 Y147.464 E.0126
G1 X117.431 Y147.141 E.01244
G1 X117.594 Y146.94 E.00869
G1 X117.873 Y146.703 E.01232
G1 X118.097 Y146.574 E.0087
G1 X118.443 Y146.451 E.01236
G1 X118.748 Y146.407 E.01036
G1 X119.067 Y146.417 E.01074
G1 X119.427 Y146.502 E.01243
G1 X119.663 Y146.607 E.0087
G1 X119.969 Y146.815 E.01242
G1 X120.226 Y147.086 E.01258
G1 X120.417 Y147.403 E.01245
G1 X120.508 Y147.645 E.0087
G1 X120.574 Y148.005 E.01231
G1 X120.574 Y148.263 E.00866
G1 X120.508 Y148.627 E.01246
G1 X120.362 Y148.972 E.01259
G1 X120.171 Y149.246 E.01126
G1 X120.541 Y149.564 F60000
G1 F18524.433
G1 X120.673 Y149.409 E.00961
G1 X120.785 Y149.241 E.00953
G1 X120.885 Y149.034 E.0108
G1 X120.995 Y148.739 E.01485
G1 X121.076 Y148.194 E.02597
G1 X121.042 Y147.753 E.02084
G1 X120.997 Y147.533 E.01059
G1 X120.922 Y147.317 E.01079
G1 X120.732 Y146.948 E.01953
G1 X120.606 Y146.76 E.01068
G1 X120.452 Y146.59 E.01078
G1 X120.29 Y146.43 E.01074
G1 X120.11 Y146.3 E.01045
G1 X119.739 Y146.091 E.02012
G1 X119.529 Y146.011 E.01058
G1 X119.162 Y145.925 E.01777
G1 X118.902 Y145.908 E.01227
G1 X118.459 Y145.94 E.02094
G1 X118.295 Y145.973 E.00788
G1 X118.048 Y146.056 E.01225
G1 X117.608 Y146.28 E.02331
G1 X117.257 Y146.573 E.02156
G1 X117.002 Y146.883 E.01887
G1 X116.78 Y147.3 E.02229
G1 X116.661 Y147.703 E.0198
G1 X116.619 Y148.184 E.02275
G1 X116.654 Y148.516 E.01575
G1 X116.761 Y148.91 E.01924
G1 X116.957 Y149.31 E.02098
G1 X117.097 Y149.517 E.01178
G1 X117.233 Y149.67 E.00963
G1 X117.545 Y149.939 E.01944
G1 X117.732 Y150.068 E.0107
G1 X117.941 Y150.168 E.01093
G1 X118.156 Y150.256 E.01092
G1 X118.367 Y150.308 E.01025
G1 X118.796 Y150.362 E.02041
G1 X119.239 Y150.33 E.02093
G1 X119.719 Y150.188 E.0236
G1 X120.14 Y149.952 E.02275
G1 X120.384 Y149.746 E.01502
G1 X120.515 Y149.594 E.00946
G92 E0
G1 E-.3 F3600
G1 X120.057 Y150.592 Z43.4 F60000
G1 E.3 F2400
G1 F25953.656
G1 X120.045 Y150.599 E.00045
G1 X119.813 Y150.698 E.00848
G1 X119.508 Y150.793 E.01075
G1 X119.304 Y150.835 E.007
G1 X119.052 Y150.866 E.00856
G1 X118.77 Y150.872 E.00948
G1 X118.269 Y150.812 E.01696
G1 X117.998 Y150.739 E.00944
G1 X117.732 Y150.637 E.00959
G1 X117.478 Y150.507 E.00961
G1 X117.239 Y150.351 E.0096
G1 X116.868 Y150.027 E.01657
G1 X116.68 Y149.809 E.00967
G1 X116.518 Y149.575 E.00959
G1 X116.381 Y149.325 E.00961
G1 X116.282 Y149.094 E.00843
G1 X116.149 Y148.607 E.01698
G1 X116.116 Y148.344 E.00891
G1 X116.11 Y148.048 E.00996
G1 X116.172 Y147.549 E.01694
G1 X116.245 Y147.278 E.00945
G1 X116.349 Y147.012 E.0096
G1 X116.479 Y146.758 E.00961
G1 X116.633 Y146.522 E.00947
G1 X116.943 Y146.165 E.0159
G1 X117.155 Y145.98 E.00948
G1 X117.388 Y145.816 E.0096
G1 X117.638 Y145.676 E.00961
G1 X117.856 Y145.58 E.00803
G1 X118.099 Y145.499 E.00861
G1 X118.377 Y145.435 E.00962
G1 X118.661 Y145.401 E.00959
G1 X118.913 Y145.396 E.00851
G1 X119.234 Y145.422 E.01083
G1 X119.682 Y145.524 E.01546
G1 X119.95 Y145.626 E.00965
G1 X120.395 Y145.873 E.01712
G1 X120.618 Y146.043 E.00942
G1 X120.822 Y146.234 E.00941
G1 X121.007 Y146.447 E.00947
G1 X121.17 Y146.681 E.0096
G1 X121.309 Y146.93 E.00958
G1 X121.419 Y147.188 E.00945
G1 X121.549 Y147.676 E.01699
G1 X121.581 Y147.955 E.00945
G1 X121.586 Y148.203 E.00833
G1 X121.527 Y148.705 E.01702
G1 X121.455 Y148.976 E.00944
G1 X121.354 Y149.242 E.00959
G1 X121.224 Y149.498 E.00963
G1 X121.089 Y149.71 E.00848
G1 X120.94 Y149.902 E.00817
G1 X120.745 Y150.111 E.00962
G1 X120.529 Y150.298 E.00961
G1 X120.295 Y150.461 E.00959
G1 X120.092 Y150.573 E.00781
G1 E-.3 F3600
G1 X120.148 Y149.279 F60000
G1 E.3 F2400
G1 F25953.656
G1 X119.87 Y149.531 E.0126
G1 X119.547 Y149.719 E.0126
G1 X119.193 Y149.831 E.01246
G1 X118.941 Y149.862 E.00855
G1 X118.688 Y149.858 E.00852
G1 X118.325 Y149.785 E.01245
G1 X117.982 Y149.633 E.0126
G1 X117.683 Y149.414 E.01246
G1 X117.506 Y149.227 E.00868
G1 X117.303 Y148.918 E.01244
G1 X117.172 Y148.567 E.0126
G1 X117.118 Y148.197 E.01258
G1 X117.144 Y147.823 E.01259
G1 X117.252 Y147.464 E.01261
G1 X117.431 Y147.141 E.01244
G1 X117.594 Y146.94 E.00869
G1 X117.873 Y146.703 E.01232
G1 X118.097 Y146.574 E.0087
G1 X118.443 Y146.451 E.01236
G1 X118.746 Y146.407 E.01029
G1 X119.067 Y146.417 E.01081
G1 X119.427 Y146.502 E.01243
G1 X119.663 Y146.607 E.0087
G1 X119.969 Y146.815 E.01242
G1 X120.226 Y147.086 E.01258
G1 X120.417 Y147.403 E.01245
G1 X120.508 Y147.645 E.0087
G1 X120.574 Y148.005 E.01231
G1 X120.574 Y148.263 E.00866
G1 X120.508 Y148.627 E.01246
G1 X120.362 Y148.972 E.01259
G1 X120.171 Y149.246 E.01126
G1 X120.543 Y149.566 F60000
G1 F18305.769
G1 X120.676 Y149.411 E.00974
G1 X120.788 Y149.243 E.00964
G1 X120.888 Y149.036 E.01092
G1 X120.998 Y148.74 E.0151
G1 X121.079 Y148.186 E.0267
G1 X121.047 Y147.765 E.02014
G1 X120.982 Y147.486 E.01364
G1 X120.88 Y147.207 E.01414
G1 X120.609 Y146.757 E.02506
G1 X120.318 Y146.452 E.02011
G1 X119.928 Y146.184 E.02258
G1 X119.562 Y146.017 E.01919
G1 X119.162 Y145.921 E.01961
G1 X118.743 Y145.903 E.01998
G1 X118.294 Y145.97 E.02169
G1 X117.912 Y146.11 E.01941
G1 X117.606 Y146.277 E.01659
G1 X117.255 Y146.571 E.02185
G1 X116.999 Y146.881 E.01916
G1 X116.776 Y147.299 E.02259
G1 X116.658 Y147.702 E.02004
G1 X116.615 Y148.184 E.02306
G1 X116.649 Y148.508 E.01556
G1 X116.761 Y148.919 E.02032
G1 X116.955 Y149.313 E.02093
G1 X117.094 Y149.519 E.01185
G1 X117.231 Y149.674 E.00987
G1 X117.543 Y149.942 E.0196
G1 X117.73 Y150.071 E.01085
G1 X117.94 Y150.171 E.01109
G1 X118.155 Y150.26 E.01108
G1 X118.367 Y150.312 E.01041
G1 X118.788 Y150.365 E.02024
G1 X119.221 Y150.336 E.02072
G1 X119.72 Y150.191 E.02479
G1 X120.142 Y149.955 E.02305
G1 X120.387 Y149.748 E.01529
G1 X120.517 Y149.596 E.00955
G92 E0
G1 E-.3 F3600
G1 X120.052 Y150.603 Z43.6 F60000
G1 E.3 F2400
G1 F25953.656
G1 X120.049 Y150.604 E.00012
G1 X119.789 Y150.714 E.00948
G1 X119.302 Y150.843 E.01694
G1 X119.05 Y150.873 E.00854
G1 X118.768 Y150.879 E.00951
G1 X118.269 Y150.819 E.01692
G1 X117.997 Y150.746 E.00947
G1 X117.73 Y150.643 E.00962
G1 X117.475 Y150.513 E.00964
G1 X117.238 Y150.359 E.00949
G1 X116.86 Y150.029 E.01688
G1 X116.676 Y149.815 E.0095
G1 X116.513 Y149.58 E.00962
G1 X116.375 Y149.329 E.00963
G1 X116.274 Y149.094 E.0086
G1 X116.143 Y148.608 E.01693
G1 X116.109 Y148.345 E.00893
G1 X116.103 Y148.047 E.01001
G1 X116.164 Y147.549 E.01689
G1 X116.238 Y147.277 E.00948
G1 X116.342 Y147.01 E.00963
G1 X116.472 Y146.755 E.00964
G1 X116.627 Y146.519 E.0095
G1 X116.939 Y146.16 E.016
G1 X117.152 Y145.974 E.00951
G1 X117.386 Y145.809 E.00963
G1 X117.636 Y145.669 E.00965
G1 X117.853 Y145.574 E.00799
G1 X118.096 Y145.492 E.0086
G1 X118.375 Y145.428 E.00965
G1 X118.66 Y145.394 E.00962
G1 X118.918 Y145.389 E.00869
G1 X119.235 Y145.415 E.01071
G1 X119.686 Y145.518 E.01556
G1 X119.955 Y145.62 E.00968
G1 X120.399 Y145.867 E.0171
G1 X120.622 Y146.038 E.00945
G1 X120.827 Y146.229 E.00944
G1 X121.012 Y146.443 E.0095
G1 X121.176 Y146.677 E.00963
G1 X121.315 Y146.927 E.00961
G1 X121.428 Y147.19 E.00963
G1 X121.512 Y147.464 E.00963
G1 X121.562 Y147.715 E.00862
G1 X121.588 Y147.951 E.008
G1 X121.593 Y148.235 E.00954
G1 X121.534 Y148.706 E.01598
G1 X121.461 Y148.979 E.00949
G1 X121.36 Y149.246 E.00962
G1 X121.23 Y149.502 E.00966
G1 X121.095 Y149.713 E.00841
G1 X120.894 Y149.966 E.01088
G1 X120.727 Y150.137 E.00803
G1 X120.534 Y150.302 E.00856
G1 X120.299 Y150.466 E.00964
G1 X120.087 Y150.583 E.00816
G1 E-.3 F3600
G1 X120.148 Y149.279 F60000
G1 E.3 F2400
G1 F25953.656
G1 X119.87 Y149.531 E.0126
G1 X119.547 Y149.719 E.0126
G1 X119.193 Y149.831 E.01246
G1 X118.941 Y149.862 E.00855
G1 X118.688 Y149.858 E.00852
G1 X118.325 Y149.785 E.01245
G1 X117.982 Y149.633 E.0126
G1 X117.683 Y149.414 E.01246
G1 X117.506 Y149.227 E.00868
G1 X117.303 Y148.918 E.01244
G1 X117.172 Y148.567 E.0126
G1 X117.118 Y148.197 E.01258
G1 X117.144 Y147.823 E.01259
G1 X117.252 Y147.464 E.01261
G1 X117.431 Y147.141 E.01244
G1 X117.594 Y146.94 E.00869
G1 X117.873 Y146.703 E.01232
G1 X118.097 Y146.574 E.0087
G1 X118.443 Y146.451 E.01236
G1 X118.744 Y146.407 E.01023
G1 X119.067 Y146.417 E.01088
G1 X119.427 Y146.502 E.01243
G1 X119.663 Y146.607 E.0087
G1 X119.969 Y146.815 E.01242
G1 X120.226 Y147.086 E.01258
G1 X120.417 Y147.403 E.01245
G1 X120.508 Y147.645 E.0087
G1 X120.574 Y148.005 E.01231
G1 X120.574 Y148.263 E.00866
G1 X120.508 Y148.627 E.01246
G1 X120.362 Y148.972 E.01259
G1 X120.171 Y149.246 E.01126
G1 X120.573 Y149.552 F60000
G1 F18076.034
G1 X120.678 Y149.415 E.00832
G1 X120.791 Y149.245 E.0099
G1 X120.89 Y149.038 E.01106
G1 X121.001 Y148.74 E.01537
G1 X121.083 Y148.214 E.02572
G1 X121.054 Y147.786 E.02071
G1 X121.004 Y147.536 E.01234
G1 X120.948 Y147.366 E.00865
G1 X120.862 Y147.158 E.01087
G1 X120.741 Y146.949 E.01163
G1 X120.612 Y146.755 E.01126
G1 X120.457 Y146.585 E.01109
G1 X120.295 Y146.425 E.01103
G1 X120.114 Y146.295 E.01075
G1 X119.744 Y146.086 E.02052
G1 X119.534 Y146.005 E.01087
G1 X119.162 Y145.918 E.01847
G1 X118.902 Y145.9 E.01258
G1 X118.695 Y145.901 E.01
G1 X118.463 Y145.932 E.01132
G1 X118.292 Y145.967 E.00841
G1 X118.046 Y146.049 E.01254
G1 X117.604 Y146.274 E.02394
G1 X117.252 Y146.568 E.02216
G1 X116.996 Y146.879 E.01946
G1 X116.773 Y147.298 E.02292
G1 X116.654 Y147.701 E.02029
G1 X116.612 Y148.183 E.02339
G1 X116.678 Y148.662 E.02332
G1 X116.832 Y149.107 E.02275
G1 X117.078 Y149.503 E.02255
G1 X117.222 Y149.669 E.0106
G1 X117.547 Y149.95 E.02074
G1 X117.729 Y150.074 E.0106
G1 X117.939 Y150.174 E.01126
G1 X118.154 Y150.263 E.01125
G1 X118.367 Y150.315 E.01057
G1 X118.786 Y150.369 E.02042
G1 X119.214 Y150.34 E.02074
G1 X119.721 Y150.194 E.02548
G1 X120.144 Y149.958 E.02338
G1 X120.377 Y149.763 E.01469
G1 X120.514 Y149.631 E.00918
G1 X120.549 Y149.584 E.00282
G92 E0
G1 E-.3 F3600
G1 X120.052 Y150.61 Z43.8 F60000
G1 E.3 F2400
G1 F25953.656
G1 X119.792 Y150.721 E.00951
G1 X119.307 Y150.849 E.01689
G1 X119.049 Y150.88 E.00872
G1 X118.766 Y150.886 E.00954
G1 X118.268 Y150.826 E.01687
G1 X117.995 Y150.752 E.00951
G1 X117.727 Y150.65 E.00965
G1 X117.471 Y150.519 E.00967
G1 X117.234 Y150.365 E.00952
G1 X116.857 Y150.036 E.01684
G1 X116.671 Y149.821 E.00954
G1 X116.508 Y149.586 E.00965
G1 X116.369 Y149.334 E.00966
G1 X116.267 Y149.094 E.00878
G1 X116.136 Y148.609 E.01689
G1 X116.102 Y148.345 E.00894
G1 X116.096 Y148.046 E.01007
G1 X116.157 Y147.549 E.01685
G1 X116.231 Y147.276 E.00951
G1 X116.335 Y147.008 E.00966
G1 X116.466 Y146.752 E.00967
G1 X116.62 Y146.515 E.00953
G1 X116.934 Y146.154 E.0161
G1 X117.148 Y145.967 E.00954
G1 X117.383 Y145.802 E.00966
G1 X117.634 Y145.662 E.00968
G1 X117.851 Y145.567 E.00796
G1 X118.093 Y145.486 E.00859
G1 X118.374 Y145.422 E.00968
G1 X118.658 Y145.387 E.00965
G1 X118.922 Y145.382 E.00888
G1 X119.236 Y145.408 E.01059
G1 X119.69 Y145.512 E.01566
G1 X119.96 Y145.615 E.00971
G1 X120.403 Y145.862 E.01707
G1 X120.627 Y146.032 E.00948
G1 X120.832 Y146.225 E.00946
G1 X121.018 Y146.438 E.00953
G1 X121.182 Y146.674 E.00966
G1 X121.322 Y146.924 E.00965
G1 X121.434 Y147.189 E.00966
G1 X121.519 Y147.463 E.00966
G1 X121.569 Y147.714 E.0086
G1 X121.595 Y147.949 E.00796
G1 X121.6 Y148.234 E.00957
G1 X121.541 Y148.708 E.01608
G1 X121.468 Y148.982 E.00952
G1 X121.366 Y149.25 E.00965
G1 X121.236 Y149.506 E.00967
G1 X121.08 Y149.747 E.00966
G1 X120.9 Y149.971 E.00966
G1 X120.701 Y150.171 E.00949
G1 X120.3 Y150.474 E.0169
G1 X120.087 Y150.591 E.00816
G1 E-.3 F3600
G1 X120.148 Y149.279 F60000
G1 E.3 F2400
G1 F25953.656
G1 X119.87 Y149.531 E.0126
G1 X119.547 Y149.719 E.0126
G1 X119.193 Y149.831 E.01246
G1 X118.941 Y149.862 E.00855
G1 X118.688 Y149.858 E.00852
G1 X118.325 Y149.785 E.01245
G1 X117.982 Y149.633 E.0126
G1 X117.683 Y149.414 E.01246
G1 X117.506 Y149.227 E.00868
G1 X117.303 Y148.918 E.01244
G1 X117.172 Y148.567 E.0126
G1 X117.118 Y148.197 E.01258
G1 X117.144 Y147.823 E.01259
G1 X117.252 Y147.464 E.0126
G1 X117.431 Y147.141 E.01244
G1 X117.594 Y146.94 E.00869
G1 X117.873 Y146.703 E.01232
G1 X118.097 Y146.574 E.0087
G1 X118.443 Y146.451 E.01236
G1 X118.742 Y146.407 E.01016
G1 X119.067 Y146.417 E.01095
G1 X119.427 Y146.502 E.01243
G1 X119.663 Y146.607 E.0087
G1 X119.969 Y146.815 E.01242
G1 X120.226 Y147.086 E.01258
G1 X120.417 Y147.403 E.01245
G1 X120.508 Y147.645 E.0087
G1 X120.574 Y148.005 E.01231
G1 X120.574 Y148.263 E.00866
G1 X120.508 Y148.627 E.01246
G1 X120.362 Y148.972 E.01259
G1 X120.171 Y149.246 E.01126
G1 X120.576 Y149.556 F60000
G1 F17865.91
G1 X120.661 Y149.445 E.00687
G1 X120.794 Y149.247 E.01166
G1 X120.893 Y149.04 E.01119
G1 X121.005 Y148.741 E.01562
G1 X121.086 Y148.213 E.02611
G1 X121.058 Y147.785 E.02092
G1 X121.007 Y147.535 E.01248
G1 X120.951 Y147.365 E.00875
G1 X120.865 Y147.156 E.01106
G1 X120.745 Y146.947 E.01176
G1 X120.615 Y146.753 E.01142
G1 X120.46 Y146.583 E.01124
G1 X120.297 Y146.422 E.01118
G1 X120.116 Y146.292 E.0109
G1 X119.747 Y146.083 E.02071
G1 X119.537 Y146.002 E.01102
G1 X119.162 Y145.914 E.01881
G1 X118.906 Y145.897 E.01254
G1 X118.694 Y145.898 E.01035
G1 X118.462 Y145.929 E.01146
G1 X118.291 Y145.964 E.00852
G1 X118.045 Y146.046 E.01269
G1 X117.603 Y146.271 E.02425
G1 X117.25 Y146.566 E.02245
G1 X116.993 Y146.878 E.01975
G1 X116.77 Y147.297 E.02322
G1 X116.651 Y147.7 E.02053
G1 X116.608 Y148.183 E.02371
G1 X116.674 Y148.662 E.02364
G1 X116.83 Y149.11 E.02314
G1 X117.077 Y149.507 E.02286
G1 X117.221 Y149.673 E.01076
G1 X117.545 Y149.952 E.0209
G1 X117.727 Y150.077 E.01075
G1 X117.938 Y150.178 E.01142
G1 X118.153 Y150.266 E.0114
G1 X118.367 Y150.319 E.01073
G1 X118.791 Y150.373 E.02092
G1 X119.21 Y150.345 E.02052
G1 X119.722 Y150.197 E.02604
G1 X120.018 Y150.041 E.01638
G1 X120.361 Y149.782 E.02097
G1 X120.519 Y149.63 E.0107
G1 X120.551 Y149.588 E.0026
G92 E0
G1 E-.3 F3600
G1 X120.056 Y150.616 Z44 F60000
G1 E.3 F2400
G1 F25953.656
G1 X119.795 Y150.727 E.00955
G1 X119.311 Y150.855 E.01684
G1 X119.048 Y150.887 E.00891
G1 X118.764 Y150.893 E.00957
G1 X118.267 Y150.833 E.01683
G1 X117.993 Y150.759 E.00954
G1 X117.724 Y150.656 E.00968
G1 X117.468 Y150.525 E.0097
G1 X117.229 Y150.37 E.00955
G1 X116.853 Y150.042 E.01679
G1 X116.667 Y149.827 E.00957
G1 X116.503 Y149.591 E.00968
G1 X116.364 Y149.338 E.00969
G1 X116.259 Y149.093 E.00896
G1 X116.129 Y148.61 E.01684
G1 X116.095 Y148.346 E.00895
G1 X116.089 Y148.045 E.01012
G1 X116.15 Y147.549 E.01681
G1 X116.224 Y147.275 E.00954
G1 X116.328 Y147.007 E.00969
G1 X116.459 Y146.75 E.00971
G1 X116.614 Y146.512 E.00956
G1 X116.93 Y146.148 E.0162
G1 X117.145 Y145.961 E.00957
G1 X117.38 Y145.796 E.00969
G1 X117.633 Y145.655 E.00971
G1 X117.848 Y145.561 E.00792
G1 X118.09 Y145.479 E.00858
G1 X118.372 Y145.415 E.00971
G1 X118.657 Y145.38 E.00968
G1 X118.927 Y145.375 E.00906
G1 X119.237 Y145.401 E.01047
G1 X119.694 Y145.506 E.01577
G1 X119.964 Y145.609 E.00974
G1 X120.407 Y145.856 E.01705
G1 X120.632 Y146.027 E.0095
G1 X120.837 Y146.22 E.00948
G1 X121.023 Y146.434 E.00955
G1 X121.189 Y146.67 E.00969
G1 X121.328 Y146.922 E.00968
G1 X121.441 Y147.187 E.00969
G1 X121.526 Y147.462 E.00969
G1 X121.576 Y147.713 E.00859
G1 X121.602 Y147.947 E.00793
G1 X121.607 Y148.232 E.0096
G1 X121.548 Y148.71 E.01619
G1 X121.474 Y148.984 E.00955
G1 X121.372 Y149.253 E.00968
G1 X121.241 Y149.511 E.0097
G1 X121.085 Y149.752 E.00969
G1 X120.904 Y149.977 E.00969
G1 X120.704 Y150.178 E.00953
G1 X120.304 Y150.479 E.01685
G1 X120.091 Y150.597 E.00819
G1 E-.3 F3600
G1 X120.148 Y149.279 F60000
G1 E.3 F2400
G1 F25953.656
G1 X119.87 Y149.531 E.0126
G1 X119.547 Y149.719 E.0126
G1 X119.193 Y149.831 E.01246
G1 X118.941 Y149.862 E.00855
G1 X118.688 Y149.858 E.00852
G1 X118.325 Y149.785 E.01245
G1 X117.982 Y149.633 E.0126
G1 X117.683 Y149.414 E.01246
G1 X117.506 Y149.227 E.00868
G1 X117.303 Y148.918 E.01244
G1 X117.172 Y148.567 E.0126
G1 X117.118 Y148.197 E.01258
G1 X117.144 Y147.823 E.01259
G1 X117.252 Y147.464 E.0126
G1 X117.431 Y147.141 E.01244
G1 X117.594 Y146.94 E.00869
G1 X117.873 Y146.703 E.01232
G1 X118.097 Y146.574 E.0087
G1 X118.443 Y146.451 E.01235
G1 X118.74 Y146.407 E.01009
G1 X119.067 Y146.417 E.01102
G1 X119.427 Y146.502 E.01244
G1 X119.663 Y146.607 E.0087
G1 X119.969 Y146.815 E.01242
G1 X120.226 Y147.086 E.01258
G1 X120.417 Y147.403 E.01245
G1 X120.508 Y147.645 E.0087
G1 X120.574 Y148.005 E.01231
G1 X120.574 Y148.263 E.00866
G1 X120.508 Y148.627 E.01246
G1 X120.362 Y148.972 E.01259
G1 X120.171 Y149.246 E.01126
G1 X120.578 Y149.559 F60000
G1 F17661.513
G1 X120.663 Y149.448 E.00692
G1 X120.797 Y149.249 E.01185
G1 X120.896 Y149.042 E.01132
G1 X121.008 Y148.741 E.01588
G1 X121.09 Y148.211 E.02651
G1 X121.061 Y147.785 E.02113
G1 X121.01 Y147.535 E.01263
G1 X120.955 Y147.364 E.00884
G1 X120.868 Y147.154 E.01126
G1 X120.748 Y146.946 E.01188
G1 X120.617 Y146.751 E.01158
G1 X120.462 Y146.58 E.01139
G1 X120.299 Y146.42 E.01132
G1 X120.118 Y146.289 E.01105
G1 X119.75 Y146.081 E.0209
G1 X119.54 Y145.999 E.01116
G1 X119.162 Y145.911 E.01916
G1 X118.91 Y145.894 E.01249
G1 X118.694 Y145.894 E.01071
G1 X118.461 Y145.925 E.01161
G1 X118.29 Y145.96 E.00863
G1 X118.044 Y146.042 E.01283
G1 X117.601 Y146.268 E.02456
G1 X117.248 Y146.563 E.02274
G1 X116.99 Y146.876 E.02004
G1 X116.766 Y147.296 E.02353
G1 X116.647 Y147.699 E.02077
G1 X116.605 Y148.183 E.02402
G1 X116.671 Y148.663 E.02395
G1 X116.827 Y149.113 E.02354
G1 X117.075 Y149.51 E.02317
G1 X117.22 Y149.677 E.01091
G1 X117.543 Y149.955 E.02107
G1 X117.725 Y150.08 E.01091
G1 X117.936 Y150.181 E.01158
G1 X118.153 Y150.27 E.01156
G1 X118.366 Y150.322 E.01088
G1 X118.789 Y150.376 E.02107
G1 X119.213 Y150.348 E.02102
G1 X119.723 Y150.201 E.02623
G1 X120.021 Y150.043 E.01665
G1 X120.362 Y149.785 E.02113
G1 X120.521 Y149.634 E.01085
G1 X120.554 Y149.591 E.00269
G92 E0
G1 E-.3 F3600
G1 X120.054 Y150.625 Z44.2 F60000
G1 E.3 F2400
G1 F25953.656
G1 X119.797 Y150.734 E.00939
G1 X119.315 Y150.862 E.01679
G1 X119.047 Y150.894 E.00909
G1 X118.761 Y150.9 E.0096
G1 X118.266 Y150.84 E.01678
G1 X117.992 Y150.766 E.00958
G1 X117.722 Y150.663 E.00972
G1 X117.464 Y150.531 E.00974
G1 X117.225 Y150.376 E.00958
G1 X116.85 Y150.049 E.01675
G1 X116.663 Y149.833 E.0096
G1 X116.498 Y149.596 E.00972
G1 X116.358 Y149.343 E.00972
G1 X116.252 Y149.093 E.00914
G1 X116.122 Y148.611 E.0168
G1 X116.088 Y148.347 E.00896
G1 X116.082 Y148.044 E.01018
G1 X116.143 Y147.55 E.01676
G1 X116.217 Y147.275 E.00958
G1 X116.321 Y147.005 E.00972
G1 X116.453 Y146.747 E.00974
G1 X116.608 Y146.508 E.00959
G1 X116.926 Y146.143 E.0163
G1 X117.141 Y145.955 E.00961
G1 X117.378 Y145.789 E.00972
G1 X117.631 Y145.648 E.00975
G1 X117.846 Y145.554 E.00789
G1 X118.087 Y145.473 E.00857
G1 X118.37 Y145.408 E.00974
G1 X118.656 Y145.373 E.00971
G1 X118.927 Y145.368 E.00911
G1 X119.437 Y145.43 E.01727
G1 X119.698 Y145.5 E.00909
G1 X119.969 Y145.603 E.00977
G1 X120.411 Y145.85 E.01702
G1 X120.636 Y146.022 E.00952
G1 X120.842 Y146.215 E.00951
G1 X121.029 Y146.43 E.00958
G1 X121.195 Y146.667 E.00972
G1 X121.335 Y146.919 E.00971
G1 X121.448 Y147.185 E.00973
G1 X121.533 Y147.462 E.00973
G1 X121.583 Y147.712 E.00858
G1 X121.614 Y148.231 E.0175
G1 X121.555 Y148.712 E.0163
G1 X121.481 Y148.987 E.00958
G1 X121.378 Y149.257 E.00971
G1 X121.246 Y149.515 E.00974
G1 X121.089 Y149.758 E.00972
G1 X120.908 Y149.983 E.00973
G1 X120.707 Y150.184 E.00956
G1 X120.309 Y150.485 E.0168
G1 X120.089 Y150.606 E.00842
G1 E-.3 F3600
G1 X120.148 Y149.279 F60000
G1 E.3 F2400
G1 F25953.656
G1 X119.87 Y149.531 E.0126
G1 X119.547 Y149.719 E.0126
G1 X119.193 Y149.831 E.01246
G1 X118.941 Y149.862 E.00855
G1 X118.688 Y149.858 E.00852
G1 X118.325 Y149.785 E.01245
G1 X117.982 Y149.633 E.0126
G1 X117.683 Y149.414 E.01247
G1 X117.506 Y149.227 E.00868
G1 X117.303 Y148.918 E.01244
G1 X117.172 Y148.567 E.0126
G1 X117.118 Y148.197 E.01258
G1 X117.144 Y147.823 E.01259
G1 X117.252 Y147.464 E.01261
G1 X117.431 Y147.141 E.01244
G1 X117.594 Y146.94 E.00869
G1 X117.873 Y146.703 E.01232
G1 X118.097 Y146.574 E.0087
G1 X118.443 Y146.451 E.01235
G1 X118.738 Y146.407 E.01002
G1 X119.067 Y146.417 E.01109
G1 X119.427 Y146.502 E.01244
G1 X119.663 Y146.607 E.0087
G1 X119.969 Y146.815 E.01242
G1 X120.226 Y147.086 E.01258
G1 X120.417 Y147.403 E.01245
G1 X120.508 Y147.645 E.0087
G1 X120.574 Y148.005 E.01231
G1 X120.574 Y148.263 E.00866
G1 X120.508 Y148.627 E.01246
G1 X120.362 Y148.972 E.01259
G1 X120.171 Y149.246 E.01126
G1 X120.581 Y149.561 F60000
G1 F17464.398
G1 X120.665 Y149.451 E.00696
G1 X120.8 Y149.251 E.01204
G1 X120.899 Y149.045 E.01144
G1 X121.012 Y148.742 E.01613
G1 X121.093 Y148.21 E.0269
G1 X121.065 Y147.784 E.02134
G1 X121.014 Y147.534 E.01277
G1 X120.958 Y147.364 E.00894
G1 X120.871 Y147.152 E.01145
G1 X120.751 Y146.944 E.01201
G1 X120.62 Y146.749 E.01174
G1 X120.465 Y146.578 E.01154
G1 X120.302 Y146.417 E.01146
G1 X120.12 Y146.286 E.01119
G1 X119.753 Y146.078 E.02109
G1 X119.565 Y146.003 E.01012
G1 X119.337 Y145.944 E.01179
G1 X118.901 Y145.89 E.02197
G1 X118.693 Y145.891 E.0104
G1 X118.459 Y145.922 E.01176
G1 X118.288 Y145.957 E.00873
G1 X118.042 Y146.039 E.01297
G1 X117.599 Y146.265 E.02486
G1 X117.246 Y146.56 E.02303
G1 X116.987 Y146.874 E.02033
G1 X116.763 Y147.295 E.02383
G1 X116.644 Y147.698 E.021
G1 X116.601 Y148.183 E.02433
G1 X116.667 Y148.663 E.02425
G1 X116.824 Y149.116 E.02393
G1 X117.073 Y149.514 E.02348
G1 X117.219 Y149.681 E.01107
G1 X117.541 Y149.958 E.02122
G1 X117.723 Y150.083 E.01106
G1 X117.935 Y150.184 E.01174
G1 X118.152 Y150.273 E.01172
G1 X118.366 Y150.326 E.01104
G1 X118.788 Y150.38 E.02123
G1 X119.217 Y150.351 E.02151
G1 X119.724 Y150.204 E.02641
G1 X120.024 Y150.046 E.01692
G1 X120.363 Y149.789 E.02128
G1 X120.522 Y149.637 E.011
G1 X120.556 Y149.593 E.00278
G92 E0
G1 E-.3 F3600
G1 X120.05 Y150.634 Z44.4 F60000
G1 E.3 F2400
G1 F25953.656
G1 X119.8 Y150.74 E.00915
G1 X119.319 Y150.868 E.01674
G1 X119.045 Y150.901 E.00928
G1 X118.759 Y150.907 E.00963
G1 X118.266 Y150.847 E.01673
G1 X117.99 Y150.773 E.00961
G1 X117.719 Y150.669 E.00975
G1 X117.461 Y150.537 E.00977
G1 X117.217 Y150.379 E.00976
G1 X116.992 Y150.197 E.00976
G1 X116.79 Y149.995 E.00959
G1 X116.491 Y149.597 E.01674
G1 X116.353 Y149.348 E.00961
G1 X116.241 Y149.084 E.00963
G1 X116.115 Y148.612 E.01644
G1 X116.081 Y148.347 E.00898
G1 X116.075 Y148.043 E.01023
G1 X116.135 Y147.55 E.01672
G1 X116.21 Y147.274 E.00961
G1 X116.314 Y147.003 E.00975
G1 X116.446 Y146.745 E.00977
G1 X116.602 Y146.505 E.00962
G1 X116.922 Y146.137 E.0164
G1 X117.138 Y145.949 E.00964
G1 X117.375 Y145.782 E.00975
G1 X117.629 Y145.641 E.00978
G1 X117.843 Y145.548 E.00785
G1 X118.085 Y145.466 E.00857
G1 X118.368 Y145.401 E.00978
G1 X118.655 Y145.366 E.00974
G1 X118.932 Y145.361 E.0093
G1 X119.435 Y145.422 E.01707
G1 X119.701 Y145.494 E.00928
G1 X119.972 Y145.597 E.00975
G1 X120.231 Y145.729 E.00977
G1 X120.471 Y145.884 E.00961
G1 X120.85 Y146.213 E.01689
G1 X121.035 Y146.426 E.00946
G1 X121.201 Y146.663 E.00975
G1 X121.341 Y146.917 E.00975
G1 X121.455 Y147.183 E.00976
G1 X121.54 Y147.461 E.00976
G1 X121.59 Y147.711 E.00857
G1 X121.621 Y148.23 E.01749
G1 X121.561 Y148.714 E.01641
G1 X121.487 Y148.99 E.00961
G1 X121.384 Y149.261 E.00975
G1 X121.252 Y149.519 E.00977
G1 X121.094 Y149.763 E.00976
G1 X120.912 Y149.989 E.00976
G1 X120.711 Y150.19 E.00959
G1 X120.313 Y150.49 E.01675
G1 X120.086 Y150.616 E.00873
G1 E-.3 F3600
G1 X120.148 Y149.279 F60000
G1 E.3 F2400
G1 F25953.656
G1 X119.87 Y149.531 E.0126
G1 X119.546 Y149.719 E.0126
G1 X119.193 Y149.831 E.01246
G1 X118.941 Y149.862 E.00855
G1 X118.688 Y149.858 E.00852
G1 X118.325 Y149.785 E.01245
G1 X117.982 Y149.633 E.0126
G1 X117.683 Y149.414 E.01246
G1 X117.506 Y149.227 E.00868
G1 X117.303 Y148.918 E.01244
G1 X117.172 Y148.567 E.0126
G1 X117.118 Y148.197 E.01258
G1 X117.144 Y147.823 E.01259
G1 X117.252 Y147.464 E.0126
G1 X117.431 Y147.141 E.01244
G1 X117.594 Y146.94 E.00869
G1 X117.873 Y146.703 E.01232
G1 X118.097 Y146.574 E.0087
G1 X118.443 Y146.451 E.01235
G1 X118.736 Y146.408 E.00995
G1 X119.067 Y146.417 E.01116
G1 X119.427 Y146.502 E.01244
G1 X119.663 Y146.607 E.0087
G1 X119.969 Y146.815 E.01242
G1 X120.226 Y147.086 E.01258
G1 X120.417 Y147.403 E.01245
G1 X120.508 Y147.645 E.0087
G1 X120.574 Y148.005 E.01231
G1 X120.574 Y148.263 E.00866
G1 X120.508 Y148.627 E.01246
G1 X120.362 Y148.972 E.01259
G1 X120.171 Y149.246 E.01126
G1 X120.583 Y149.564 F60000
G1 F17265.145
G1 X120.668 Y149.454 E.00701
G1 X120.803 Y149.253 E.01224
G1 X120.902 Y149.047 E.01157
G1 X121.015 Y148.743 E.0164
G1 X121.097 Y148.209 E.0273
G1 X121.068 Y147.784 E.02156
G1 X121.017 Y147.533 E.01292
G1 X120.962 Y147.363 E.00904
G1 X120.874 Y147.151 E.01165
G1 X120.754 Y146.943 E.01214
G1 X120.623 Y146.747 E.0119
G1 X120.477 Y146.586 E.01097
G1 X120.154 Y146.305 E.02163
G1 X119.94 Y146.166 E.01292
G1 X119.76 Y146.077 E.01019
G1 X119.566 Y146 E.01054
G1 X119.335 Y145.94 E.01209
G1 X118.905 Y145.887 E.02189
G1 X118.692 Y145.887 E.01078
G1 X118.458 Y145.919 E.01191
G1 X118.287 Y145.954 E.00884
G1 X118.041 Y146.036 E.01312
G1 X117.597 Y146.262 E.02517
G1 X117.243 Y146.558 E.02333
G1 X116.984 Y146.872 E.02063
G1 X116.76 Y147.294 E.02415
G1 X116.64 Y147.697 E.02124
G1 X116.598 Y148.182 E.02465
G1 X116.664 Y148.664 E.02457
G1 X116.822 Y149.119 E.02437
G1 X117.083 Y149.526 E.02445
G1 X117.318 Y149.787 E.01775
G1 X117.721 Y150.086 E.02538
G1 X118.135 Y150.271 E.02293
G1 X118.366 Y150.329 E.01204
G1 X118.786 Y150.383 E.02139
G1 X119.22 Y150.354 E.02202
G1 X119.725 Y150.207 E.0266
G1 X120.026 Y150.048 E.0172
G1 X120.364 Y149.793 E.02144
G1 X120.524 Y149.64 E.01116
G1 X120.559 Y149.595 E.00287
G92 E0
G1 E-.3 F3600
G1 X120.047 Y150.643 Z44.6 F60000
G1 E.3 F2400
G1 F25953.656
G1 X119.803 Y150.747 E.00891
G1 X119.323 Y150.875 E.01669
G1 X119.044 Y150.908 E.00946
G1 X118.757 Y150.914 E.00966
G1 X118.265 Y150.854 E.01669
G1 X117.988 Y150.78 E.00964
G1 X117.717 Y150.676 E.00978
G1 X117.457 Y150.543 E.0098
G1 X117.213 Y150.385 E.00979
G1 X116.987 Y150.201 E.0098
G1 X116.784 Y149.999 E.00962
G1 X116.486 Y149.603 E.01669
G1 X116.347 Y149.352 E.00964
G1 X116.235 Y149.088 E.00966
G1 X116.108 Y148.613 E.01654
G1 X116.074 Y148.348 E.00899
G1 X116.068 Y148.042 E.01029
G1 X116.128 Y147.55 E.01668
G1 X116.203 Y147.273 E.00964
G1 X116.307 Y147.002 E.00978
G1 X116.44 Y146.742 E.0098
G1 X116.598 Y146.498 E.00979
G1 X116.781 Y146.272 E.0098
G1 X116.984 Y146.07 E.00962
G1 X117.38 Y145.771 E.0167
G1 X117.627 Y145.635 E.00948
G1 X117.895 Y145.521 E.00979
G1 X118.387 Y145.391 E.01713
G1 X118.654 Y145.36 E.00903
G1 X118.936 Y145.354 E.0095
G1 X119.434 Y145.415 E.01686
G1 X119.705 Y145.488 E.00947
G1 X119.977 Y145.592 E.00978
G1 X120.237 Y145.724 E.0098
G1 X120.477 Y145.88 E.00965
G1 X120.855 Y146.208 E.01685
G1 X121.04 Y146.421 E.00949
G1 X121.207 Y146.66 E.00979
G1 X121.348 Y146.914 E.00978
G1 X121.462 Y147.182 E.00979
G1 X121.547 Y147.46 E.00979
G1 X121.597 Y147.71 E.00856
G1 X121.628 Y148.229 E.01749
G1 X121.568 Y148.716 E.01651
G1 X121.494 Y148.993 E.00964
G1 X121.39 Y149.264 E.00978
G1 X121.257 Y149.524 E.0098
G1 X121.099 Y149.768 E.00979
G1 X120.916 Y149.994 E.00979
G1 X120.714 Y150.197 E.00962
G1 X120.317 Y150.496 E.0167
G1 X120.083 Y150.626 E.00903
G1 E-.3 F3600
G1 X120.148 Y149.279 F60000
G1 E.3 F2400
G1 F25953.656
G1 X119.87 Y149.531 E.0126
G1 X119.547 Y149.719 E.0126
G1 X119.193 Y149.831 E.01246
G1 X118.941 Y149.862 E.00855
G1 X118.688 Y149.858 E.00852
G1 X118.325 Y149.785 E.01245
G1 X117.982 Y149.633 E.0126
G1 X117.683 Y149.414 E.01246
G1 X117.506 Y149.227 E.00868
G1 X117.303 Y148.918 E.01244
G1 X117.172 Y148.567 E.0126
G1 X117.118 Y148.197 E.01258
G1 X117.144 Y147.823 E.01259
G1 X117.252 Y147.464 E.0126
G1 X117.431 Y147.141 E.01244
G1 X117.594 Y146.94 E.00869
G1 X117.873 Y146.703 E.01232
G1 X118.097 Y146.574 E.0087
G1 X118.443 Y146.451 E.01235
G1 X118.733 Y146.408 E.00988
G1 X119.067 Y146.417 E.01122
G1 X119.427 Y146.502 E.01244
G1 X119.663 Y146.607 E.0087
G1 X119.969 Y146.815 E.01242
G1 X120.226 Y147.086 E.01258
G1 X120.417 Y147.403 E.01245
G1 X120.508 Y147.645 E.0087
G1 X120.574 Y148.005 E.01231
G1 X120.574 Y148.263 E.00866
G1 X120.508 Y148.627 E.01246
G1 X120.362 Y148.972 E.01259
G1 X120.171 Y149.246 E.01126
G1 X120.585 Y149.566 F60000
G1 F17074.783
G1 X120.67 Y149.457 E.00706
G1 X120.805 Y149.255 E.01244
G1 X120.905 Y149.049 E.0117
G1 X121.019 Y148.743 E.01666
G1 X121.1 Y148.208 E.02769
G1 X121.072 Y147.783 E.02177
G1 X121.021 Y147.533 E.01307
G1 X120.966 Y147.363 E.00914
G1 X120.877 Y147.149 E.01185
G1 X120.757 Y146.941 E.01227
G1 X120.626 Y146.745 E.01206
G1 X120.48 Y146.584 E.01111
G1 X120.158 Y146.304 E.02179
G1 X119.942 Y146.163 E.01318
G1 X119.763 Y146.074 E.01025
G1 X119.567 Y145.996 E.01077
G1 X119.332 Y145.936 E.01238
G1 X118.909 Y145.884 E.02181
G1 X118.69 Y145.884 E.01121
G1 X118.48 Y145.912 E.0108
G1 X118.287 Y145.954 E.01012
G1 X117.903 Y146.087 E.02077
G1 X117.597 Y146.261 E.01801
G1 X117.24 Y146.554 E.0236
G1 X116.981 Y146.871 E.02094
G1 X116.756 Y147.293 E.02445
G1 X116.637 Y147.696 E.02148
G1 X116.594 Y148.182 E.02497
G1 X116.66 Y148.664 E.02488
G1 X116.819 Y149.122 E.02476
G1 X117.08 Y149.528 E.02468
G1 X117.316 Y149.789 E.01798
G1 X117.72 Y150.089 E.02571
G1 X118.134 Y150.274 E.02321
G1 X118.366 Y150.333 E.01225
G1 X118.784 Y150.387 E.02154
G1 X118.992 Y150.385 E.01062
G1 X119.224 Y150.357 E.01194
G1 X119.726 Y150.211 E.02678
G1 X120.029 Y150.051 E.01748
G1 X120.366 Y149.796 E.02159
G1 X120.526 Y149.644 E.01132
G1 X120.561 Y149.598 E.00296
G92 E0
G1 E-.3 F3600
G1 X120.043 Y150.652 Z44.8 F60000
G1 E.3 F2400
G1 F25953.656
G1 X119.802 Y150.755 E.00881
G1 X119.523 Y150.84 E.0098
G1 X119.243 Y150.895 E.00961
G1 X118.751 Y150.921 E.01656
G1 X118.264 Y150.861 E.01651
G1 X117.986 Y150.786 E.00968
G1 X117.714 Y150.682 E.00981
G1 X117.454 Y150.549 E.00983
G1 X117.209 Y150.39 E.00982
G1 X116.982 Y150.206 E.00983
G1 X116.779 Y150.003 E.00966
G1 X116.481 Y149.608 E.01665
G1 X116.341 Y149.357 E.00967
G1 X116.229 Y149.092 E.00969
G1 X116.101 Y148.614 E.01664
G1 X116.067 Y148.348 E.009
G1 X116.061 Y148.041 E.01034
G1 X116.121 Y147.55 E.01663
G1 X116.196 Y147.272 E.00968
G1 X116.3 Y147 E.00981
G1 X116.433 Y146.74 E.00984
G1 X116.592 Y146.495 E.00982
G1 X116.776 Y146.268 E.00983
G1 X116.979 Y146.065 E.00966
G1 X117.374 Y145.767 E.01665
G1 X117.625 Y145.628 E.00966
G1 X117.894 Y145.513 E.00984
G1 X118.386 Y145.384 E.0171
G1 X118.653 Y145.353 E.00904
G1 X118.941 Y145.347 E.00968
G1 X119.432 Y145.407 E.01666
G1 X119.709 Y145.482 E.00966
G1 X119.982 Y145.586 E.00981
G1 X120.242 Y145.719 E.00983
G1 X120.483 Y145.876 E.00968
G1 X120.86 Y146.204 E.0168
G1 X121.046 Y146.417 E.00952
G1 X121.213 Y146.656 E.00982
G1 X121.354 Y146.911 E.00981
G1 X121.469 Y147.18 E.00982
G1 X121.554 Y147.459 E.00982
G1 X121.604 Y147.709 E.00855
G1 X121.635 Y148.227 E.01748
G1 X121.575 Y148.718 E.01662
G1 X121.5 Y148.996 E.00968
G1 X121.396 Y149.268 E.00981
G1 X121.263 Y149.528 E.00984
G1 X121.104 Y149.773 E.00982
G1 X120.92 Y150 E.00983
G1 X120.717 Y150.203 E.00966
G1 X120.322 Y150.501 E.01665
G1 X120.079 Y150.636 E.00934
G1 E-.3 F3600
G1 X120.148 Y149.279 F60000
G1 E.3 F2400
G1 F25953.656
G1 X119.87 Y149.531 E.0126
G1 X119.547 Y149.719 E.0126
G1 X119.193 Y149.831 E.01246
G1 X118.941 Y149.862 E.00855
G1 X118.688 Y149.858 E.00852
G1 X118.325 Y149.785 E.01245
G1 X117.982 Y149.633 E.0126
G1 X117.683 Y149.414 E.01247
G1 X117.506 Y149.227 E.00868
G1 X117.303 Y148.918 E.01244
G1 X117.172 Y148.567 E.0126
G1 X117.118 Y148.197 E.01258
G1 X117.144 Y147.823 E.01259
G1 X117.252 Y147.464 E.0126
G1 X117.431 Y147.141 E.01244
G1 X117.594 Y146.94 E.00869
G1 X117.873 Y146.703 E.01232
G1 X118.097 Y146.574 E.0087
G1 X118.443 Y146.451 E.01234
G1 X118.731 Y146.408 E.00982
G1 X119.067 Y146.417 E.01129
G1 X119.427 Y146.502 E.01244
G1 X119.663 Y146.607 E.0087
G1 X119.969 Y146.815 E.01242
G1 X120.226 Y147.086 E.01258
G1 X120.417 Y147.403 E.01245
G1 X120.508 Y147.645 E.0087
G1 X120.574 Y148.005 E.01231
G1 X120.574 Y148.263 E.00866
G1 X120.508 Y148.627 E.01246
G1 X120.362 Y148.972 E.01259
G1 X120.171 Y149.246 E.01126
G1 X120.588 Y149.568 F60000
G1 F16884.774
G1 X120.672 Y149.46 E.00711
G1 X120.808 Y149.257 E.01264
G1 X120.908 Y149.051 E.01183
G1 X121.022 Y148.744 E.01693
G1 X121.104 Y148.207 E.0281
G1 X121.075 Y147.783 E.02198
G1 X121.024 Y147.532 E.01322
G1 X120.969 Y147.362 E.00924
G1 X120.88 Y147.147 E.01205
G1 X120.76 Y146.939 E.0124
G1 X120.629 Y146.743 E.01223
G1 X120.482 Y146.581 E.01127
G1 X120.162 Y146.302 E.02196
G1 X119.944 Y146.16 E.01344
G1 X119.765 Y146.072 E.01031
G1 X119.568 Y145.993 E.01102
G1 X119.33 Y145.932 E.01269
G1 X118.913 Y145.88 E.02172
G1 X118.689 Y145.88 E.0116
G1 X118.48 Y145.908 E.01092
G1 X118.286 Y145.951 E.01027
G1 X117.902 Y146.084 E.02099
G1 X117.595 Y146.258 E.01825
G1 X117.238 Y146.551 E.0239
G1 X116.978 Y146.869 E.02124
G1 X116.753 Y147.292 E.02477
G1 X116.634 Y147.695 E.02172
G1 X116.591 Y148.182 E.02529
G1 X116.657 Y148.665 E.0252
G1 X116.817 Y149.124 E.02516
G1 X117.078 Y149.53 E.02492
G1 X117.313 Y149.791 E.01822
G1 X117.718 Y150.092 E.02605
G1 X118.133 Y150.277 E.02349
G1 X118.366 Y150.337 E.01246
G1 X118.769 Y150.389 E.02103
G1 X119.178 Y150.367 E.02114
G1 X119.395 Y150.324 E.01144
G1 X119.619 Y150.254 E.01217
G1 X119.791 Y150.186 E.00955
G1 X120.031 Y150.053 E.01418
G1 X120.367 Y149.8 E.02174
G1 X120.527 Y149.647 E.01147
G1 X120.563 Y149.6 E.00306
G92 E0
G1 E-.3 F3600
G1 X120.056 Y150.717 Z45 F60000
G1 E.3 F2400
G1 F25953.656
G1 X119.917 Y150.783 E.00519
G1 X119.657 Y150.873 E.00925
G1 X119.146 Y150.975 E.01752
G1 X118.952 Y150.988 E.00657
G1 X118.552 Y150.974 E.01347
G1 X118.057 Y150.878 E.01696
G1 X117.778 Y150.782 E.00992
G1 X117.511 Y150.658 E.00991
G1 X117.085 Y150.38 E.0171
G1 X116.94 Y150.259 E.00636
G1 X116.661 Y149.97 E.01352
G1 X116.424 Y149.644 E.01356
G1 X116.338 Y149.497 E.00573
G1 X116.199 Y149.203 E.01092
G1 X116.109 Y148.943 E.00925
G1 X116.008 Y148.437 E.01739
G1 X115.994 Y148.03 E.01367
G1 X116.007 Y147.84 E.00643
G1 X116.077 Y147.441 E.01362
G1 X116.157 Y147.179 E.00921
G1 X116.374 Y146.708 E.01744
G1 X116.525 Y146.474 E.00936
G1 X116.723 Y146.226 E.01069
G1 X117.093 Y145.881 E.017
G1 X117.315 Y145.725 E.00915
G1 X117.593 Y145.569 E.01071
G1 X118.061 Y145.389 E.01686
G1 X118.552 Y145.294 E.01683
G1 X118.929 Y145.28 E.01269
G1 X119.145 Y145.293 E.00728
G1 X119.442 Y145.341 E.01011
G1 X119.73 Y145.418 E.01005
G1 X120.009 Y145.525 E.01006
G1 X120.276 Y145.662 E.01007
G1 X120.508 Y145.811 E.00929
G1 X120.756 Y146.009 E.01069
G1 X121.101 Y146.379 E.01701
G1 X121.258 Y146.601 E.00915
G1 X121.413 Y146.879 E.0107
G1 X121.593 Y147.347 E.01686
G1 X121.689 Y147.842 E.01695
G1 X121.702 Y148.03 E.00636
G1 X121.688 Y148.43 E.01347
G1 X121.592 Y148.925 E.01696
G1 X121.496 Y149.204 E.00992
G1 X121.371 Y149.471 E.00991
G1 X121.094 Y149.897 E.0171
G1 X120.973 Y150.042 E.00636
G1 X120.684 Y150.321 E.01352
G1 X120.358 Y150.558 E.01356
G1 X120.21 Y150.644 E.00573
G1 X120.093 Y150.7 E.00439
G1 X119.878 Y150.34 F60000
G1 F25953.656
G1 X119.759 Y150.396 E.00442
G1 X119.541 Y150.472 E.00778
G1 X119.103 Y150.56 E.01502
G1 X118.599 Y150.559 E.01695
G1 X118.165 Y150.474 E.01488
G1 X117.934 Y150.395 E.0082
G1 X117.714 Y150.292 E.00818
G1 X117.333 Y150.044 E.01528
G1 X116.981 Y149.701 E.01653
G1 X116.708 Y149.302 E.01627
G1 X116.586 Y149.045 E.00957
G1 X116.51 Y148.827 E.00778
G1 X116.424 Y148.4 E.01464
G1 X116.421 Y147.891 E.01714
G1 X116.484 Y147.538 E.01204
G1 X116.55 Y147.32 E.00766
G1 X116.734 Y146.92 E.01483
G1 X116.864 Y146.718 E.00808
G1 X117.03 Y146.51 E.00894
G1 X117.357 Y146.206 E.01503
G1 X117.538 Y146.078 E.00747
G1 X117.77 Y145.947 E.00896
G1 X118.176 Y145.792 E.01462
G1 X118.6 Y145.709 E.01452
G1 X119.099 Y145.708 E.01678
G1 X119.354 Y145.749 E.00871
G1 X119.601 Y145.815 E.00859
G1 X119.839 Y145.907 E.00858
G1 X120.068 Y146.024 E.00863
G1 X120.264 Y146.15 E.00786
G1 X120.472 Y146.316 E.00893
G1 X120.776 Y146.643 E.01503
G1 X120.904 Y146.824 E.00747
G1 X121.035 Y147.057 E.00896
G1 X121.19 Y147.463 E.01462
G1 X121.275 Y147.896 E.01487
G1 X121.273 Y148.383 E.01637
G1 X121.188 Y148.817 E.01488
G1 X121.109 Y149.048 E.0082
G1 X121.006 Y149.268 E.00818
G1 X120.758 Y149.649 E.01528
G1 X120.415 Y150.001 E.01654
G1 X120.016 Y150.274 E.01626
G1 X119.914 Y150.323 E.0038
G1 E-.3 F3600
G1 X120.148 Y149.279 F60000
G1 E.3 F2400
G1 F25953.656
G1 X120.362 Y148.972 E.01261
G1 X120.508 Y148.627 E.01259
G1 X120.574 Y148.263 E.01246
G1 X120.574 Y148.005 E.00866
G1 X120.508 Y147.645 E.01231
G1 X120.417 Y147.403 E.0087
G1 X120.226 Y147.086 E.01245
G1 X119.969 Y146.815 E.01258
G1 X119.663 Y146.607 E.01242
G1 X119.427 Y146.502 E.0087
G1 X119.067 Y146.417 E.01245
G1 X118.729 Y146.408 E.01136
G1 X118.443 Y146.451 E.00975
G1 X118.097 Y146.574 E.01234
G1 X117.873 Y146.703 E.0087
G1 X117.594 Y146.94 E.01232
G1 X117.431 Y147.141 E.00869
G1 X117.252 Y147.464 E.01244
G1 X117.144 Y147.823 E.01261
G1 X117.118 Y148.197 E.01259
G1 X117.172 Y148.567 E.01258
G1 X117.303 Y148.918 E.0126
G1 X117.506 Y149.227 E.01244
G1 X117.683 Y149.414 E.00868
G1 X117.982 Y149.633 E.01246
G1 X118.325 Y149.785 E.0126
G1 X118.688 Y149.858 E.01245
G1 X118.941 Y149.862 E.00852
G1 X119.193 Y149.831 E.00855
G1 X119.546 Y149.719 E.01246
G1 X119.87 Y149.531 E.0126
G1 X120.118 Y149.306 E.01125
G1 X120.485 Y149.524 F60000
G1 F25953.656
G1 X120.73 Y149.175 E.01435
G1 X120.91 Y148.747 E.01562
G1 X120.991 Y148.3 E.01526
G1 X120.991 Y147.968 E.01119
G1 X120.912 Y147.533 E.01486
G1 X120.793 Y147.22 E.01124
G1 X120.56 Y146.832 E.01524
G1 X120.24 Y146.495 E.01563
G1 X119.867 Y146.241 E.01519
G1 X119.561 Y146.105 E.01126
G1 X119.121 Y146.001 E.01521
G1 X118.703 Y145.99 E.01405
G1 X118.341 Y146.045 E.01235
G1 X117.922 Y146.194 E.01496
G1 X117.632 Y146.361 E.01124
G1 X117.295 Y146.647 E.01489
G1 X117.084 Y146.906 E.01123
G1 X116.865 Y147.302 E.01521
G1 X116.732 Y147.748 E.01566
G1 X116.698 Y148.212 E.01566
G1 X116.766 Y148.671 E.01561
G1 X116.929 Y149.107 E.01566
G1 X117.177 Y149.487 E.01526
G1 X117.407 Y149.729 E.01121
G1 X117.772 Y149.997 E.01525
G1 X118.198 Y150.185 E.01566
G1 X118.643 Y150.274 E.01525
G1 X118.963 Y150.28 E.0108
G1 X119.283 Y150.24 E.01084
G1 X119.716 Y150.102 E.01528
G1 X120.118 Y149.869 E.01563
G1 X120.462 Y149.557 E.01563
G92 E0
G1 E-.3 F3600
G1 X120.183 Y151.029 Z45.2 F60000
G1 E.3 F2400
G1 F18540
G1 X119.753 Y151.196 E.01552
G1 X119.438 Y151.272 E.0109
G1 X119.117 Y151.315 E.01089
G1 X118.794 Y151.327 E.01087
G1 X118.471 Y151.304 E.01089
G1 X118.152 Y151.25 E.01088
G1 F18420
G1 X117.841 Y151.164 E.01085
G1 X117.539 Y151.047 E.0109
G1 X117.251 Y150.899 E.01089
G1 X116.98 Y150.724 E.01085
G1 F18540
G1 X116.728 Y150.521 E.01089
G1 X116.5 Y150.297 E.01075
G1 X116.165 Y149.865 E.01839
G1 X116.005 Y149.588 E.01076
G1 X115.873 Y149.293 E.01087
G1 X115.771 Y148.986 E.01088
G1 X115.701 Y148.671 E.01086
G1 X115.663 Y148.35 E.01087
G1 X115.657 Y148.026 E.0109
G1 X115.684 Y147.704 E.01087
G1 X115.744 Y147.386 E.01089
G1 X115.836 Y147.076 E.01088
G1 X115.958 Y146.777 E.01086
G1 X116.111 Y146.491 E.01091
G1 X116.425 Y146.055 E.01807
G1 X116.648 Y145.82 E.0109
G1 X116.893 Y145.609 E.01088
G1 X117.159 Y145.424 E.0109
G1 X117.442 Y145.267 E.01089
G1 F18420
G1 X117.739 Y145.14 E.01087
G1 X118.048 Y145.043 E.01089
G1 X118.364 Y144.978 E.01085
G1 X118.687 Y144.945 E.01092
G1 F18540
G1 X119.224 Y144.964 E.01808
G1 X119.544 Y145.018 E.01092
G1 X119.855 Y145.104 E.01085
G1 X120.156 Y145.222 E.01088
G1 X120.444 Y145.37 E.01089
G1 X120.716 Y145.545 E.01088
G1 X120.968 Y145.747 E.01086
G1 X121.199 Y145.974 E.01089
G1 X121.405 Y146.223 E.01087
G1 F18420
G1 X121.585 Y146.491 E.01086
G1 X121.738 Y146.778 E.01094
G1 X121.925 Y147.281 E.01805
G1 F18540
G1 X121.995 Y147.597 E.01089
G1 X122.033 Y147.918 E.01087
G1 X122.039 Y148.242 E.0109
G1 X122.012 Y148.564 E.01087
G1 X121.952 Y148.882 E.01089
G1 X121.86 Y149.193 E.01091
G1 X121.738 Y149.491 E.01083
G1 X121.585 Y149.778 E.01094
G1 X121.271 Y150.214 E.01807
G1 X121.048 Y150.448 E.01087
G1 X120.802 Y150.659 E.0109
G1 X120.537 Y150.844 E.01087
G1 X120.253 Y151.001 E.01092
G1 X120.22 Y151.014 E.00119
G1 X120.032 Y150.641 F60000
G1 F25953.656
G1 X119.636 Y150.795 E.0143
G1 X119.361 Y150.861 E.00951
G1 X119.082 Y150.899 E.00947
G1 X118.801 Y150.909 E.00945
G1 X118.521 Y150.89 E.00946
G1 X118.243 Y150.842 E.00948
G1 X117.972 Y150.767 E.00944
G1 X117.711 Y150.666 E.00944
G1 X117.46 Y150.537 E.00948
G1 X117.224 Y150.385 E.00945
G1 X117.006 Y150.209 E.00943
G1 X116.813 Y150.019 E.00911
G1 X116.512 Y149.632 E.0165
G1 X116.377 Y149.398 E.00907
G1 X116.262 Y149.142 E.00944
G1 X116.173 Y148.875 E.00948
G1 X116.112 Y148.601 E.00943
G1 X116.08 Y148.322 E.00946
G1 X116.075 Y148.04 E.00948
G1 X116.098 Y147.76 E.00945
G1 X116.15 Y147.484 E.00945
G1 X116.23 Y147.214 E.00948
G1 X116.336 Y146.954 E.00943
G1 X116.47 Y146.704 E.00956
G1 X116.741 Y146.327 E.01562
G1 X116.936 Y146.123 E.00949
G1 X117.149 Y145.94 E.00945
G1 X117.38 Y145.779 E.00948
G1 X117.626 Y145.642 E.00945
G1 X117.884 Y145.532 E.00945
G1 X118.152 Y145.447 E.00947
G1 X118.428 Y145.391 E.00946
G1 X118.71 Y145.362 E.00954
G1 X119.173 Y145.378 E.0156
G1 X119.453 Y145.426 E.00954
G1 X119.724 Y145.501 E.00944
G1 X119.985 Y145.602 E.00944
G1 X120.236 Y145.731 E.00948
G1 X120.472 Y145.883 E.00945
G1 X120.69 Y146.059 E.00943
G1 X120.891 Y146.257 E.00948
G1 X121.071 Y146.473 E.00945
G1 X121.227 Y146.706 E.00946
G1 X121.361 Y146.957 E.00955
G1 X121.522 Y147.392 E.0156
G1 X121.583 Y147.667 E.00949
G1 X121.616 Y147.947 E.00946
G1 X121.621 Y148.228 E.00948
G1 X121.598 Y148.508 E.00945
G1 X121.546 Y148.784 E.00945
G1 X121.466 Y149.054 E.00948
G1 X121.36 Y149.314 E.00942
G1 X121.226 Y149.564 E.00956
G1 X120.955 Y149.941 E.01562
G1 X120.76 Y150.146 E.00949
G1 X120.547 Y150.328 E.00945
G1 X120.316 Y150.489 E.00948
G1 X120.069 Y150.627 E.0095
G1 E-.3 F3600
G1 X120.148 Y149.279 F60000
G1 E.3 F2400
G1 F25953.656
G1 X120.362 Y148.972 E.01261
G1 X120.508 Y148.627 E.01259
G1 X120.574 Y148.263 E.01246
G1 X120.574 Y148.005 E.00866
G1 X120.508 Y147.645 E.01231
G1 X120.417 Y147.403 E.0087
G1 X120.226 Y147.086 E.01245
G1 X119.969 Y146.815 E.01258
G1 X119.663 Y146.607 E.01242
G1 X119.427 Y146.502 E.0087
G1 X119.067 Y146.417 E.01245
G1 X118.727 Y146.408 E.01143
G1 X118.443 Y146.451 E.00968
G1 X118.097 Y146.574 E.01234
G1 X117.873 Y146.703 E.0087
G1 X117.594 Y146.94 E.01232
G1 X117.431 Y147.141 E.00869
G1 X117.252 Y147.464 E.01244
G1 X117.144 Y147.823 E.01261
G1 X117.118 Y148.197 E.01259
G1 X117.172 Y148.567 E.01258
G1 X117.303 Y148.918 E.0126
G1 X117.506 Y149.227 E.01244
G1 X117.683 Y149.414 E.00868
G1 X117.982 Y149.633 E.01246
G1 X118.325 Y149.785 E.0126
G1 X118.688 Y149.858 E.01245
G1 X118.941 Y149.862 E.00852
G1 X119.193 Y149.831 E.00855
G1 X119.547 Y149.719 E.01246
G1 X119.87 Y149.531 E.0126
G1 X120.118 Y149.306 E.01125
G1 X120.485 Y149.524 F60000
G1 F25953.656
G1 X120.73 Y149.175 E.01435
G1 X120.91 Y148.747 E.01562
G1 X120.991 Y148.3 E.01526
G1 X120.991 Y147.968 E.01119
G1 X120.912 Y147.533 E.01486
G1 X120.793 Y147.22 E.01124
G1 X120.56 Y146.832 E.01524
G1 X120.24 Y146.495 E.01563
G1 X119.867 Y146.241 E.01519
G1 X119.561 Y146.105 E.01126
G1 X119.121 Y146.001 E.01521
G1 X118.701 Y145.99 E.01412
G1 X118.34 Y146.045 E.01228
G1 X117.922 Y146.194 E.01495
G1 X117.632 Y146.361 E.01124
G1 X117.295 Y146.647 E.01489
G1 X117.084 Y146.906 E.01123
G1 X116.865 Y147.302 E.01521
G1 X116.732 Y147.748 E.01566
G1 X116.698 Y148.212 E.01566
G1 X116.766 Y148.671 E.01561
G1 X116.929 Y149.107 E.01566
G1 X117.177 Y149.487 E.01526
G1 X117.407 Y149.729 E.01121
G1 X117.772 Y149.997 E.01525
G1 X118.198 Y150.185 E.01566
G1 X118.643 Y150.274 E.01525
G1 X118.963 Y150.28 E.0108
G1 X119.283 Y150.24 E.01084
G1 X119.716 Y150.102 E.01528
G1 X120.118 Y149.869 E.01563
G1 X120.462 Y149.557 E.01563
G1 X120.671 Y149.784 F60000
G1 F51195.111
G1 X120.704 Y149.754 E.00077
G1 X120.997 Y149.334 E.00872
G1 X121.204 Y148.846 E.00905
G1 X121.3 Y148.338 E.00882
G1 X121.304 Y147.968 E.00631
G1 X121.22 Y147.477 E.00849
G1 X121.078 Y147.089 E.00705
G1 X120.815 Y146.652 E.00869
G1 X120.45 Y146.265 E.00908
G1 X120.026 Y145.973 E.00878
G1 X119.652 Y145.807 E.00699
G1 X119.151 Y145.69 E.00877
G1 X118.691 Y145.678 E.00784
G1 X118.255 Y145.744 E.00753
G1 X117.782 Y145.914 E.00856
G1 X117.446 Y146.112 E.00666
G1 X117.066 Y146.436 E.00852
G1 X116.823 Y146.741 E.00664
G1 X116.574 Y147.192 E.00878
G1 X116.424 Y147.703 E.00909
G1 X116.388 Y148.213 E.00872
G1 X116.467 Y148.76 E.00942
G1 X116.646 Y149.238 E.00871
G1 X116.931 Y149.671 E.00883
G1 X117.207 Y149.969 E.00694
G1 X117.616 Y150.267 E.00863
G1 X118.093 Y150.478 E.0089
G1 X118.6 Y150.583 E.00881
G1 X118.987 Y150.591 E.00662
G1 X119.359 Y150.542 E.00639
G1 X119.545 Y150.49 E.00329
G1 X119.929 Y150.343 E.00702
G1 X120.311 Y150.114 E.00759
G1 X120.641 Y149.811 E.00765
G92 E0
G1 E-.3 F3600
G1 X120.225 Y151.098 Z45.4 F60000
G1 E.3 F2400
G1 F25953.656
G1 X120.187 Y151.117 E.00143
G1 X119.918 Y151.223 E.00972
G1 X119.618 Y151.312 E.01053
G1 X119.344 Y151.366 E.00941
G1 X119.013 Y151.4 E.01117
G1 X118.683 Y151.4 E.01112
G1 X118.352 Y151.366 E.01117
G1 X118.078 Y151.312 E.00941
G1 X117.778 Y151.223 E.01053
G1 X117.509 Y151.117 E.00972
G1 X117.213 Y150.966 E.01119
G1 X116.952 Y150.798 E.01043
G1 X116.677 Y150.579 E.01184
G1 X116.44 Y150.346 E.01115
G1 X116.228 Y150.091 E.01116
G1 X116.044 Y149.817 E.01112
G1 X115.888 Y149.524 E.01115
G1 X115.763 Y149.218 E.01114
G1 X115.669 Y148.9 E.01114
G1 X115.608 Y148.573 E.01118
G1 X115.582 Y148.291 E.00956
G1 X115.582 Y147.978 E.01053
G1 X115.608 Y147.695 E.00956
G1 X115.669 Y147.368 E.01118
G1 X115.763 Y147.051 E.01114
G1 X115.888 Y146.744 E.01114
G1 X116.044 Y146.452 E.01115
G1 X116.228 Y146.177 E.01112
G1 X116.44 Y145.922 E.01116
G1 X116.677 Y145.69 E.01115
G1 X116.952 Y145.47 E.01184
G1 X117.213 Y145.303 E.01043
G1 X117.51 Y145.15 E.01123
G1 X118.029 Y144.969 E.01848
G1 X118.353 Y144.902 E.01114
G1 X118.683 Y144.868 E.01114
G1 X119.004 Y144.868 E.0108
G1 X119.344 Y144.902 E.01151
G1 X119.618 Y144.957 E.0094
G1 X119.918 Y145.045 E.01053
G1 X120.187 Y145.151 E.00972
G1 X120.483 Y145.303 E.01119
G1 X120.744 Y145.47 E.01043
G1 X121.019 Y145.69 E.01184
G1 X121.255 Y145.922 E.01115
G1 X121.467 Y146.177 E.01116
G1 X121.651 Y146.452 E.01112
G1 X121.807 Y146.744 E.01115
G1 X121.933 Y147.051 E.01114
G1 X122.027 Y147.368 E.01114
G1 X122.088 Y147.695 E.01118
G1 X122.114 Y147.978 E.00956
G1 X122.114 Y148.291 E.01052
G1 X122.088 Y148.573 E.00956
G1 X122.027 Y148.9 E.01118
G1 X121.933 Y149.218 E.01114
G1 X121.807 Y149.524 E.01114
G1 X121.651 Y149.817 E.01115
G1 X121.467 Y150.091 E.01112
G1 X121.255 Y150.346 E.01116
G1 X121.019 Y150.579 E.01115
G1 X120.744 Y150.798 E.01184
G1 X120.483 Y150.966 E.01043
G1 X120.261 Y151.08 E.00841
G1 X120.035 Y150.727 F60000
G1 F25953.656
G1 X120.015 Y150.737 E.00075
G1 X119.518 Y150.906 E.01766
G1 X119.281 Y150.954 E.00812
G1 X118.992 Y150.983 E.00979
G1 X118.704 Y150.983 E.00969
G1 X118.414 Y150.954 E.00979
G1 X117.913 Y150.828 E.01738
G1 X117.681 Y150.737 E.0084
G1 X117.421 Y150.604 E.00981
G1 X117.195 Y150.458 E.00903
G1 X116.954 Y150.266 E.0104
G1 X116.748 Y150.064 E.00971
G1 X116.563 Y149.841 E.00973
G1 X116.403 Y149.602 E.00969
G1 X116.266 Y149.347 E.00973
G1 X116.157 Y149.079 E.00973
G1 X116.075 Y148.802 E.00971
G1 X116.022 Y148.516 E.0098
G1 X115.999 Y148.271 E.00826
G1 X116.022 Y147.752 E.01748
G1 X116.075 Y147.466 E.0098
G1 X116.157 Y147.189 E.00971
G1 X116.266 Y146.921 E.00973
G1 X116.403 Y146.666 E.00973
G1 X116.563 Y146.427 E.00969
G1 X116.748 Y146.205 E.00973
G1 X116.954 Y146.002 E.00971
G1 X117.195 Y145.81 E.0104
G1 X117.421 Y145.664 E.00903
G1 X117.684 Y145.53 E.00994
G1 X118.134 Y145.373 E.016
G1 X118.417 Y145.314 E.00973
G1 X118.704 Y145.285 E.00971
G1 X118.983 Y145.285 E.00939
G1 X119.282 Y145.315 E.01012
G1 X119.783 Y145.44 E.01734
G1 X120.015 Y145.531 E.0084
G1 X120.275 Y145.665 E.00982
G1 X120.5 Y145.81 E.00903
G1 X120.742 Y146.002 E.0104
G1 X120.948 Y146.205 E.00971
G1 X121.133 Y146.427 E.00973
G1 X121.293 Y146.666 E.00969
G1 X121.429 Y146.921 E.00973
G1 X121.539 Y147.189 E.00973
G1 X121.621 Y147.466 E.00971
G1 X121.674 Y147.752 E.0098
G1 X121.697 Y147.997 E.00826
G1 X121.674 Y148.516 E.01748
G1 X121.621 Y148.802 E.0098
G1 X121.539 Y149.079 E.00971
G1 X121.429 Y149.347 E.00973
G1 X121.293 Y149.602 E.00973
G1 X121.133 Y149.841 E.00969
G1 X120.948 Y150.064 E.00973
G1 X120.742 Y150.266 E.00971
G1 X120.501 Y150.458 E.01039
G1 X120.275 Y150.604 E.00904
G1 X120.07 Y150.708 E.00772
G1 E-.3 F3600
G1 X120.148 Y149.279 F60000
G1 E.3 F2400
G1 F25953.656
G1 X120.362 Y148.972 E.01261
G1 X120.508 Y148.627 E.01259
G1 X120.574 Y148.263 E.01246
G1 X120.574 Y148.005 E.00866
G1 X120.508 Y147.645 E.01231
G1 X120.417 Y147.403 E.0087
G1 X120.226 Y147.086 E.01245
G1 X119.969 Y146.815 E.01258
G1 X119.663 Y146.607 E.01242
G1 X119.427 Y146.502 E.0087
G1 X119.067 Y146.417 E.01245
G1 X118.725 Y146.408 E.0115
G1 X118.442 Y146.451 E.00961
G1 X118.097 Y146.574 E.01233
G1 X117.873 Y146.703 E.0087
G1 X117.594 Y146.94 E.01232
G1 X117.431 Y147.141 E.00869
G1 X117.252 Y147.464 E.01244
G1 X117.144 Y147.823 E.01261
G1 X117.118 Y148.197 E.01259
G1 X117.172 Y148.567 E.01258
G1 X117.303 Y148.918 E.0126
G1 X117.506 Y149.227 E.01244
G1 X117.683 Y149.414 E.00868
G1 X117.982 Y149.633 E.01246
G1 X118.325 Y149.785 E.0126
G1 X118.688 Y149.858 E.01245
G1 X118.941 Y149.862 E.00852
G1 X119.193 Y149.831 E.00855
G1 X119.547 Y149.719 E.01246
G1 X119.87 Y149.531 E.0126
G1 X120.118 Y149.306 E.01125
G1 X120.434 Y149.583 F60000
G1 F25953.656
G1 X120.463 Y149.556 E.00132
G1 X120.73 Y149.175 E.01567
G1 X120.91 Y148.747 E.01562
G1 X120.991 Y148.3 E.01526
G1 X120.991 Y147.968 E.01119
G1 X120.912 Y147.533 E.01486
G1 X120.793 Y147.22 E.01124
G1 X120.56 Y146.832 E.01524
G1 X120.24 Y146.495 E.01563
G1 X119.867 Y146.241 E.01519
G1 X119.561 Y146.105 E.01126
G1 X119.121 Y146.001 E.01522
G1 X118.699 Y145.99 E.0142
G1 X118.34 Y146.045 E.0122
G1 X117.922 Y146.194 E.01494
G1 X117.632 Y146.361 E.01124
G1 X117.295 Y146.647 E.01489
G1 X117.084 Y146.906 E.01123
G1 X116.865 Y147.302 E.01521
G1 X116.732 Y147.748 E.01566
G1 X116.698 Y148.212 E.01566
G1 X116.766 Y148.671 E.01561
G1 X116.929 Y149.107 E.01566
G1 X117.177 Y149.487 E.01526
G1 X117.407 Y149.729 E.01121
G1 X117.772 Y149.997 E.01525
G1 X118.198 Y150.185 E.01566
G1 X118.643 Y150.274 E.01525
G1 X118.963 Y150.28 E.0108
G1 X119.283 Y150.24 E.01084
G1 X119.716 Y150.102 E.01528
G1 X120.118 Y149.869 E.01563
G1 X120.404 Y149.61 E.01299
G1 X120.637 Y149.868 F60000
G1 F37701.898
G1 X120.714 Y149.799 E.00241
G1 X121.028 Y149.357 E.01256
G1 X121.24 Y148.861 E.01248
G1 X121.321 Y148.471 E.00924
G1 X121.344 Y148.014 E.01059
G1 X121.252 Y147.452 E.01318
G1 X121.111 Y147.071 E.00941
G1 X120.848 Y146.632 E.01184
G1 X120.478 Y146.238 E.01252
G1 X120.048 Y145.941 E.01211
G1 X119.671 Y145.772 E.00955
G1 X119.18 Y145.656 E.01169
G1 X118.689 Y145.639 E.01138
G1 X118.241 Y145.708 E.0105
G1 X117.786 Y145.871 E.01119
G1 X117.42 Y146.082 E.00979
G1 X117.007 Y146.443 E.01271
G1 X116.787 Y146.721 E.00821
G1 X116.537 Y147.181 E.01212
G1 X116.386 Y147.7 E.01254
G1 X116.35 Y148.21 E.01183
G1 X116.423 Y148.744 E.01248
G1 X116.611 Y149.251 E.01252
G1 X116.895 Y149.694 E.01218
G1 X117.184 Y150.001 E.00976
G1 X117.596 Y150.3 E.0118
G1 X118.025 Y150.494 E.0109
G1 X118.592 Y150.62 E.01345
G1 X118.971 Y150.632 E.00878
G1 X119.434 Y150.562 E.01084
G1 X119.874 Y150.416 E.01073
G1 X120.313 Y150.161 E.01176
G1 X120.608 Y149.895 E.00919
G92 E0
G1 E-.3 F3600
G1 X120.208 Y151.102 Z45.6 F60000
G1 E.3 F2400
G1 F25953.656
G1 X120.062 Y151.17 E.00539
G1 X119.774 Y151.27 E.01027
G1 X119.452 Y151.348 E.01113
G1 X119.123 Y151.393 E.01117
G1 X118.793 Y151.404 E.01113
G1 X118.462 Y151.381 E.01114
G1 X118.136 Y151.325 E.01113
G1 X117.816 Y151.237 E.01117
G1 X117.512 Y151.118 E.01099
G1 X117.022 Y150.847 E.01884
G1 X116.76 Y150.651 E.01101
G1 X116.516 Y150.427 E.01114
G1 X116.297 Y150.179 E.01113
G1 X116.102 Y149.91 E.01118
G1 X115.942 Y149.633 E.01076
G1 X115.801 Y149.321 E.0115
G1 X115.697 Y149.007 E.01116
G1 X115.625 Y148.683 E.01114
G1 X115.586 Y148.354 E.01114
G1 X115.58 Y148.024 E.01112
G1 X115.608 Y147.694 E.01114
G1 X115.669 Y147.368 E.01115
G1 X115.763 Y147.051 E.01114
G1 X115.889 Y146.743 E.01117
G1 X116.016 Y146.5 E.00924
G1 X116.185 Y146.237 E.0105
G1 X116.366 Y146.005 E.00993
G1 X116.595 Y145.764 E.01117
G1 X116.847 Y145.548 E.01117
G1 X117.308 Y145.25 E.01845
G1 X117.633 Y145.098 E.01208
G1 X117.922 Y144.998 E.01027
G1 X118.244 Y144.92 E.01113
G1 X118.572 Y144.876 E.01116
G1 X118.912 Y144.865 E.01143
G1 X119.233 Y144.887 E.01085
G1 X119.56 Y144.943 E.01113
G1 X119.879 Y145.032 E.01117
G1 X120.188 Y145.151 E.01112
G1 X120.483 Y145.303 E.01117
G1 X120.744 Y145.471 E.01045
G1 X120.989 Y145.663 E.01048
G1 X121.215 Y145.878 E.01049
G1 X121.399 Y146.089 E.0094
G1 X121.594 Y146.358 E.0112
G1 X121.754 Y146.635 E.01076
G1 X121.894 Y146.947 E.0115
G1 X121.999 Y147.262 E.01116
G1 X122.071 Y147.585 E.01114
G1 X122.11 Y147.914 E.01114
G1 X122.116 Y148.244 E.01112
G1 X122.088 Y148.574 E.01114
G1 X122.027 Y148.9 E.01115
G1 X121.933 Y149.218 E.01114
G1 X121.807 Y149.525 E.01117
G1 X121.68 Y149.768 E.00923
G1 X121.511 Y150.031 E.0105
G1 X121.33 Y150.264 E.00993
G1 X121.1 Y150.504 E.01117
G1 X120.848 Y150.72 E.01117
G1 X120.388 Y151.018 E.01845
G1 X120.244 Y151.085 E.00534
G1 X120.032 Y150.724 F60000
G1 F25953.656
G1 X119.905 Y150.783 E.00468
G1 X119.656 Y150.87 E.00888
G1 X119.375 Y150.937 E.00973
G1 X119.088 Y150.977 E.00974
G1 X118.8 Y150.986 E.0097
G1 X118.512 Y150.967 E.00971
G1 X118.228 Y150.918 E.0097
G1 X117.948 Y150.84 E.00976
G1 X117.689 Y150.74 E.00934
G1 X117.249 Y150.496 E.01693
G1 X117.027 Y150.329 E.00934
G1 X116.814 Y150.134 E.0097
G1 X116.623 Y149.918 E.00972
G1 X116.453 Y149.683 E.00977
G1 X116.313 Y149.442 E.00934
G1 X116.191 Y149.17 E.01006
G1 X116.099 Y148.895 E.00972
G1 X116.037 Y148.613 E.00972
G1 X116.002 Y148.326 E.00972
G1 X115.997 Y148.038 E.00969
G1 X116.022 Y147.75 E.00973
G1 X116.075 Y147.466 E.00972
G1 X116.157 Y147.189 E.00971
G1 X116.267 Y146.919 E.00982
G1 X116.377 Y146.71 E.00795
G1 X116.525 Y146.479 E.00923
G1 X116.682 Y146.277 E.00859
G1 X116.883 Y146.067 E.00978
G1 X117.104 Y145.877 E.00979
G1 X117.502 Y145.62 E.01595
G1 X117.79 Y145.485 E.0107
G1 X118.04 Y145.399 E.00888
G1 X118.321 Y145.331 E.00973
G1 X118.607 Y145.292 E.00972
G1 X118.904 Y145.282 E.01
G1 X119.184 Y145.301 E.00943
G1 X119.468 Y145.35 E.00971
G1 X119.748 Y145.428 E.00977
G1 X120.017 Y145.532 E.0097
G1 X120.275 Y145.664 E.00975
G1 X120.502 Y145.811 E.0091
G1 X120.716 Y145.979 E.00914
G1 X121.072 Y146.349 E.01728
G1 X121.243 Y146.586 E.00983
G1 X121.382 Y146.826 E.00934
G1 X121.505 Y147.099 E.01006
G1 X121.596 Y147.373 E.00972
G1 X121.659 Y147.655 E.00972
G1 X121.693 Y147.942 E.00973
G1 X121.698 Y148.23 E.00969
G1 X121.674 Y148.518 E.00973
G1 X121.621 Y148.802 E.00972
G1 X121.539 Y149.079 E.00971
G1 X121.428 Y149.349 E.00982
G1 X121.319 Y149.559 E.00795
G1 X121.171 Y149.789 E.00923
G1 X121.013 Y149.991 E.0086
G1 X120.813 Y150.201 E.00978
G1 X120.592 Y150.391 E.00979
G1 X120.194 Y150.649 E.01595
G1 X120.068 Y150.707 E.00467
G1 E-.3 F3600
G1 X120.148 Y149.279 F60000
G1 E.3 F2400
G1 F25953.656
G1 X120.362 Y148.972 E.01261
G1 X120.508 Y148.627 E.01259
G1 X120.574 Y148.263 E.01246
G1 X120.574 Y148.005 E.00866
G1 X120.508 Y147.645 E.01231
G1 X120.417 Y147.403 E.0087
G1 X120.226 Y147.086 E.01245
G1 X119.969 Y146.815 E.01258
G1 X119.663 Y146.607 E.01242
G1 X119.427 Y146.502 E.0087
G1 X119.067 Y146.417 E.01245
G1 X118.723 Y146.408 E.01157
G1 X118.442 Y146.451 E.00954
G1 X118.097 Y146.574 E.01233
G1 X117.873 Y146.703 E.0087
G1 X117.594 Y146.94 E.01232
G1 X117.431 Y147.141 E.00869
G1 X117.252 Y147.464 E.01244
G1 X117.144 Y147.823 E.01261
G1 X117.118 Y148.197 E.01259
G1 X117.172 Y148.567 E.01258
G1 X117.303 Y148.918 E.0126
G1 X117.506 Y149.227 E.01244
G1 X117.683 Y149.414 E.00868
G1 X117.982 Y149.633 E.01246
G1 X118.325 Y149.785 E.01261
G1 X118.688 Y149.858 E.01245
G1 X118.941 Y149.862 E.00852
G1 X119.193 Y149.831 E.00855
G1 X119.546 Y149.719 E.01246
G1 X119.87 Y149.531 E.0126
G1 X120.118 Y149.306 E.01125
G1 X120.485 Y149.524 F60000
G1 F25953.656
G1 X120.73 Y149.175 E.01435
G1 X120.91 Y148.747 E.01562
G1 X120.991 Y148.3 E.01526
G1 X120.991 Y147.968 E.01119
G1 X120.912 Y147.533 E.01486
G1 X120.793 Y147.22 E.01124
G1 X120.56 Y146.832 E.01524
G1 X120.24 Y146.495 E.01563
G1 X119.867 Y146.241 E.01519
G1 X119.561 Y146.105 E.01126
G1 X119.12 Y146.001 E.01522
G1 X118.696 Y145.99 E.01427
G1 X118.34 Y146.045 E.01213
G1 X117.922 Y146.194 E.01494
G1 X117.632 Y146.361 E.01124
G1 X117.295 Y146.647 E.01489
G1 X117.084 Y146.906 E.01123
G1 X116.865 Y147.302 E.01521
G1 X116.732 Y147.748 E.01566
G1 X116.698 Y148.212 E.01566
G1 X116.766 Y148.671 E.01561
G1 X116.929 Y149.107 E.01566
G1 X117.177 Y149.487 E.01526
G1 X117.407 Y149.729 E.01121
G1 X117.772 Y149.997 E.01525
G1 X118.198 Y150.185 E.01566
G1 X118.643 Y150.274 E.01525
G1 X118.963 Y150.28 E.0108
G1 X119.283 Y150.24 E.01084
G1 X119.716 Y150.102 E.01528
G1 X120.118 Y149.869 E.01563
G1 X120.462 Y149.557 E.01563
G1 X120.696 Y149.812 F60000
G1 F37629.811
G1 X120.736 Y149.776 E.00125
G1 X121.028 Y149.357 E.01186
G1 X121.24 Y148.861 E.0125
G1 X121.338 Y148.344 E.0122
G1 X121.342 Y147.966 E.00878
G1 X121.253 Y147.452 E.01211
G1 X121.103 Y147.056 E.00981
G1 X120.829 Y146.608 E.01218
G1 X120.478 Y146.238 E.01183
G1 X120.048 Y145.941 E.01213
G1 X119.66 Y145.769 E.00983
G1 X119.151 Y145.651 E.01214
G1 X118.662 Y145.641 E.01135
G1 X118.241 Y145.709 E.00988
G1 X117.764 Y145.882 E.01178
G1 X117.422 Y146.084 E.00921
G1 X117.036 Y146.412 E.01175
G1 X116.79 Y146.723 E.00919
G1 X116.54 Y147.181 E.01213
G1 X116.391 Y147.67 E.01186
G1 X116.349 Y148.21 E.01256
G1 X116.43 Y148.773 E.0132
G1 X116.61 Y149.251 E.01185
G1 X116.897 Y149.698 E.01232
G1 X117.166 Y149.983 E.00909
G1 X117.587 Y150.288 E.01206
G1 X118.078 Y150.514 E.01254
G1 X118.592 Y150.621 E.01218
G1 X118.992 Y150.629 E.00929
G1 X119.371 Y150.579 E.00886
G1 X119.871 Y150.415 E.01221
G1 X120.336 Y150.142 E.01251
G1 X120.667 Y149.839 E.01041
G92 E0
G1 E-.3 F3600
G1 X120.201 Y151.105 Z45.8 F60000
G1 E.3 F2400
G1 F25953.656
G1 X120.062 Y151.17 E.00515
G1 X119.778 Y151.269 E.01014
G1 X119.23 Y151.382 E.01881
G1 X118.903 Y151.404 E.01102
G1 X118.572 Y151.393 E.01113
G1 X118.244 Y151.348 E.01116
G1 X117.924 Y151.271 E.01106
G1 X117.505 Y151.116 E.01503
G1 X117.311 Y151.02 E.00727
G1 X117.025 Y150.849 E.01121
G1 X116.763 Y150.653 E.011
G1 X116.364 Y150.261 E.01883
G1 X116.185 Y150.031 E.00981
G1 X116.016 Y149.768 E.0105
G1 X115.889 Y149.525 E.00922
G1 X115.758 Y149.203 E.01169
G1 X115.669 Y148.902 E.01056
G1 X115.595 Y148.461 E.01505
G1 X115.58 Y148.248 E.00719
G1 X115.593 Y147.82 E.0144
G1 X115.624 Y147.587 E.0079
G1 X115.711 Y147.212 E.01297
G1 X115.813 Y146.919 E.01044
G1 X115.942 Y146.636 E.01046
G1 X116.102 Y146.358 E.01078
G1 X116.297 Y146.089 E.01117
G1 X116.516 Y145.841 E.01113
G1 X116.76 Y145.617 E.01114
G1 X117.211 Y145.303 E.0185
G1 X117.507 Y145.152 E.01116
G1 X117.924 Y144.997 E.01498
G1 X118.462 Y144.887 E.01849
G1 X118.679 Y144.868 E.0073
G1 X119.125 Y144.876 E.01503
G1 X119.452 Y144.92 E.0111
G1 X119.772 Y144.997 E.01106
G1 X120.191 Y145.153 E.01503
G1 X120.386 Y145.249 E.0073
G1 X120.848 Y145.548 E.01854
G1 X121.1 Y145.764 E.01117
G1 X121.33 Y146.005 E.01117
G1 X121.511 Y146.237 E.00993
G1 X121.68 Y146.5 E.0105
G1 X121.807 Y146.743 E.00922
G1 X121.938 Y147.065 E.0117
G1 X122.026 Y147.366 E.01056
G1 X122.101 Y147.807 E.01505
G1 X122.116 Y148.02 E.00719
G1 X122.102 Y148.448 E.0144
G1 X122.071 Y148.681 E.0079
G1 X121.985 Y149.056 E.01297
G1 X121.883 Y149.35 E.01044
G1 X121.754 Y149.633 E.01046
G1 X121.594 Y149.91 E.01078
G1 X121.399 Y150.179 E.01117
G1 X121.18 Y150.427 E.01113
G1 X120.937 Y150.65 E.01109
G1 X120.614 Y150.886 E.01345
G1 X120.388 Y151.018 E.00881
G1 X120.238 Y151.088 E.00558
G1 X120.025 Y150.727 F60000
G1 F25953.656
G1 X119.905 Y150.783 E.00445
G1 X119.666 Y150.866 E.00851
G1 X119.173 Y150.967 E.01694
G1 X118.896 Y150.986 E.00935
G1 X118.608 Y150.977 E.0097
G1 X118.321 Y150.937 E.00974
G1 X118.046 Y150.871 E.00952
G1 X117.67 Y150.732 E.01348
G1 X117.511 Y150.653 E.00598
G1 X117.258 Y150.502 E.00992
G1 X117.035 Y150.336 E.00933
G1 X116.676 Y149.983 E.01695
G1 X116.377 Y149.559 E.01745
G1 X116.268 Y149.35 E.00792
G1 X116.153 Y149.065 E.01033
G1 X116.076 Y148.808 E.00904
G1 X116.009 Y148.412 E.01351
G1 X116.01 Y147.854 E.01877
G1 X116.113 Y147.327 E.01806
G1 X116.2 Y147.074 E.00903
G1 X116.313 Y146.827 E.00911
G1 X116.453 Y146.586 E.00939
G1 X116.623 Y146.35 E.00977
G1 X116.814 Y146.134 E.00972
G1 X117.027 Y145.939 E.0097
G1 X117.417 Y145.667 E.01601
G1 X117.675 Y145.535 E.00975
G1 X118.046 Y145.397 E.01333
G1 X118.512 Y145.301 E.01601
G1 X118.693 Y145.286 E.00609
G1 X119.094 Y145.292 E.01348
G1 X119.375 Y145.331 E.00956
G1 X119.65 Y145.397 E.00952
G1 X120.026 Y145.536 E.01348
G1 X120.188 Y145.616 E.00606
G1 X120.592 Y145.877 E.0162
G1 X120.813 Y146.067 E.00979
G1 X121.013 Y146.277 E.00978
G1 X121.171 Y146.479 E.0086
G1 X121.319 Y146.71 E.00923
G1 X121.428 Y146.918 E.00792
G1 X121.543 Y147.203 E.01033
G1 X121.619 Y147.46 E.00903
G1 X121.687 Y147.856 E.01351
G1 X121.686 Y148.414 E.01877
G1 X121.583 Y148.941 E.01806
G1 X121.495 Y149.195 E.00903
G1 X121.383 Y149.441 E.00911
G1 X121.243 Y149.683 E.00939
G1 X121.073 Y149.918 E.00977
G1 X120.882 Y150.134 E.00972
G1 X120.672 Y150.327 E.00958
G1 X120.385 Y150.536 E.01196
G1 X120.194 Y150.649 E.00744
G1 X120.062 Y150.71 E.00491
G1 E-.3 F3600
G1 X120.148 Y149.279 F60000
G1 E.3 F2400
G1 F25953.656
G1 X120.362 Y148.972 E.01261
G1 X120.508 Y148.627 E.01259
G1 X120.574 Y148.263 E.01246
G1 X120.574 Y148.005 E.00866
G1 X120.508 Y147.645 E.01231
G1 X120.417 Y147.403 E.0087
G1 X120.226 Y147.086 E.01245
G1 X119.969 Y146.815 E.01258
G1 X119.663 Y146.607 E.01243
G1 X119.427 Y146.502 E.0087
G1 X119.067 Y146.417 E.01246
G1 X118.721 Y146.408 E.01164
G1 X118.442 Y146.451 E.00948
G1 X118.097 Y146.574 E.01233
G1 X117.873 Y146.703 E.0087
G1 X117.594 Y146.94 E.01232
G1 X117.431 Y147.141 E.00869
G1 X117.252 Y147.464 E.01244
G1 X117.144 Y147.823 E.01261
G1 X117.118 Y148.197 E.01259
G1 X117.172 Y148.567 E.01258
G1 X117.303 Y148.918 E.0126
G1 X117.506 Y149.227 E.01244
G1 X117.683 Y149.414 E.00868
G1 X117.982 Y149.633 E.01246
G1 X118.325 Y149.785 E.0126
G1 X118.688 Y149.858 E.01245
G1 X118.941 Y149.862 E.00852
G1 X119.193 Y149.831 E.00855
G1 X119.546 Y149.719 E.01246
G1 X119.87 Y149.531 E.0126
G1 X120.118 Y149.306 E.01125
G1 X120.485 Y149.524 F60000
G1 F25953.656
G1 X120.73 Y149.175 E.01435
G1 X120.91 Y148.747 E.01562
G1 X120.991 Y148.3 E.01526
G1 X120.991 Y147.968 E.01119
G1 X120.912 Y147.533 E.01486
G1 X120.793 Y147.22 E.01124
G1 X120.56 Y146.832 E.01524
G1 X120.24 Y146.495 E.01563
G1 X119.867 Y146.241 E.01519
G1 X119.561 Y146.105 E.01126
G1 X119.12 Y146.001 E.01523
G1 X118.694 Y145.991 E.01435
G1 X118.34 Y146.045 E.01206
G1 X117.922 Y146.194 E.01493
G1 X117.632 Y146.361 E.01124
G1 X117.295 Y146.647 E.01489
G1 X117.084 Y146.906 E.01123
G1 X116.865 Y147.302 E.01521
G1 X116.732 Y147.748 E.01566
G1 X116.698 Y148.212 E.01566
G1 X116.766 Y148.671 E.01561
G1 X116.929 Y149.107 E.01566
G1 X117.177 Y149.487 E.01526
G1 X117.407 Y149.729 E.01121
G1 X117.772 Y149.997 E.01525
G1 X118.198 Y150.185 E.01566
G1 X118.643 Y150.274 E.01525
G1 X118.963 Y150.28 E.0108
G1 X119.283 Y150.24 E.01084
G1 X119.716 Y150.102 E.01528
G1 X120.118 Y149.869 E.01563
G1 X120.462 Y149.557 E.01563
G1 X120.696 Y149.811 F60000
G1 F37724.524
G1 X120.735 Y149.775 E.00123
G1 X121.043 Y149.331 E.01252
G1 X121.247 Y148.843 E.01223
G1 X121.334 Y148.383 E.01084
G1 X121.338 Y147.924 E.01063
G1 X121.252 Y147.452 E.0111
G1 X121.099 Y147.059 E.00977
G1 X121.01 Y146.888 E.00445
G1 X120.827 Y146.611 E.0077
G1 X120.455 Y146.219 E.0125
G1 X120.026 Y145.928 E.01199
G1 X119.659 Y145.774 E.00921
G1 X119.151 Y145.652 E.01211
G1 X118.66 Y145.645 E.01136
G1 X118.241 Y145.711 E.0098
G1 X117.786 Y145.871 E.01116
G1 X117.422 Y146.084 E.00977
G1 X117.036 Y146.412 E.01172
G1 X116.787 Y146.721 E.00919
G1 X116.541 Y147.182 E.01209
G1 X116.456 Y147.427 E.00601
G1 X116.39 Y147.701 E.00651
G1 X116.353 Y148.21 E.01183
G1 X116.423 Y148.744 E.01246
G1 X116.614 Y149.25 E.01251
G1 X116.911 Y149.713 E.01274
G1 X117.186 Y149.998 E.00915
G1 X117.611 Y150.307 E.01215
G1 X118.107 Y150.521 E.01252
G1 X118.592 Y150.621 E.01145
G1 X118.972 Y150.63 E.0088
G1 X119.369 Y150.575 E.00929
G1 X119.871 Y150.415 E.01218
G1 X120.336 Y150.142 E.01247
G1 X120.666 Y149.838 E.01039
G92 E0
G1 E-.3 F3600
G1 X120.195 Y151.108 Z46 F60000
G1 E.3 F2400
G1 F25953.656
G1 X120.062 Y151.17 E.00491
G1 X119.774 Y151.27 E.01027
G1 X119.452 Y151.348 E.01113
G1 X119.123 Y151.393 E.01116
G1 X118.793 Y151.404 E.01113
G1 X118.462 Y151.381 E.01114
G1 X118.136 Y151.325 E.01113
G1 X117.816 Y151.237 E.01117
G1 X117.512 Y151.118 E.01099
G1 X117.022 Y150.847 E.01884
G1 X116.76 Y150.651 E.011
G1 X116.516 Y150.427 E.01114
G1 X116.297 Y150.179 E.01113
G1 X116.102 Y149.91 E.01117
G1 X115.942 Y149.633 E.01076
G1 X115.801 Y149.321 E.0115
G1 X115.697 Y149.007 E.01115
G1 X115.625 Y148.683 E.01114
G1 X115.586 Y148.354 E.01114
G1 X115.58 Y148.024 E.01112
G1 X115.608 Y147.694 E.01114
G1 X115.669 Y147.368 E.01115
G1 X115.763 Y147.051 E.01114
G1 X115.889 Y146.743 E.01117
G1 X116.016 Y146.5 E.00924
G1 X116.185 Y146.237 E.0105
G1 X116.366 Y146.005 E.00993
G1 X116.595 Y145.764 E.01117
G1 X116.847 Y145.548 E.01114
G1 X117.119 Y145.36 E.01113
G1 X117.408 Y145.199 E.01115
G1 X117.712 Y145.068 E.01112
G1 X118.029 Y144.969 E.01117
G1 X118.353 Y144.902 E.01114
G1 X118.684 Y144.868 E.01119
G1 X119.233 Y144.887 E.01849
G1 X119.56 Y144.943 E.01113
G1 X119.879 Y145.032 E.01117
G1 X120.188 Y145.151 E.01112
G1 X120.483 Y145.303 E.01117
G1 X120.744 Y145.471 E.01045
G1 X120.989 Y145.663 E.01047
G1 X121.215 Y145.878 E.01049
G1 X121.399 Y146.089 E.0094
G1 X121.594 Y146.358 E.0112
G1 X121.754 Y146.635 E.01076
G1 X121.894 Y146.947 E.0115
G1 X121.999 Y147.262 E.01116
G1 X122.071 Y147.585 E.01114
G1 X122.11 Y147.914 E.01114
G1 X122.116 Y148.244 E.01112
G1 X122.088 Y148.574 E.01114
G1 X122.027 Y148.9 E.01115
G1 X121.933 Y149.218 E.01114
G1 X121.807 Y149.525 E.01117
G1 X121.68 Y149.768 E.00923
G1 X121.511 Y150.031 E.0105
G1 X121.33 Y150.264 E.00993
G1 X121.1 Y150.504 E.01117
G1 X120.848 Y150.72 E.01117
G1 X120.388 Y151.018 E.01845
G1 X120.231 Y151.091 E.00583
G1 X120.019 Y150.73 F60000
G1 F25953.656
G1 X119.905 Y150.783 E.0042
G1 X119.656 Y150.87 E.00888
G1 X119.375 Y150.937 E.00973
G1 X119.088 Y150.977 E.00974
G1 X118.8 Y150.986 E.0097
G1 X118.512 Y150.967 E.00971
G1 X118.228 Y150.918 E.0097
G1 X117.948 Y150.84 E.00976
G1 X117.689 Y150.74 E.00934
G1 X117.249 Y150.496 E.01693
G1 X117.027 Y150.329 E.00934
G1 X116.814 Y150.134 E.00971
G1 X116.623 Y149.918 E.00972
G1 X116.453 Y149.683 E.00977
G1 X116.313 Y149.442 E.00934
G1 X116.191 Y149.17 E.01006
G1 X116.099 Y148.895 E.00972
G1 X116.037 Y148.613 E.00972
G1 X116.002 Y148.326 E.00973
G1 X115.997 Y148.038 E.00969
G1 X116.022 Y147.75 E.00973
G1 X116.075 Y147.466 E.00972
G1 X116.157 Y147.189 E.00971
G1 X116.267 Y146.919 E.00982
G1 X116.377 Y146.71 E.00795
G1 X116.525 Y146.479 E.00923
G1 X116.682 Y146.277 E.00859
G1 X116.883 Y146.067 E.00978
G1 X117.102 Y145.879 E.00972
G1 X117.339 Y145.714 E.0097
G1 X117.593 Y145.574 E.00975
G1 X117.857 Y145.46 E.00969
G1 X118.134 Y145.373 E.00975
G1 X118.417 Y145.314 E.00973
G1 X118.708 Y145.285 E.00983
G1 X119.183 Y145.301 E.01601
G1 X119.468 Y145.35 E.00973
G1 X119.748 Y145.428 E.00977
G1 X120.017 Y145.532 E.0097
G1 X120.275 Y145.664 E.00975
G1 X120.502 Y145.811 E.0091
G1 X120.716 Y145.979 E.00914
G1 X121.072 Y146.349 E.01729
G1 X121.243 Y146.586 E.00983
G1 X121.382 Y146.826 E.00934
G1 X121.505 Y147.099 E.01006
G1 X121.596 Y147.373 E.00972
G1 X121.659 Y147.655 E.00972
G1 X121.693 Y147.942 E.00972
G1 X121.698 Y148.23 E.00969
G1 X121.674 Y148.518 E.00973
G1 X121.621 Y148.802 E.00972
G1 X121.539 Y149.079 E.00971
G1 X121.428 Y149.349 E.00982
G1 X121.319 Y149.559 E.00795
G1 X121.171 Y149.789 E.00923
G1 X121.013 Y149.991 E.00859
G1 X120.813 Y150.201 E.00978
G1 X120.592 Y150.391 E.00979
G1 X120.194 Y150.648 E.01595
G1 X120.055 Y150.713 E.00515
G1 E-.3 F3600
G1 X120.148 Y149.279 F60000
G1 E.3 F2400
G1 F25953.656
G1 X120.362 Y148.972 E.01261
G1 X120.508 Y148.627 E.01259
G1 X120.574 Y148.263 E.01246
G1 X120.574 Y148.005 E.00866
G1 X120.508 Y147.645 E.01231
G1 X120.417 Y147.403 E.0087
G1 X120.226 Y147.086 E.01245
G1 X119.969 Y146.815 E.01258
G1 X119.663 Y146.607 E.01242
G1 X119.427 Y146.502 E.0087
G1 X119.067 Y146.417 E.01246
G1 X118.719 Y146.409 E.01171
G1 X118.442 Y146.451 E.00941
G1 X118.097 Y146.574 E.01233
G1 X117.873 Y146.703 E.0087
G1 X117.594 Y146.94 E.01232
G1 X117.431 Y147.141 E.00869
G1 X117.252 Y147.464 E.01244
G1 X117.144 Y147.823 E.01261
G1 X117.118 Y148.197 E.01259
G1 X117.172 Y148.567 E.01258
G1 X117.303 Y148.918 E.0126
G1 X117.506 Y149.227 E.01244
G1 X117.683 Y149.414 E.00868
G1 X117.982 Y149.633 E.01246
G1 X118.325 Y149.785 E.0126
G1 X118.688 Y149.858 E.01245
G1 X118.941 Y149.862 E.00852
G1 X119.193 Y149.831 E.00855
G1 X119.547 Y149.719 E.01246
G1 X119.87 Y149.531 E.0126
G1 X120.118 Y149.306 E.01125
G1 X120.485 Y149.524 F60000
G1 F25953.656
G1 X120.73 Y149.175 E.01435
G1 X120.91 Y148.747 E.01562
G1 X120.991 Y148.3 E.01526
G1 X120.991 Y147.968 E.01119
G1 X120.912 Y147.533 E.01486
G1 X120.793 Y147.221 E.01124
G1 X120.56 Y146.832 E.01524
G1 X120.24 Y146.495 E.01563
G1 X119.867 Y146.241 E.01519
G1 X119.561 Y146.105 E.01126
G1 X119.12 Y146.001 E.01523
G1 X118.692 Y145.991 E.01442
G1 X118.339 Y146.045 E.01199
G1 X117.922 Y146.194 E.01492
G1 X117.632 Y146.361 E.01124
G1 X117.295 Y146.647 E.01489
G1 X117.084 Y146.906 E.01123
G1 X116.865 Y147.302 E.01521
G1 X116.732 Y147.748 E.01566
G1 X116.698 Y148.212 E.01566
G1 X116.766 Y148.671 E.01561
G1 X116.929 Y149.107 E.01566
G1 X117.177 Y149.487 E.01526
G1 X117.407 Y149.729 E.01121
G1 X117.772 Y149.997 E.01525
G1 X118.198 Y150.185 E.01566
G1 X118.643 Y150.274 E.01525
G1 X118.963 Y150.28 E.0108
G1 X119.283 Y150.24 E.01084
G1 X119.716 Y150.102 E.01528
G1 X120.118 Y149.869 E.01563
G1 X120.462 Y149.557 E.01563
G1 X120.696 Y149.812 F60000
G1 F37648.428
G1 X120.736 Y149.776 E.00125
G1 X121.028 Y149.357 E.01186
G1 X121.24 Y148.861 E.01249
G1 X121.338 Y148.344 E.01219
G1 X121.342 Y147.966 E.00878
G1 X121.253 Y147.452 E.01211
G1 X121.103 Y147.056 E.00981
G1 X120.829 Y146.608 E.01218
G1 X120.486 Y146.244 E.0116
G1 X120.048 Y145.941 E.01235
G1 X119.66 Y145.769 E.00983
G1 X119.15 Y145.651 E.01214
G1 X118.681 Y145.64 E.01088
G1 X118.24 Y145.709 E.01035
G1 X117.763 Y145.881 E.01176
G1 X117.421 Y146.082 E.00922
G1 X117.036 Y146.412 E.01174
G1 X116.79 Y146.723 E.00919
G1 X116.54 Y147.181 E.01212
G1 X116.391 Y147.67 E.01185
G1 X116.349 Y148.21 E.01256
G1 X116.43 Y148.773 E.0132
G1 X116.61 Y149.251 E.01184
G1 X116.897 Y149.698 E.01231
G1 X117.166 Y149.983 E.00908
G1 X117.587 Y150.288 E.01206
G1 X118.078 Y150.514 E.01253
G1 X118.592 Y150.621 E.01218
G1 X118.992 Y150.629 E.00929
G1 X119.371 Y150.579 E.00886
G1 X119.871 Y150.415 E.01221
G1 X120.336 Y150.142 E.0125
G1 X120.667 Y149.839 E.0104
G92 E0
G1 E-.3 F3600
G1 X120.188 Y151.111 Z46.2 F60000
G1 E.3 F2400
G1 F25953.656
G1 X120.062 Y151.17 E.00467
G1 X119.774 Y151.27 E.01027
G1 X119.452 Y151.348 E.01113
G1 X119.123 Y151.393 E.01117
G1 X118.793 Y151.404 E.01113
G1 X118.462 Y151.381 E.01115
G1 X118.136 Y151.325 E.01112
G1 X117.816 Y151.237 E.01117
G1 X117.512 Y151.118 E.01099
G1 X117.022 Y150.847 E.01884
G1 X116.76 Y150.651 E.011
G1 X116.516 Y150.427 E.01114
G1 X116.297 Y150.179 E.01113
G1 X116.102 Y149.91 E.01117
G1 X115.942 Y149.633 E.01076
G1 X115.801 Y149.321 E.0115
G1 X115.697 Y149.007 E.01116
G1 X115.625 Y148.683 E.01114
G1 X115.586 Y148.354 E.01114
G1 X115.58 Y148.024 E.01112
G1 X115.608 Y147.694 E.01114
G1 X115.669 Y147.368 E.01115
G1 X115.763 Y147.051 E.01114
G1 X115.889 Y146.743 E.01117
G1 X116.016 Y146.5 E.00924
G1 X116.185 Y146.237 E.0105
G1 X116.366 Y146.005 E.00993
G1 X116.595 Y145.764 E.01117
G1 X116.847 Y145.548 E.01114
G1 X117.119 Y145.36 E.01113
G1 X117.408 Y145.199 E.01115
G1 X117.712 Y145.068 E.01112
G1 X118.029 Y144.969 E.01117
G1 X118.353 Y144.902 E.01114
G1 X118.684 Y144.868 E.01118
G1 X119.233 Y144.887 E.01849
G1 X119.56 Y144.943 E.01114
G1 X119.879 Y145.032 E.01117
G1 X120.188 Y145.151 E.01112
G1 X120.483 Y145.303 E.01117
G1 X120.744 Y145.471 E.01045
G1 X120.989 Y145.663 E.01047
G1 X121.215 Y145.878 E.01049
G1 X121.399 Y146.089 E.0094
G1 X121.594 Y146.358 E.0112
G1 X121.754 Y146.635 E.01076
G1 X121.894 Y146.947 E.0115
G1 X121.999 Y147.262 E.01116
G1 X122.071 Y147.585 E.01114
G1 X122.11 Y147.914 E.01114
G1 X122.116 Y148.244 E.01112
G1 X122.088 Y148.574 E.01114
G1 X122.027 Y148.9 E.01115
G1 X121.933 Y149.218 E.01114
G1 X121.807 Y149.525 E.01117
G1 X121.68 Y149.768 E.00923
G1 X121.511 Y150.031 E.0105
G1 X121.33 Y150.264 E.00993
G1 X121.1 Y150.504 E.01117
G1 X120.848 Y150.72 E.01117
G1 X120.388 Y151.018 E.01845
G1 X120.225 Y151.094 E.00606
G1 X120.012 Y150.733 F60000
G1 F25953.656
G1 X119.905 Y150.783 E.00397
G1 X119.656 Y150.87 E.00888
G1 X119.375 Y150.937 E.00973
G1 X119.088 Y150.977 E.00974
G1 X118.8 Y150.986 E.0097
G1 X118.512 Y150.967 E.00971
G1 X118.228 Y150.918 E.0097
G1 X117.948 Y150.84 E.00976
G1 X117.689 Y150.74 E.00934
G1 X117.249 Y150.495 E.01694
G1 X117.027 Y150.329 E.00934
G1 X116.814 Y150.134 E.0097
G1 X116.623 Y149.918 E.00972
G1 X116.453 Y149.683 E.00977
G1 X116.313 Y149.442 E.00934
G1 X116.191 Y149.17 E.01006
G1 X116.099 Y148.895 E.00972
G1 X116.037 Y148.613 E.00972
G1 X116.002 Y148.326 E.00972
G1 X115.997 Y148.038 E.00969
G1 X116.022 Y147.75 E.00973
G1 X116.075 Y147.466 E.00972
G1 X116.157 Y147.189 E.00971
G1 X116.267 Y146.919 E.00982
G1 X116.377 Y146.71 E.00795
G1 X116.525 Y146.479 E.00923
G1 X116.682 Y146.277 E.00859
G1 X116.883 Y146.067 E.00978
G1 X117.102 Y145.879 E.00972
G1 X117.339 Y145.714 E.00971
G1 X117.593 Y145.574 E.00975
G1 X117.857 Y145.46 E.00969
G1 X118.134 Y145.373 E.00975
G1 X118.417 Y145.314 E.00973
G1 X118.707 Y145.285 E.00981
G1 X119.183 Y145.301 E.01602
G1 X119.468 Y145.35 E.00974
G1 X119.748 Y145.428 E.00977
G1 X120.017 Y145.532 E.0097
G1 X120.275 Y145.664 E.00975
G1 X120.502 Y145.811 E.0091
G1 X120.716 Y145.979 E.00913
G1 X121.072 Y146.349 E.01729
G1 X121.243 Y146.586 E.00983
G1 X121.382 Y146.826 E.00934
G1 X121.505 Y147.099 E.01006
G1 X121.596 Y147.373 E.00972
G1 X121.659 Y147.655 E.00972
G1 X121.693 Y147.942 E.00972
G1 X121.698 Y148.23 E.00969
G1 X121.674 Y148.518 E.00973
G1 X121.621 Y148.802 E.00972
G1 X121.539 Y149.079 E.00971
G1 X121.428 Y149.349 E.00982
G1 X121.319 Y149.559 E.00795
G1 X121.171 Y149.789 E.00923
G1 X121.013 Y149.991 E.0086
G1 X120.813 Y150.201 E.00978
G1 X120.592 Y150.391 E.00979
G1 X120.194 Y150.649 E.01595
G1 X120.049 Y150.716 E.00539
G1 E-.3 F3600
G1 X120.148 Y149.279 F60000
G1 E.3 F2400
G1 F25953.656
G1 X120.362 Y148.972 E.01261
G1 X120.508 Y148.627 E.01259
G1 X120.574 Y148.263 E.01246
G1 X120.574 Y148.005 E.00866
G1 X120.508 Y147.645 E.01231
G1 X120.417 Y147.403 E.0087
G1 X120.226 Y147.086 E.01245
G1 X119.969 Y146.815 E.01258
G1 X119.663 Y146.607 E.01242
G1 X119.427 Y146.502 E.0087
G1 X119.066 Y146.417 E.01246
G1 X118.716 Y146.409 E.01178
G1 X118.442 Y146.451 E.00934
G1 X118.097 Y146.574 E.01232
G1 X117.873 Y146.703 E.0087
G1 X117.594 Y146.94 E.01232
G1 X117.431 Y147.141 E.00869
G1 X117.252 Y147.464 E.01244
G1 X117.144 Y147.823 E.01261
G1 X117.118 Y148.197 E.01259
G1 X117.172 Y148.567 E.01258
G1 X117.303 Y148.918 E.0126
G1 X117.506 Y149.227 E.01244
G1 X117.683 Y149.414 E.00868
G1 X117.982 Y149.633 E.01246
G1 X118.325 Y149.785 E.0126
G1 X118.688 Y149.858 E.01245
G1 X118.941 Y149.862 E.00852
G1 X119.193 Y149.831 E.00855
G1 X119.547 Y149.719 E.01246
G1 X119.87 Y149.531 E.0126
G1 X120.118 Y149.306 E.01125
G1 X120.485 Y149.524 F60000
G1 F25953.656
G1 X120.73 Y149.175 E.01435
G1 X120.91 Y148.747 E.01562
G1 X120.991 Y148.3 E.01526
G1 X120.991 Y147.968 E.01119
G1 X120.912 Y147.533 E.01486
G1 X120.793 Y147.22 E.01124
G1 X120.56 Y146.832 E.01524
G1 X120.24 Y146.495 E.01563
G1 X119.867 Y146.241 E.01519
G1 X119.561 Y146.105 E.01126
G1 X119.12 Y146.001 E.01524
G1 X118.689 Y145.991 E.0145
G1 X118.339 Y146.045 E.01192
G1 X117.922 Y146.194 E.01491
G1 X117.632 Y146.361 E.01124
G1 X117.295 Y146.647 E.01489
G1 X117.084 Y146.906 E.01123
G1 X116.865 Y147.302 E.01521
G1 X116.732 Y147.748 E.01566
G1 X116.698 Y148.212 E.01566
G1 X116.766 Y148.671 E.01561
G1 X116.929 Y149.107 E.01566
G1 X117.177 Y149.487 E.01526
G1 X117.407 Y149.729 E.01121
G1 X117.772 Y149.997 E.01525
G1 X118.198 Y150.185 E.01566
G1 X118.643 Y150.274 E.01525
G1 X118.963 Y150.28 E.0108
G1 X119.283 Y150.24 E.01084
G1 X119.716 Y150.102 E.01528
G1 X120.118 Y149.869 E.01563
G1 X120.462 Y149.557 E.01563
G1 X120.696 Y149.812 F60000
G1 F37648.533
G1 X120.736 Y149.776 E.00125
G1 X121.028 Y149.357 E.01186
G1 X121.24 Y148.861 E.01249
G1 X121.338 Y148.344 E.0122
G1 X121.342 Y147.966 E.00878
G1 X121.253 Y147.452 E.01211
G1 X121.103 Y147.056 E.00981
G1 X120.829 Y146.608 E.01218
G1 X120.486 Y146.244 E.0116
G1 X120.048 Y145.941 E.01235
G1 X119.66 Y145.769 E.00983
G1 X119.15 Y145.651 E.01215
G1 X118.679 Y145.64 E.01093
G1 X118.24 Y145.709 E.0103
G1 X117.763 Y145.881 E.01175
G1 X117.421 Y146.082 E.00922
G1 X117.036 Y146.412 E.01174
G1 X116.79 Y146.723 E.00919
G1 X116.54 Y147.181 E.01212
G1 X116.391 Y147.67 E.01185
G1 X116.349 Y148.21 E.01256
G1 X116.43 Y148.773 E.0132
G1 X116.61 Y149.251 E.01184
G1 X116.897 Y149.698 E.01231
G1 X117.166 Y149.983 E.00908
G1 X117.587 Y150.288 E.01206
G1 X118.078 Y150.514 E.01253
G1 X118.592 Y150.621 E.01218
G1 X118.992 Y150.629 E.00929
G1 X119.371 Y150.579 E.00886
G1 X119.871 Y150.415 E.01221
G1 X120.336 Y150.142 E.0125
G1 X120.667 Y149.839 E.0104
G92 E0
G1 E-.3 F3600
G1 X120.182 Y151.114 Z46.4 F60000
G1 E.3 F2400
G1 F25953.656
G1 X120.062 Y151.17 E.00445
G1 X119.774 Y151.27 E.01027
G1 X119.452 Y151.348 E.01113
G1 X119.123 Y151.393 E.01117
G1 X118.793 Y151.404 E.01113
G1 X118.462 Y151.381 E.01115
G1 X118.136 Y151.325 E.01112
G1 X117.816 Y151.237 E.01117
G1 X117.512 Y151.118 E.01099
G1 X117.022 Y150.847 E.01884
G1 X116.76 Y150.651 E.011
G1 X116.516 Y150.427 E.01114
G1 X116.297 Y150.179 E.01113
G1 X116.102 Y149.91 E.01118
G1 X115.942 Y149.633 E.01076
G1 X115.801 Y149.321 E.0115
G1 X115.697 Y149.007 E.01116
G1 X115.625 Y148.683 E.01114
G1 X115.586 Y148.354 E.01114
G1 X115.58 Y148.024 E.01112
G1 X115.608 Y147.694 E.01114
G1 X115.669 Y147.368 E.01115
G1 X115.763 Y147.051 E.01114
G1 X115.889 Y146.743 E.01117
G1 X116.016 Y146.5 E.00924
G1 X116.185 Y146.237 E.0105
G1 X116.366 Y146.005 E.00993
G1 X116.595 Y145.764 E.01118
G1 X116.847 Y145.548 E.01114
G1 X117.119 Y145.36 E.01113
G1 X117.408 Y145.199 E.01115
G1 X117.712 Y145.068 E.01112
G1 X118.029 Y144.969 E.01117
G1 X118.353 Y144.902 E.01114
G1 X118.684 Y144.868 E.01118
G1 X119.233 Y144.887 E.0185
G1 X119.56 Y144.943 E.01114
G1 X119.879 Y145.032 E.01117
G1 X120.188 Y145.151 E.01112
G1 X120.483 Y145.303 E.01117
G1 X120.744 Y145.471 E.01045
G1 X120.989 Y145.663 E.01048
G1 X121.215 Y145.878 E.01049
G1 X121.399 Y146.089 E.0094
G1 X121.594 Y146.358 E.0112
G1 X121.754 Y146.635 E.01076
G1 X121.894 Y146.947 E.01149
G1 X121.999 Y147.262 E.01116
G1 X122.071 Y147.585 E.01114
G1 X122.11 Y147.914 E.01114
G1 X122.116 Y148.244 E.01112
G1 X122.088 Y148.574 E.01114
G1 X122.027 Y148.9 E.01115
G1 X121.933 Y149.218 E.01114
G1 X121.807 Y149.525 E.01117
G1 X121.68 Y149.768 E.00923
G1 X121.511 Y150.031 E.0105
G1 X121.33 Y150.264 E.00993
G1 X121.1 Y150.504 E.01117
G1 X120.848 Y150.72 E.01117
G1 X120.388 Y151.018 E.01845
G1 X120.218 Y151.097 E.00629
G1 X120.006 Y150.736 F60000
G1 F25953.656
G1 X119.905 Y150.783 E.00374
G1 X119.656 Y150.87 E.00888
G1 X119.375 Y150.937 E.00973
G1 X119.088 Y150.977 E.00974
G1 X118.8 Y150.986 E.0097
G1 X118.512 Y150.967 E.00971
G1 X118.228 Y150.918 E.0097
G1 X117.948 Y150.84 E.00977
G1 X117.689 Y150.74 E.00934
G1 X117.249 Y150.496 E.01694
G1 X117.027 Y150.329 E.00934
G1 X116.814 Y150.134 E.00971
G1 X116.623 Y149.918 E.00972
G1 X116.453 Y149.683 E.00977
G1 X116.313 Y149.442 E.00934
G1 X116.191 Y149.17 E.01006
G1 X116.099 Y148.895 E.00972
G1 X116.037 Y148.613 E.00972
G1 X116.002 Y148.326 E.00972
G1 X115.997 Y148.038 E.00969
G1 X116.022 Y147.75 E.00973
G1 X116.075 Y147.466 E.00972
G1 X116.157 Y147.189 E.00971
G1 X116.267 Y146.919 E.00982
G1 X116.377 Y146.71 E.00795
G1 X116.525 Y146.479 E.00923
G1 X116.682 Y146.277 E.00859
G1 X116.883 Y146.067 E.00978
G1 X117.102 Y145.879 E.00972
G1 X117.339 Y145.714 E.00971
G1 X117.593 Y145.574 E.00975
G1 X117.857 Y145.46 E.00969
G1 X118.134 Y145.373 E.00975
G1 X118.417 Y145.314 E.00973
G1 X118.707 Y145.285 E.0098
G1 X119.183 Y145.301 E.01602
G1 X119.468 Y145.35 E.00975
G1 X119.748 Y145.428 E.00976
G1 X120.017 Y145.532 E.0097
G1 X120.275 Y145.665 E.00975
G1 X120.502 Y145.811 E.0091
G1 X120.716 Y145.979 E.00914
G1 X121.072 Y146.349 E.01728
G1 X121.243 Y146.586 E.00983
G1 X121.382 Y146.826 E.00934
G1 X121.505 Y147.099 E.01006
G1 X121.596 Y147.373 E.00972
G1 X121.659 Y147.655 E.00972
G1 X121.693 Y147.942 E.00972
G1 X121.698 Y148.23 E.00969
G1 X121.674 Y148.518 E.00973
G1 X121.621 Y148.802 E.00972
G1 X121.539 Y149.079 E.00971
G1 X121.428 Y149.349 E.00982
G1 X121.319 Y149.559 E.00794
G1 X121.171 Y149.789 E.00923
G1 X121.013 Y149.991 E.0086
G1 X120.813 Y150.201 E.00978
G1 X120.592 Y150.391 E.00979
G1 X120.194 Y150.649 E.01595
G1 X120.042 Y150.719 E.00562
G1 E-.3 F3600
G1 X120.148 Y149.279 F60000
G1 E.3 F2400
G1 F25953.656
G1 X120.362 Y148.972 E.01261
G1 X120.508 Y148.627 E.01259
G1 X120.574 Y148.263 E.01246
G1 X120.574 Y148.005 E.00866
G1 X120.508 Y147.645 E.01231
G1 X120.417 Y147.403 E.0087
G1 X120.226 Y147.086 E.01245
G1 X119.969 Y146.815 E.01258
G1 X119.663 Y146.607 E.01242
G1 X119.427 Y146.502 E.0087
G1 X119.066 Y146.417 E.01246
G1 X118.714 Y146.409 E.01184
G1 X118.442 Y146.451 E.00927
G1 X118.097 Y146.574 E.01232
G1 X117.873 Y146.703 E.0087
G1 X117.594 Y146.94 E.01232
G1 X117.431 Y147.141 E.00869
G1 X117.252 Y147.464 E.01244
G1 X117.144 Y147.823 E.0126
G1 X117.118 Y148.197 E.01259
G1 X117.172 Y148.567 E.01258
G1 X117.303 Y148.918 E.0126
G1 X117.506 Y149.227 E.01244
G1 X117.683 Y149.414 E.00868
G1 X117.982 Y149.633 E.01246
G1 X118.325 Y149.785 E.01261
G1 X118.688 Y149.858 E.01245
G1 X118.941 Y149.862 E.00852
G1 X119.193 Y149.831 E.00855
G1 X119.547 Y149.719 E.01246
G1 X119.87 Y149.531 E.0126
G1 X120.118 Y149.306 E.01125
G1 X120.485 Y149.524 F60000
G1 F25953.656
G1 X120.73 Y149.175 E.01435
G1 X120.91 Y148.747 E.01562
G1 X120.991 Y148.3 E.01526
G1 X120.991 Y147.968 E.01119
G1 X120.912 Y147.533 E.01486
G1 X120.793 Y147.22 E.01124
G1 X120.56 Y146.832 E.01524
G1 X120.24 Y146.495 E.01563
G1 X119.867 Y146.241 E.01519
G1 X119.561 Y146.105 E.01126
G1 X119.12 Y146.001 E.01525
G1 X118.687 Y145.991 E.01457
G1 X118.339 Y146.045 E.01185
G1 X117.922 Y146.194 E.0149
G1 X117.632 Y146.361 E.01124
G1 X117.295 Y146.647 E.01489
G1 X117.084 Y146.906 E.01123
G1 X116.865 Y147.302 E.01521
G1 X116.732 Y147.748 E.01566
G1 X116.698 Y148.212 E.01566
G1 X116.766 Y148.671 E.01561
G1 X116.929 Y149.107 E.01566
G1 X117.177 Y149.487 E.01526
G1 X117.407 Y149.729 E.01121
G1 X117.772 Y149.997 E.01525
G1 X118.198 Y150.185 E.01566
G1 X118.643 Y150.274 E.01525
G1 X118.963 Y150.28 E.0108
G1 X119.283 Y150.24 E.01084
G1 X119.716 Y150.102 E.01528
G1 X120.118 Y149.869 E.01563
G1 X120.462 Y149.557 E.01563
G1 X120.696 Y149.812 F60000
G1 F37648.708
G1 X120.736 Y149.776 E.00125
G1 X121.028 Y149.357 E.01186
G1 X121.24 Y148.861 E.01249
G1 X121.338 Y148.344 E.01219
G1 X121.342 Y147.966 E.00878
G1 X121.253 Y147.452 E.01211
G1 X121.103 Y147.056 E.00981
G1 X120.829 Y146.608 E.01218
G1 X120.486 Y146.244 E.0116
G1 X120.048 Y145.941 E.01235
G1 X119.66 Y145.769 E.00983
G1 X119.15 Y145.651 E.01216
G1 X118.676 Y145.64 E.01099
G1 X118.24 Y145.709 E.01025
G1 X117.763 Y145.881 E.01174
G1 X117.421 Y146.082 E.00922
G1 X117.036 Y146.412 E.01174
G1 X116.79 Y146.723 E.00919
G1 X116.54 Y147.181 E.01212
G1 X116.391 Y147.67 E.01185
G1 X116.349 Y148.21 E.01256
G1 X116.43 Y148.773 E.0132
G1 X116.61 Y149.251 E.01184
G1 X116.897 Y149.698 E.01231
G1 X117.166 Y149.983 E.00908
G1 X117.587 Y150.288 E.01206
G1 X118.078 Y150.514 E.01253
G1 X118.592 Y150.621 E.01218
G1 X118.992 Y150.629 E.00929
G1 X119.371 Y150.579 E.00886
G1 X119.871 Y150.415 E.01221
G1 X120.336 Y150.142 E.0125
G1 X120.667 Y149.839 E.0104
G92 E0
G1 E-.3 F3600
G1 X120.173 Y151.123 Z46.6 F60000
G1 E.3 F2400
G1 F25953.656
G1 X119.918 Y151.223 E.00923
G1 X119.618 Y151.312 E.01053
G1 X119.344 Y151.366 E.00941
G1 X119.013 Y151.4 E.01117
G1 X118.683 Y151.4 E.01112
G1 X118.352 Y151.366 E.01117
G1 X118.078 Y151.312 E.00941
G1 X117.778 Y151.223 E.01053
G1 X117.509 Y151.117 E.00972
G1 X117.213 Y150.966 E.01119
G1 X116.952 Y150.798 E.01043
G1 X116.677 Y150.579 E.01184
G1 X116.44 Y150.346 E.01115
G1 X116.228 Y150.091 E.01116
G1 X116.044 Y149.817 E.01112
G1 X115.888 Y149.524 E.01115
G1 X115.763 Y149.218 E.01114
G1 X115.669 Y148.9 E.01114
G1 X115.608 Y148.573 E.01118
G1 X115.582 Y148.291 E.00956
G1 X115.582 Y147.978 E.01053
G1 X115.608 Y147.695 E.00956
G1 X115.669 Y147.368 E.01118
G1 X115.763 Y147.051 E.01114
G1 X115.888 Y146.744 E.01114
G1 X116.044 Y146.452 E.01115
G1 X116.228 Y146.177 E.01112
G1 X116.44 Y145.922 E.01116
G1 X116.677 Y145.69 E.01115
G1 X116.952 Y145.47 E.01184
G1 X117.213 Y145.303 E.01043
G1 X117.51 Y145.15 E.01123
G1 X118.029 Y144.969 E.01848
G1 X118.353 Y144.902 E.01114
G1 X118.683 Y144.868 E.01114
G1 X119.004 Y144.868 E.0108
G1 X119.344 Y144.902 E.01151
G1 X119.618 Y144.957 E.0094
G1 X119.918 Y145.045 E.01053
G1 X120.187 Y145.151 E.00972
G1 X120.483 Y145.303 E.01119
G1 X120.744 Y145.47 E.01043
G1 X121.019 Y145.69 E.01184
G1 X121.255 Y145.922 E.01115
G1 X121.467 Y146.177 E.01116
G1 X121.651 Y146.452 E.01112
G1 X121.807 Y146.744 E.01115
G1 X121.933 Y147.051 E.01114
G1 X122.027 Y147.368 E.01114
G1 X122.088 Y147.695 E.01118
G1 X122.114 Y147.978 E.00956
G1 X122.114 Y148.291 E.01052
G1 X122.088 Y148.573 E.00956
G1 X122.027 Y148.9 E.01118
G1 X121.933 Y149.218 E.01114
G1 X121.807 Y149.524 E.01114
G1 X121.651 Y149.817 E.01115
G1 X121.467 Y150.091 E.01112
G1 X121.255 Y150.346 E.01116
G1 X121.019 Y150.579 E.01115
G1 X120.744 Y150.798 E.01184
G1 X120.483 Y150.966 E.01043
G1 X120.21 Y151.106 E.01033
G1 X120.015 Y150.737 F60000
G1 F25953.656
G1 X119.518 Y150.906 E.01766
G1 X119.281 Y150.954 E.00812
G1 X118.992 Y150.983 E.00979
G1 X118.704 Y150.983 E.00969
G1 X118.414 Y150.954 E.00979
G1 X117.913 Y150.828 E.01738
G1 X117.681 Y150.737 E.0084
G1 X117.421 Y150.604 E.00981
G1 X117.195 Y150.458 E.00904
G1 X116.954 Y150.266 E.0104
G1 X116.748 Y150.064 E.00971
G1 X116.563 Y149.841 E.00973
G1 X116.403 Y149.602 E.00969
G1 X116.266 Y149.347 E.00973
G1 X116.157 Y149.079 E.00973
G1 X116.075 Y148.802 E.00971
G1 X116.022 Y148.516 E.0098
G1 X115.999 Y148.271 E.00826
G1 X116.022 Y147.752 E.01748
G1 X116.075 Y147.466 E.0098
G1 X116.157 Y147.189 E.00971
G1 X116.266 Y146.921 E.00973
G1 X116.403 Y146.666 E.00973
G1 X116.563 Y146.427 E.00969
G1 X116.748 Y146.205 E.00973
G1 X116.954 Y146.002 E.00971
G1 X117.195 Y145.81 E.01039
G1 X117.421 Y145.665 E.00904
G1 X117.684 Y145.53 E.00994
G1 X118.134 Y145.373 E.016
G1 X118.417 Y145.314 E.00973
G1 X118.704 Y145.285 E.00971
G1 X118.983 Y145.285 E.00939
G1 X119.282 Y145.315 E.01012
G1 X119.783 Y145.44 E.01734
G1 X120.015 Y145.531 E.0084
G1 X120.275 Y145.664 E.00981
G1 X120.501 Y145.81 E.00904
G1 X120.742 Y146.002 E.0104
G1 X120.948 Y146.205 E.00971
G1 X121.133 Y146.427 E.00973
G1 X121.293 Y146.666 E.00969
G1 X121.429 Y146.921 E.00973
G1 X121.539 Y147.189 E.00973
G1 X121.621 Y147.466 E.00971
G1 X121.674 Y147.752 E.0098
G1 X121.697 Y147.997 E.00826
G1 X121.674 Y148.516 E.01748
G1 X121.621 Y148.802 E.0098
G1 X121.539 Y149.079 E.00971
G1 X121.429 Y149.347 E.00972
G1 X121.293 Y149.602 E.00973
G1 X121.133 Y149.841 E.00969
G1 X120.948 Y150.064 E.00973
G1 X120.742 Y150.266 E.00971
G1 X120.501 Y150.458 E.0104
G1 X120.275 Y150.604 E.00904
G1 X120.051 Y150.719 E.00847
G1 E-.3 F3600
G1 X120.148 Y149.279 F60000
G1 E.3 F2400
G1 F25953.656
G1 X120.362 Y148.972 E.01261
G1 X120.508 Y148.627 E.01259
G1 X120.574 Y148.263 E.01246
G1 X120.574 Y148.005 E.00866
G1 X120.508 Y147.645 E.01231
G1 X120.417 Y147.403 E.0087
G1 X120.226 Y147.086 E.01245
G1 X119.969 Y146.815 E.01258
G1 X119.663 Y146.607 E.01242
G1 X119.427 Y146.502 E.0087
G1 X119.066 Y146.417 E.01246
G1 X118.712 Y146.409 E.01191
G1 X118.442 Y146.451 E.00921
G1 X118.097 Y146.574 E.01232
G1 X117.873 Y146.703 E.0087
G1 X117.594 Y146.94 E.01232
G1 X117.431 Y147.141 E.00869
G1 X117.252 Y147.464 E.01244
G1 X117.144 Y147.823 E.01261
G1 X117.118 Y148.197 E.01259
G1 X117.172 Y148.567 E.01258
G1 X117.303 Y148.918 E.0126
G1 X117.506 Y149.227 E.01244
G1 X117.683 Y149.414 E.00868
G1 X117.982 Y149.633 E.01246
G1 X118.325 Y149.785 E.01261
G1 X118.688 Y149.858 E.01245
G1 X118.941 Y149.862 E.00852
G1 X119.193 Y149.831 E.00855
G1 X119.547 Y149.719 E.01246
G1 X119.87 Y149.531 E.0126
G1 X120.118 Y149.306 E.01125
G1 X120.485 Y149.524 F60000
G1 F25953.656
G1 X120.73 Y149.175 E.01435
G1 X120.91 Y148.747 E.01562
G1 X120.991 Y148.3 E.01526
G1 X120.991 Y147.968 E.01119
G1 X120.912 Y147.533 E.01486
G1 X120.793 Y147.22 E.01124
G1 X120.56 Y146.832 E.01524
G1 X120.24 Y146.495 E.01563
G1 X119.867 Y146.241 E.01519
G1 X119.561 Y146.105 E.01126
G1 X119.12 Y146.001 E.01525
G1 X118.684 Y145.991 E.01465
G1 X118.339 Y146.045 E.01178
G1 X117.922 Y146.194 E.01489
G1 X117.632 Y146.361 E.01124
G1 X117.295 Y146.647 E.01489
G1 X117.084 Y146.906 E.01123
G1 X116.865 Y147.302 E.01521
G1 X116.732 Y147.748 E.01566
G1 X116.698 Y148.212 E.01566
G1 X116.766 Y148.671 E.01561
G1 X116.929 Y149.107 E.01566
G1 X117.177 Y149.487 E.01526
G1 X117.407 Y149.729 E.01121
G1 X117.772 Y149.997 E.01525
G1 X118.198 Y150.185 E.01566
G1 X118.643 Y150.274 E.01525
G1 X118.963 Y150.28 E.0108
G1 X119.283 Y150.24 E.01084
G1 X119.716 Y150.102 E.01528
G1 X120.118 Y149.869 E.01563
G1 X120.462 Y149.557 E.01563
G1 X120.744 Y149.757 F60000
G1 F37702.313
G1 X121.028 Y149.357 E.01137
G1 X121.24 Y148.861 E.01248
G1 X121.321 Y148.471 E.00924
G1 X121.344 Y148.014 E.01059
G1 X121.252 Y147.452 E.01318
G1 X121.112 Y147.071 E.0094
G1 X120.848 Y146.632 E.01184
G1 X120.478 Y146.238 E.01252
G1 X120.048 Y145.941 E.01211
G1 X119.671 Y145.772 E.00955
G1 X119.179 Y145.656 E.01172
G1 X118.722 Y145.639 E.01059
G1 X118.239 Y145.709 E.01129
G1 X117.786 Y145.871 E.01114
G1 X117.42 Y146.082 E.00979
G1 X117.036 Y146.412 E.01173
G1 X116.787 Y146.721 E.00919
G1 X116.537 Y147.181 E.01212
G1 X116.386 Y147.7 E.01254
G1 X116.35 Y148.21 E.01183
G1 X116.423 Y148.744 E.01248
G1 X116.611 Y149.251 E.01252
G1 X116.895 Y149.694 E.01218
G1 X117.184 Y150.001 E.00976
G1 X117.596 Y150.3 E.0118
G1 X118.025 Y150.494 E.0109
G1 X118.592 Y150.62 E.01345
G1 X118.971 Y150.632 E.00878
G1 X119.434 Y150.562 E.01084
G1 X119.874 Y150.416 E.01073
G1 X120.313 Y150.161 E.01176
G1 X120.714 Y149.799 E.01252
G1 X120.721 Y149.79 E.00026
G92 E0
G1 E-.3 F3600
G1 X120.168 Y151.125 Z46.8 F60000
G1 E.3 F2400
G1 F25953.656
G1 X119.918 Y151.223 E.00904
G1 X119.618 Y151.312 E.01053
G1 X119.344 Y151.366 E.00941
G1 X119.013 Y151.4 E.01117
G1 X118.683 Y151.4 E.01112
G1 X118.352 Y151.366 E.01117
G1 X118.078 Y151.312 E.00941
G1 X117.778 Y151.223 E.01053
G1 X117.509 Y151.117 E.00973
G1 X117.213 Y150.966 E.01119
G1 X116.952 Y150.798 E.01043
G1 X116.677 Y150.579 E.01184
G1 X116.44 Y150.346 E.01115
G1 X116.228 Y150.091 E.01116
G1 X116.044 Y149.817 E.01112
G1 X115.888 Y149.524 E.01115
G1 X115.763 Y149.218 E.01114
G1 X115.669 Y148.9 E.01114
G1 X115.608 Y148.573 E.01118
G1 X115.582 Y148.291 E.00956
G1 X115.582 Y147.978 E.01053
G1 X115.608 Y147.695 E.00956
G1 X115.669 Y147.368 E.01118
G1 X115.763 Y147.051 E.01114
G1 X115.889 Y146.743 E.01117
G1 X116.016 Y146.5 E.00923
G1 X116.185 Y146.237 E.0105
G1 X116.366 Y146.005 E.00993
G1 X116.595 Y145.764 E.01117
G1 X116.847 Y145.548 E.01114
G1 X117.119 Y145.36 E.01113
G1 X117.408 Y145.199 E.01115
G1 X117.712 Y145.068 E.01112
G1 X118.029 Y144.969 E.01117
G1 X118.353 Y144.902 E.01114
G1 X118.683 Y144.868 E.01117
G1 X119.233 Y144.887 E.0185
G1 X119.56 Y144.943 E.01115
G1 X119.879 Y145.032 E.01117
G1 X120.188 Y145.151 E.01112
G1 X120.483 Y145.303 E.01117
G1 X120.744 Y145.47 E.01043
G1 X121.019 Y145.69 E.01184
G1 X121.255 Y145.922 E.01115
G1 X121.467 Y146.177 E.01116
G1 X121.651 Y146.452 E.01112
G1 X121.807 Y146.744 E.01115
G1 X121.933 Y147.051 E.01114
G1 X122.027 Y147.368 E.01114
G1 X122.088 Y147.695 E.01118
G1 X122.114 Y147.978 E.00956
G1 X122.114 Y148.291 E.01052
G1 X122.088 Y148.573 E.00956
G1 X122.027 Y148.9 E.01118
G1 X121.933 Y149.218 E.01114
G1 X121.807 Y149.524 E.01114
G1 X121.651 Y149.817 E.01115
G1 X121.467 Y150.091 E.01112
G1 X121.255 Y150.346 E.01116
G1 X121.019 Y150.579 E.01115
G1 X120.744 Y150.798 E.01184
G1 X120.483 Y150.966 E.01043
G1 X120.205 Y151.108 E.01052
G1 X120.015 Y150.737 F60000
G1 F25953.656
G1 X119.518 Y150.906 E.01766
G1 X119.281 Y150.954 E.00812
G1 X118.992 Y150.983 E.00979
G1 X118.704 Y150.983 E.00969
G1 X118.414 Y150.954 E.00979
G1 X117.913 Y150.828 E.01737
G1 X117.681 Y150.737 E.00841
G1 X117.421 Y150.604 E.00981
G1 X117.195 Y150.458 E.00903
G1 X116.954 Y150.266 E.0104
G1 X116.748 Y150.064 E.00971
G1 X116.563 Y149.841 E.00973
G1 X116.403 Y149.602 E.00969
G1 X116.266 Y149.347 E.00973
G1 X116.157 Y149.079 E.00973
G1 X116.075 Y148.802 E.00971
G1 X116.022 Y148.516 E.0098
G1 X115.999 Y148.271 E.00826
G1 X116.022 Y147.752 E.01748
G1 X116.075 Y147.466 E.0098
G1 X116.157 Y147.189 E.00971
G1 X116.267 Y146.919 E.00982
G1 X116.377 Y146.71 E.00795
G1 X116.525 Y146.479 E.00923
G1 X116.682 Y146.277 E.00859
G1 X116.883 Y146.067 E.00978
G1 X117.102 Y145.879 E.00972
G1 X117.339 Y145.714 E.0097
G1 X117.593 Y145.574 E.00975
G1 X117.857 Y145.46 E.00969
G1 X118.134 Y145.373 E.00975
G1 X118.417 Y145.314 E.00973
G1 X118.706 Y145.285 E.00977
G1 X119.182 Y145.301 E.01603
G1 X119.468 Y145.35 E.00977
G1 X119.748 Y145.428 E.00977
G1 X120.017 Y145.532 E.0097
G1 X120.275 Y145.665 E.00975
G1 X120.501 Y145.81 E.00904
G1 X120.742 Y146.002 E.0104
G1 X120.948 Y146.205 E.00971
G1 X121.133 Y146.427 E.00973
G1 X121.293 Y146.666 E.00969
G1 X121.429 Y146.921 E.00973
G1 X121.539 Y147.189 E.00973
G1 X121.621 Y147.466 E.00971
G1 X121.674 Y147.752 E.0098
G1 X121.697 Y147.997 E.00827
G1 X121.674 Y148.516 E.01748
G1 X121.621 Y148.802 E.0098
G1 X121.539 Y149.079 E.00971
G1 X121.429 Y149.347 E.00973
G1 X121.293 Y149.602 E.00973
G1 X121.133 Y149.841 E.00969
G1 X120.948 Y150.064 E.00973
G1 X120.742 Y150.266 E.00971
G1 X120.501 Y150.458 E.01039
G1 X120.275 Y150.604 E.00904
G1 X120.051 Y150.719 E.00847
G1 E-.3 F3600
G1 X120.148 Y149.279 F60000
G1 E.3 F2400
G1 F25953.656
G1 X120.362 Y148.972 E.01261
G1 X120.508 Y148.627 E.01259
G1 X120.574 Y148.263 E.01246
G1 X120.574 Y148.005 E.00866
G1 X120.508 Y147.645 E.01231
G1 X120.417 Y147.403 E.0087
G1 X120.226 Y147.086 E.01245
G1 X119.969 Y146.815 E.01258
G1 X119.663 Y146.607 E.01242
G1 X119.427 Y146.502 E.0087
G1 X119.066 Y146.417 E.01247
G1 X118.71 Y146.409 E.01198
G1 X118.442 Y146.451 E.00914
G1 X118.097 Y146.574 E.01231
G1 X117.873 Y146.703 E.0087
G1 X117.594 Y146.94 E.01232
G1 X117.431 Y147.141 E.00869
G1 X117.252 Y147.464 E.01244
G1 X117.144 Y147.823 E.0126
G1 X117.118 Y148.197 E.01259
G1 X117.172 Y148.567 E.01258
G1 X117.303 Y148.918 E.0126
G1 X117.506 Y149.227 E.01244
G1 X117.683 Y149.414 E.00868
G1 X117.982 Y149.633 E.01246
G1 X118.325 Y149.785 E.0126
G1 X118.688 Y149.858 E.01245
G1 X118.941 Y149.862 E.00852
G1 X119.193 Y149.831 E.00855
G1 X119.546 Y149.719 E.01246
G1 X119.87 Y149.531 E.0126
G1 X120.118 Y149.306 E.01125
G1 X120.485 Y149.524 F60000
G1 F25953.656
G1 X120.73 Y149.175 E.01435
G1 X120.91 Y148.747 E.01562
G1 X120.991 Y148.3 E.01526
G1 X120.991 Y147.968 E.01119
G1 X120.912 Y147.533 E.01486
G1 X120.793 Y147.22 E.01125
G1 X120.56 Y146.832 E.01524
G1 X120.24 Y146.495 E.01563
G1 X119.867 Y146.241 E.01519
G1 X119.561 Y146.105 E.01126
G1 X119.12 Y146.001 E.01526
G1 X118.682 Y145.991 E.01472
G1 X118.338 Y146.045 E.0117
G1 X117.922 Y146.194 E.01488
G1 X117.632 Y146.361 E.01124
G1 X117.295 Y146.647 E.01489
G1 X117.084 Y146.906 E.01123
G1 X116.865 Y147.302 E.01521
G1 X116.732 Y147.748 E.01566
G1 X116.698 Y148.212 E.01566
G1 X116.766 Y148.671 E.01561
G1 X116.929 Y149.107 E.01566
G1 X117.177 Y149.487 E.01526
G1 X117.407 Y149.729 E.01121
G1 X117.772 Y149.997 E.01525
G1 X118.198 Y150.185 E.01566
G1 X118.643 Y150.274 E.01525
G1 X118.963 Y150.28 E.0108
G1 X119.283 Y150.24 E.01084
G1 X119.716 Y150.102 E.01528
G1 X120.118 Y149.869 E.01563
G1 X120.462 Y149.557 E.01563
G1 X120.744 Y149.757 F60000
G1 F37693.796
G1 X121.028 Y149.357 E.01137
G1 X121.24 Y148.861 E.01248
G1 X121.321 Y148.471 E.00924
G1 X121.344 Y148.014 E.0106
G1 X121.252 Y147.452 E.01319
G1 X121.111 Y147.071 E.00941
G1 X120.848 Y146.632 E.01184
G1 X120.478 Y146.238 E.01252
G1 X120.048 Y145.941 E.01211
G1 X119.66 Y145.769 E.00981
G1 X119.149 Y145.651 E.01216
G1 X118.722 Y145.639 E.0099
G1 X118.239 Y145.709 E.0113
G1 X117.763 Y145.881 E.01171
G1 X117.421 Y146.082 E.00921
G1 X117.036 Y146.412 E.01173
G1 X116.79 Y146.723 E.00918
G1 X116.54 Y147.181 E.01211
G1 X116.391 Y147.67 E.01184
G1 X116.35 Y148.21 E.01254
G1 X116.423 Y148.744 E.01249
G1 X116.611 Y149.251 E.01252
G1 X116.895 Y149.694 E.01219
G1 X117.184 Y150.001 E.00976
G1 X117.596 Y150.3 E.0118
G1 X118.025 Y150.494 E.0109
G1 X118.592 Y150.62 E.01345
G1 X118.971 Y150.632 E.00878
G1 X119.434 Y150.562 E.01084
G1 X119.874 Y150.416 E.01073
G1 X120.313 Y150.161 E.01177
G1 X120.714 Y149.799 E.01252
G1 X120.721 Y149.79 E.00026
G92 E0
G1 E-.3 F3600
G1 X120.163 Y151.127 Z47 F60000
G1 E.3 F2400
G1 F25953.656
G1 X119.918 Y151.223 E.00886
G1 X119.618 Y151.312 E.01053
G1 X119.344 Y151.366 E.00941
G1 X119.013 Y151.4 E.01117
G1 X118.683 Y151.4 E.01112
G1 X118.352 Y151.366 E.01117
G1 X118.078 Y151.312 E.00941
G1 X117.778 Y151.223 E.01053
G1 X117.509 Y151.117 E.00972
G1 X117.213 Y150.966 E.01119
G1 X116.952 Y150.798 E.01043
G1 X116.677 Y150.579 E.01184
G1 X116.44 Y150.346 E.01115
G1 X116.228 Y150.091 E.01116
G1 X116.044 Y149.817 E.01112
G1 X115.888 Y149.524 E.01115
G1 X115.763 Y149.218 E.01114
G1 X115.669 Y148.9 E.01114
G1 X115.608 Y148.573 E.01118
G1 X115.582 Y148.291 E.00956
G1 X115.582 Y147.978 E.01052
G1 X115.608 Y147.695 E.00956
G1 X115.669 Y147.368 E.01118
G1 X115.763 Y147.051 E.01114
G1 X115.888 Y146.744 E.01114
G1 X116.044 Y146.452 E.01115
G1 X116.228 Y146.177 E.01112
G1 X116.44 Y145.922 E.01116
G1 X116.677 Y145.69 E.01115
G1 X116.952 Y145.47 E.01184
G1 X117.213 Y145.303 E.01043
G1 X117.51 Y145.15 E.01123
G1 X118.029 Y144.969 E.01848
G1 X118.353 Y144.902 E.01114
G1 X118.683 Y144.868 E.01116
G1 X119.233 Y144.887 E.0185
G1 X119.56 Y144.943 E.01116
G1 X119.879 Y145.032 E.01117
G1 X120.188 Y145.151 E.01112
G1 X120.483 Y145.303 E.01117
G1 X120.744 Y145.47 E.01043
G1 X121.019 Y145.69 E.01184
G1 X121.255 Y145.922 E.01115
G1 X121.467 Y146.177 E.01116
G1 X121.651 Y146.452 E.01112
G1 X121.807 Y146.744 E.01115
G1 X121.933 Y147.051 E.01114
G1 X122.027 Y147.368 E.01114
G1 X122.088 Y147.695 E.01118
G1 X122.114 Y147.978 E.00956
G1 X122.114 Y148.291 E.01052
G1 X122.088 Y148.573 E.00956
G1 X122.027 Y148.9 E.01118
G1 X121.933 Y149.218 E.01114
G1 X121.807 Y149.524 E.01114
G1 X121.651 Y149.817 E.01115
G1 X121.467 Y150.091 E.01112
G1 X121.255 Y150.346 E.01116
G1 X121.019 Y150.579 E.01115
G1 X120.744 Y150.798 E.01184
G1 X120.483 Y150.966 E.01043
G1 X120.2 Y151.111 E.01071
G1 X120.015 Y150.737 F60000
G1 F25953.656
G1 X119.518 Y150.906 E.01766
G1 X119.281 Y150.954 E.00811
G1 X118.992 Y150.983 E.00979
G1 X118.704 Y150.983 E.00969
G1 X118.414 Y150.954 E.00979
G1 X117.913 Y150.828 E.01737
G1 X117.681 Y150.737 E.0084
G1 X117.421 Y150.604 E.00981
G1 X117.195 Y150.458 E.00904
G1 X116.954 Y150.266 E.01039
G1 X116.748 Y150.064 E.00971
G1 X116.563 Y149.841 E.00973
G1 X116.403 Y149.602 E.00969
G1 X116.266 Y149.347 E.00973
G1 X116.157 Y149.079 E.00973
G1 X116.075 Y148.802 E.00971
G1 X116.022 Y148.516 E.0098
G1 X115.999 Y148.271 E.00826
G1 X116.022 Y147.752 E.01748
G1 X116.075 Y147.466 E.0098
G1 X116.157 Y147.189 E.00971
G1 X116.266 Y146.921 E.00972
G1 X116.403 Y146.666 E.00973
G1 X116.563 Y146.427 E.00969
G1 X116.748 Y146.205 E.00973
G1 X116.954 Y146.002 E.00971
G1 X117.195 Y145.81 E.01039
G1 X117.421 Y145.664 E.00904
G1 X117.684 Y145.53 E.00994
G1 X118.134 Y145.373 E.016
G1 X118.417 Y145.314 E.00973
G1 X118.705 Y145.285 E.00975
G1 X119.182 Y145.301 E.01603
G1 X119.468 Y145.35 E.00978
G1 X119.748 Y145.428 E.00977
G1 X120.017 Y145.532 E.0097
G1 X120.275 Y145.665 E.00975
G1 X120.501 Y145.81 E.00904
G1 X120.742 Y146.002 E.01039
G1 X120.948 Y146.205 E.00971
G1 X121.133 Y146.427 E.00973
G1 X121.293 Y146.666 E.00969
G1 X121.429 Y146.921 E.00973
G1 X121.539 Y147.189 E.00973
G1 X121.621 Y147.466 E.00971
G1 X121.674 Y147.752 E.0098
G1 X121.697 Y147.997 E.00826
G1 X121.674 Y148.516 E.01748
G1 X121.621 Y148.802 E.0098
G1 X121.539 Y149.079 E.00971
G1 X121.429 Y149.347 E.00973
G1 X121.293 Y149.602 E.00973
G1 X121.133 Y149.841 E.00969
G1 X120.948 Y150.064 E.00973
G1 X120.742 Y150.266 E.00971
G1 X120.501 Y150.458 E.01039
G1 X120.275 Y150.604 E.00903
G1 X120.051 Y150.719 E.00847
G1 E-.3 F3600
G1 X120.148 Y149.279 F60000
G1 E.3 F2400
G1 F25953.656
G1 X120.362 Y148.972 E.01261
G1 X120.508 Y148.627 E.01259
G1 X120.574 Y148.263 E.01246
G1 X120.574 Y148.005 E.00866
G1 X120.508 Y147.645 E.01231
G1 X120.417 Y147.403 E.0087
G1 X120.226 Y147.086 E.01245
G1 X119.969 Y146.815 E.01258
G1 X119.663 Y146.607 E.01242
G1 X119.427 Y146.502 E.0087
G1 X119.066 Y146.417 E.01247
G1 X118.708 Y146.409 E.01205
G1 X118.442 Y146.451 E.00907
G1 X118.097 Y146.574 E.01231
G1 X117.873 Y146.703 E.0087
G1 X117.594 Y146.94 E.01232
G1 X117.431 Y147.141 E.00869
G1 X117.252 Y147.464 E.01244
G1 X117.144 Y147.823 E.0126
G1 X117.118 Y148.197 E.01259
G1 X117.172 Y148.567 E.01258
G1 X117.303 Y148.918 E.0126
G1 X117.506 Y149.227 E.01244
G1 X117.683 Y149.414 E.00868
G1 X117.982 Y149.633 E.01246
G1 X118.325 Y149.785 E.0126
G1 X118.688 Y149.858 E.01245
G1 X118.941 Y149.862 E.00852
G1 X119.193 Y149.831 E.00855
G1 X119.547 Y149.719 E.01246
G1 X119.87 Y149.531 E.0126
G1 X120.118 Y149.306 E.01125
G1 X120.434 Y149.583 F60000
G1 F25953.656
G1 X120.463 Y149.556 E.00132
G1 X120.73 Y149.175 E.01567
G1 X120.91 Y148.747 E.01562
G1 X120.991 Y148.3 E.01526
G1 X120.991 Y147.968 E.01119
G1 X120.912 Y147.533 E.01486
G1 X120.793 Y147.22 E.01124
G1 X120.56 Y146.832 E.01524
G1 X120.24 Y146.495 E.01563
G1 X119.867 Y146.241 E.01519
G1 X119.561 Y146.105 E.01126
G1 X119.119 Y146.001 E.01526
G1 X118.68 Y145.991 E.0148
G1 X118.338 Y146.045 E.01163
G1 X117.922 Y146.194 E.01487
G1 X117.632 Y146.361 E.01124
G1 X117.295 Y146.647 E.01489
G1 X117.084 Y146.906 E.01123
G1 X116.865 Y147.302 E.01521
G1 X116.732 Y147.748 E.01566
G1 X116.698 Y148.212 E.01566
G1 X116.766 Y148.671 E.01561
G1 X116.929 Y149.107 E.01566
G1 X117.177 Y149.487 E.01526
G1 X117.407 Y149.729 E.01121
G1 X117.772 Y149.997 E.01525
G1 X118.198 Y150.185 E.01566
G1 X118.643 Y150.274 E.01525
G1 X118.963 Y150.28 E.0108
G1 X119.283 Y150.24 E.01084
G1 X119.716 Y150.102 E.01528
G1 X120.118 Y149.869 E.01563
G1 X120.404 Y149.61 E.01299
G1 X120.637 Y149.868 F60000
G1 F37689.684
G1 X120.714 Y149.799 E.00241
G1 X121.028 Y149.357 E.01256
G1 X121.24 Y148.861 E.01248
G1 X121.321 Y148.471 E.00924
G1 X121.344 Y148.014 E.0106
G1 X121.252 Y147.452 E.01319
G1 X121.112 Y147.071 E.00941
G1 X120.848 Y146.632 E.01185
G1 X120.478 Y146.238 E.01253
G1 X120.048 Y145.941 E.01211
G1 X119.66 Y145.769 E.00982
G1 X119.149 Y145.651 E.01216
G1 X118.721 Y145.639 E.00991
G1 X118.239 Y145.709 E.0113
G1 X117.786 Y145.871 E.01112
G1 X117.42 Y146.082 E.00979
G1 X117.036 Y146.412 E.01173
G1 X116.787 Y146.721 E.00919
G1 X116.537 Y147.181 E.01212
G1 X116.386 Y147.7 E.01254
G1 X116.35 Y148.21 E.01184
G1 X116.423 Y148.744 E.01249
G1 X116.611 Y149.251 E.01252
G1 X116.895 Y149.694 E.01219
G1 X117.184 Y150.001 E.00976
G1 X117.596 Y150.3 E.0118
G1 X118.025 Y150.494 E.0109
G1 X118.592 Y150.62 E.01345
G1 X118.971 Y150.632 E.00878
G1 X119.434 Y150.562 E.01084
G1 X119.874 Y150.416 E.01073
G1 X120.313 Y150.161 E.01177
G1 X120.608 Y149.895 E.00919
G92 E0
G1 E-.3 F3600
G1 X120.158 Y151.129 Z47.2 F60000
G1 E.3 F2400
G1 F25953.656
G1 X119.918 Y151.223 E.00868
G1 X119.618 Y151.312 E.01053
G1 X119.344 Y151.366 E.00941
G1 X119.013 Y151.4 E.01117
G1 X118.683 Y151.4 E.01112
G1 X118.352 Y151.366 E.01117
G1 X118.078 Y151.312 E.00941
G1 X117.778 Y151.223 E.01053
G1 X117.509 Y151.117 E.00972
G1 X117.213 Y150.966 E.01119
G1 X116.952 Y150.798 E.01043
G1 X116.677 Y150.579 E.01184
G1 X116.44 Y150.346 E.01115
G1 X116.228 Y150.091 E.01116
G1 X116.044 Y149.817 E.01112
G1 X115.888 Y149.524 E.01115
G1 X115.763 Y149.218 E.01114
G1 X115.669 Y148.9 E.01114
G1 X115.608 Y148.573 E.01118
G1 X115.582 Y148.291 E.00956
G1 X115.582 Y147.978 E.01053
G1 X115.608 Y147.695 E.00956
G1 X115.669 Y147.368 E.01118
G1 X115.763 Y147.051 E.01114
G1 X115.888 Y146.744 E.01114
G1 X116.044 Y146.452 E.01115
G1 X116.228 Y146.177 E.01112
G1 X116.44 Y145.922 E.01116
G1 X116.677 Y145.69 E.01115
G1 X116.952 Y145.47 E.01184
G1 X117.213 Y145.303 E.01043
G1 X117.51 Y145.15 E.01123
G1 X118.029 Y144.969 E.01849
G1 X118.353 Y144.902 E.01114
G1 X118.683 Y144.868 E.01116
G1 X119.233 Y144.887 E.0185
G1 X119.56 Y144.943 E.01116
G1 X119.879 Y145.032 E.01117
G1 X120.188 Y145.151 E.01112
G1 X120.483 Y145.303 E.01117
G1 X120.744 Y145.47 E.01043
G1 X121.019 Y145.69 E.01184
G1 X121.255 Y145.922 E.01115
G1 X121.467 Y146.177 E.01116
G1 X121.651 Y146.452 E.01112
G1 X121.807 Y146.744 E.01115
G1 X121.933 Y147.051 E.01114
G1 X122.027 Y147.368 E.01114
G1 X122.088 Y147.695 E.01118
G1 X122.114 Y147.978 E.00956
G1 X122.114 Y148.291 E.01052
G1 X122.088 Y148.573 E.00956
G1 X122.027 Y148.9 E.01118
G1 X121.933 Y149.218 E.01114
G1 X121.807 Y149.524 E.01114
G1 X121.651 Y149.817 E.01115
G1 X121.467 Y150.091 E.01112
G1 X121.255 Y150.346 E.01116
G1 X121.019 Y150.579 E.01115
G1 X120.744 Y150.798 E.01184
G1 X120.483 Y150.966 E.01043
G1 X120.195 Y151.113 E.01089
G1 X120.015 Y150.737 F60000
G1 F25953.656
G1 X119.518 Y150.906 E.01766
G1 X119.281 Y150.954 E.00812
G1 X118.992 Y150.983 E.00979
G1 X118.704 Y150.983 E.00969
G1 X118.414 Y150.954 E.00979
G1 X117.913 Y150.828 E.01738
G1 X117.681 Y150.737 E.0084
G1 X117.421 Y150.604 E.00981
G1 X117.195 Y150.458 E.00903
G1 X116.954 Y150.266 E.0104
G1 X116.748 Y150.064 E.00971
G1 X116.563 Y149.841 E.00973
G1 X116.403 Y149.602 E.00969
G1 X116.266 Y149.347 E.00973
G1 X116.157 Y149.079 E.00973
G1 X116.075 Y148.802 E.00971
G1 X116.022 Y148.516 E.0098
G1 X115.999 Y148.271 E.00826
G1 X116.022 Y147.752 E.01748
G1 X116.075 Y147.466 E.0098
G1 X116.157 Y147.189 E.00971
G1 X116.266 Y146.922 E.00972
G1 X116.403 Y146.666 E.00973
G1 X116.563 Y146.427 E.00969
G1 X116.748 Y146.205 E.00973
G1 X116.954 Y146.002 E.00971
G1 X117.195 Y145.81 E.01039
G1 X117.421 Y145.664 E.00904
G1 X117.684 Y145.53 E.00994
G1 X118.134 Y145.373 E.016
G1 X118.417 Y145.314 E.00973
G1 X118.705 Y145.285 E.00974
G1 X119.181 Y145.301 E.01603
G1 X119.468 Y145.35 E.0098
G1 X119.748 Y145.428 E.00977
G1 X120.017 Y145.532 E.0097
G1 X120.275 Y145.665 E.00975
G1 X120.501 Y145.81 E.00904
G1 X120.742 Y146.002 E.01039
G1 X120.948 Y146.205 E.00971
G1 X121.133 Y146.427 E.00973
G1 X121.293 Y146.666 E.00969
G1 X121.429 Y146.921 E.00973
G1 X121.539 Y147.189 E.00973
G1 X121.621 Y147.466 E.00971
G1 X121.674 Y147.752 E.0098
G1 X121.697 Y147.997 E.00826
G1 X121.674 Y148.516 E.01748
G1 X121.621 Y148.802 E.0098
G1 X121.539 Y149.079 E.00971
G1 X121.429 Y149.347 E.00972
G1 X121.293 Y149.602 E.00973
G1 X121.133 Y149.841 E.00969
G1 X120.948 Y150.064 E.00973
G1 X120.742 Y150.266 E.00971
G1 X120.501 Y150.458 E.0104
G1 X120.275 Y150.604 E.00903
G1 X120.051 Y150.719 E.00847
G1 E-.3 F3600
G1 X120.148 Y149.279 F60000
G1 E.3 F2400
G1 F25953.656
G1 X120.362 Y148.972 E.01261
G1 X120.508 Y148.627 E.01259
G1 X120.574 Y148.263 E.01246
G1 X120.574 Y148.005 E.00866
G1 X120.508 Y147.645 E.01231
G1 X120.417 Y147.403 E.0087
G1 X120.226 Y147.086 E.01245
G1 X119.969 Y146.815 E.01258
G1 X119.663 Y146.607 E.01242
G1 X119.427 Y146.502 E.0087
G1 X119.066 Y146.417 E.01247
G1 X118.706 Y146.409 E.01212
G1 X118.442 Y146.451 E.009
G1 X118.097 Y146.574 E.01231
G1 X117.873 Y146.703 E.0087
G1 X117.594 Y146.94 E.01232
G1 X117.431 Y147.141 E.00869
G1 X117.252 Y147.464 E.01244
G1 X117.144 Y147.823 E.01261
G1 X117.118 Y148.197 E.01259
G1 X117.172 Y148.567 E.01258
G1 X117.303 Y148.918 E.0126
G1 X117.506 Y149.227 E.01244
G1 X117.683 Y149.414 E.00868
G1 X117.982 Y149.633 E.01247
G1 X118.325 Y149.785 E.0126
G1 X118.688 Y149.858 E.01245
G1 X118.941 Y149.862 E.00852
G1 X119.193 Y149.831 E.00855
G1 X119.547 Y149.719 E.01246
G1 X119.87 Y149.531 E.0126
G1 X120.118 Y149.306 E.01125
G1 X120.485 Y149.524 F60000
G1 F25953.656
G1 X120.73 Y149.175 E.01435
G1 X120.91 Y148.747 E.01562
G1 X120.991 Y148.3 E.01526
G1 X120.991 Y147.968 E.01119
G1 X120.912 Y147.533 E.01486
G1 X120.793 Y147.22 E.01124
G1 X120.56 Y146.832 E.01524
G1 X120.24 Y146.495 E.01563
G1 X119.867 Y146.241 E.01519
G1 X119.561 Y146.105 E.01126
G1 X119.119 Y146.001 E.01527
G1 X118.677 Y145.991 E.01487
G1 X118.338 Y146.046 E.01156
G1 X117.922 Y146.194 E.01486
G1 X117.632 Y146.361 E.01124
G1 X117.295 Y146.647 E.01489
G1 X117.084 Y146.906 E.01123
G1 X116.865 Y147.302 E.01521
G1 X116.732 Y147.748 E.01566
G1 X116.698 Y148.212 E.01566
G1 X116.766 Y148.671 E.01561
G1 X116.929 Y149.107 E.01566
G1 X117.177 Y149.487 E.01526
G1 X117.407 Y149.729 E.01121
G1 X117.772 Y149.997 E.01525
G1 X118.198 Y150.185 E.01566
G1 X118.643 Y150.274 E.01525
G1 X118.963 Y150.28 E.0108
G1 X119.283 Y150.24 E.01084
G1 X119.716 Y150.102 E.01528
G1 X120.118 Y149.869 E.01563
G1 X120.462 Y149.557 E.01563
G1 X120.744 Y149.757 F60000
G1 F37689.731
G1 X121.028 Y149.357 E.01137
G1 X121.24 Y148.861 E.01248
G1 X121.321 Y148.471 E.00924
G1 X121.344 Y148.014 E.0106
G1 X121.252 Y147.452 E.01319
G1 X121.111 Y147.071 E.00941
G1 X120.848 Y146.632 E.01185
G1 X120.478 Y146.238 E.01253
G1 X120.048 Y145.941 E.01211
G1 X119.66 Y145.769 E.00982
G1 X119.149 Y145.651 E.01217
G1 X118.721 Y145.639 E.00992
G1 X118.238 Y145.709 E.0113
G1 X117.786 Y145.871 E.01112
G1 X117.42 Y146.082 E.00979
G1 X117.036 Y146.412 E.01173
G1 X116.787 Y146.721 E.00919
G1 X116.537 Y147.181 E.01212
G1 X116.386 Y147.7 E.01254
G1 X116.35 Y148.21 E.01184
G1 X116.423 Y148.744 E.01249
G1 X116.611 Y149.251 E.01253
G1 X116.895 Y149.694 E.01219
G1 X117.184 Y150.001 E.00976
G1 X117.596 Y150.3 E.0118
G1 X118.025 Y150.494 E.0109
G1 X118.592 Y150.62 E.01346
G1 X118.971 Y150.632 E.00878
G1 X119.434 Y150.562 E.01084
G1 X119.874 Y150.416 E.01073
G1 X120.313 Y150.161 E.01177
G1 X120.714 Y149.799 E.01253
G1 X120.721 Y149.79 E.00026
G92 E0
G1 E-.3 F3600
G1 X120.153 Y151.131 Z47.4 F60000
G1 E.3 F2400
G1 F25953.656
G1 X119.918 Y151.223 E.0085
G1 X119.618 Y151.312 E.01053
G1 X119.344 Y151.366 E.00941
G1 X119.013 Y151.4 E.01117
G1 X118.683 Y151.4 E.01112
G1 X118.352 Y151.366 E.01117
G1 X118.078 Y151.312 E.00941
G1 X117.778 Y151.223 E.01053
G1 X117.509 Y151.117 E.00972
G1 X117.213 Y150.966 E.01119
G1 X116.952 Y150.798 E.01043
G1 X116.677 Y150.579 E.01184
G1 X116.44 Y150.346 E.01115
G1 X116.228 Y150.091 E.01116
G1 X116.044 Y149.817 E.01112
G1 X115.888 Y149.524 E.01115
G1 X115.763 Y149.218 E.01114
G1 X115.669 Y148.9 E.01114
G1 X115.608 Y148.573 E.01118
G1 X115.582 Y148.291 E.00956
G1 X115.582 Y147.978 E.01053
G1 X115.608 Y147.695 E.00956
G1 X115.669 Y147.368 E.01118
G1 X115.763 Y147.051 E.01114
G1 X115.888 Y146.744 E.01114
G1 X116.044 Y146.452 E.01115
G1 X116.228 Y146.177 E.01112
G1 X116.44 Y145.922 E.01116
G1 X116.677 Y145.69 E.01115
G1 X116.952 Y145.47 E.01184
G1 X117.213 Y145.303 E.01043
G1 X117.51 Y145.15 E.01123
G1 X118.029 Y144.969 E.01848
G1 X118.353 Y144.902 E.01114
G1 X118.683 Y144.868 E.01115
G1 X119.232 Y144.887 E.0185
G1 X119.56 Y144.943 E.01117
G1 X119.879 Y145.032 E.01117
G1 X120.188 Y145.151 E.01112
G1 X120.483 Y145.303 E.01117
G1 X120.744 Y145.47 E.01043
G1 X121.019 Y145.69 E.01184
G1 X121.255 Y145.922 E.01115
G1 X121.467 Y146.177 E.01116
G1 X121.651 Y146.452 E.01112
G1 X121.807 Y146.744 E.01115
G1 X121.933 Y147.051 E.01114
G1 X122.027 Y147.368 E.01114
G1 X122.088 Y147.695 E.01118
G1 X122.114 Y147.978 E.00956
G1 X122.114 Y148.291 E.01052
G1 X122.088 Y148.573 E.00956
G1 X122.027 Y148.9 E.01118
G1 X121.933 Y149.218 E.01114
G1 X121.807 Y149.524 E.01114
G1 X121.651 Y149.817 E.01115
G1 X121.467 Y150.091 E.01112
G1 X121.255 Y150.346 E.01116
G1 X121.019 Y150.579 E.01115
G1 X120.744 Y150.798 E.01184
G1 X120.483 Y150.966 E.01043
G1 X120.19 Y151.116 E.01106
G1 X120.015 Y150.737 F60000
G1 F25953.656
G1 X119.518 Y150.906 E.01766
G1 X119.281 Y150.954 E.00812
G1 X118.992 Y150.983 E.00979
G1 X118.704 Y150.983 E.00969
G1 X118.414 Y150.954 E.00979
G1 X117.913 Y150.828 E.01738
G1 X117.681 Y150.737 E.0084
G1 X117.421 Y150.604 E.00981
G1 X117.195 Y150.458 E.00904
G1 X116.954 Y150.266 E.01039
G1 X116.748 Y150.064 E.00971
G1 X116.563 Y149.841 E.00973
G1 X116.403 Y149.602 E.00969
G1 X116.266 Y149.347 E.00973
G1 X116.157 Y149.079 E.00972
G1 X116.075 Y148.802 E.00971
G1 X116.022 Y148.516 E.0098
G1 X115.999 Y148.271 E.00826
G1 X116.022 Y147.752 E.01748
G1 X116.075 Y147.466 E.0098
G1 X116.157 Y147.189 E.00971
G1 X116.266 Y146.921 E.00973
G1 X116.403 Y146.666 E.00973
G1 X116.563 Y146.427 E.00969
G1 X116.748 Y146.205 E.00973
G1 X116.954 Y146.002 E.00971
G1 X117.195 Y145.81 E.0104
G1 X117.421 Y145.664 E.00903
G1 X117.684 Y145.53 E.00994
G1 X118.134 Y145.373 E.016
G1 X118.417 Y145.314 E.00973
G1 X118.704 Y145.285 E.00973
G1 X119.181 Y145.301 E.01603
G1 X119.468 Y145.35 E.00981
G1 X119.748 Y145.428 E.00976
G1 X120.017 Y145.532 E.0097
G1 X120.275 Y145.665 E.00975
G1 X120.501 Y145.81 E.00904
G1 X120.742 Y146.002 E.0104
G1 X120.948 Y146.205 E.00971
G1 X121.133 Y146.427 E.00973
G1 X121.293 Y146.666 E.00969
G1 X121.429 Y146.921 E.00973
G1 X121.539 Y147.189 E.00973
G1 X121.621 Y147.466 E.00971
G1 X121.674 Y147.752 E.0098
G1 X121.697 Y147.997 E.00826
G1 X121.674 Y148.516 E.01748
G1 X121.621 Y148.802 E.0098
G1 X121.539 Y149.079 E.00971
G1 X121.429 Y149.347 E.00973
G1 X121.293 Y149.602 E.00973
G1 X121.133 Y149.841 E.00969
G1 X120.948 Y150.064 E.00973
G1 X120.742 Y150.266 E.00971
G1 X120.501 Y150.458 E.01039
G1 X120.275 Y150.604 E.00904
G1 X120.051 Y150.719 E.00847
G1 E-.3 F3600
G1 X120.148 Y149.279 F60000
G1 E.3 F2400
G1 F25953.656
G1 X120.362 Y148.972 E.01261
G1 X120.508 Y148.627 E.01259
G1 X120.574 Y148.263 E.01246
G1 X120.574 Y148.005 E.00866
G1 X120.508 Y147.645 E.01231
G1 X120.417 Y147.403 E.0087
G1 X120.226 Y147.086 E.01245
G1 X119.969 Y146.815 E.01258
G1 X119.663 Y146.607 E.01242
G1 X119.427 Y146.502 E.0087
G1 X119.066 Y146.417 E.01247
G1 X118.704 Y146.409 E.01219
G1 X118.442 Y146.451 E.00893
G1 X118.097 Y146.574 E.0123
G1 X117.873 Y146.703 E.0087
G1 X117.594 Y146.94 E.01232
G1 X117.431 Y147.141 E.00869
G1 X117.252 Y147.464 E.01244
G1 X117.144 Y147.823 E.01261
G1 X117.118 Y148.197 E.01259
G1 X117.172 Y148.567 E.01258
G1 X117.303 Y148.918 E.0126
G1 X117.506 Y149.227 E.01244
G1 X117.683 Y149.414 E.00868
G1 X117.982 Y149.633 E.01246
G1 X118.325 Y149.785 E.0126
G1 X118.688 Y149.858 E.01245
G1 X118.941 Y149.862 E.00852
G1 X119.193 Y149.831 E.00855
G1 X119.547 Y149.719 E.01246
G1 X119.87 Y149.531 E.0126
G1 X120.118 Y149.306 E.01125
G1 X120.434 Y149.583 F60000
G1 F25953.656
G1 X120.463 Y149.556 E.00132
G1 X120.73 Y149.175 E.01567
G1 X120.91 Y148.747 E.01562
G1 X120.991 Y148.3 E.01526
G1 X120.991 Y147.968 E.01119
G1 X120.912 Y147.533 E.01486
G1 X120.793 Y147.22 E.01124
G1 X120.56 Y146.832 E.01524
G1 X120.24 Y146.495 E.01563
G1 X119.867 Y146.241 E.01519
G1 X119.561 Y146.105 E.01126
G1 X119.119 Y146.001 E.01527
G1 X118.675 Y145.992 E.01495
G1 X118.337 Y146.046 E.01149
G1 X117.922 Y146.194 E.01485
G1 X117.632 Y146.361 E.01124
G1 X117.295 Y146.647 E.01489
G1 X117.084 Y146.906 E.01123
G1 X116.865 Y147.302 E.01521
G1 X116.732 Y147.748 E.01566
G1 X116.698 Y148.212 E.01566
G1 X116.766 Y148.671 E.01561
G1 X116.929 Y149.107 E.01566
G1 X117.177 Y149.487 E.01526
G1 X117.407 Y149.729 E.01121
G1 X117.772 Y149.997 E.01525
G1 X118.198 Y150.185 E.01566
G1 X118.643 Y150.274 E.01525
G1 X118.963 Y150.28 E.0108
G1 X119.283 Y150.24 E.01084
G1 X119.716 Y150.102 E.01528
G1 X120.118 Y149.869 E.01563
G1 X120.404 Y149.61 E.01299
G1 X120.637 Y149.868 F60000
G1 F37689.684
G1 X120.714 Y149.799 E.00241
G1 X121.028 Y149.357 E.01256
G1 X121.24 Y148.861 E.01248
G1 X121.321 Y148.471 E.00924
G1 X121.344 Y148.014 E.0106
G1 X121.252 Y147.452 E.01319
G1 X121.111 Y147.071 E.00941
G1 X120.848 Y146.632 E.01185
G1 X120.478 Y146.238 E.01253
G1 X120.048 Y145.941 E.01211
G1 X119.66 Y145.769 E.00982
G1 X119.148 Y145.651 E.01218
G1 X118.72 Y145.639 E.00992
G1 X118.238 Y145.709 E.0113
G1 X117.786 Y145.871 E.01111
G1 X117.42 Y146.082 E.00979
G1 X117.036 Y146.412 E.01173
G1 X116.787 Y146.721 E.00919
G1 X116.537 Y147.181 E.01212
G1 X116.386 Y147.7 E.01254
G1 X116.35 Y148.21 E.01184
G1 X116.423 Y148.744 E.01249
G1 X116.611 Y149.251 E.01252
G1 X116.895 Y149.694 E.01219
G1 X117.184 Y150.001 E.00976
G1 X117.596 Y150.3 E.0118
G1 X118.025 Y150.494 E.0109
G1 X118.592 Y150.62 E.01346
G1 X118.971 Y150.632 E.00878
G1 X119.434 Y150.562 E.01084
G1 X119.874 Y150.416 E.01073
G1 X120.313 Y150.161 E.01177
G1 X120.608 Y149.895 E.00919
G92 E0
G1 E-.3 F3600
G1 X120.149 Y151.132 Z47.6 F60000
G1 E.3 F2400
G1 F25953.656
G1 X119.918 Y151.223 E.00833
G1 X119.618 Y151.312 E.01053
G1 X119.344 Y151.366 E.00941
G1 X119.013 Y151.4 E.01117
G1 X118.683 Y151.4 E.01112
G1 X118.352 Y151.366 E.01117
G1 X118.078 Y151.312 E.00941
G1 X117.778 Y151.223 E.01053
G1 X117.509 Y151.117 E.00972
G1 X117.213 Y150.966 E.01119
G1 X116.952 Y150.798 E.01043
G1 X116.677 Y150.579 E.01184
G1 X116.44 Y150.346 E.01115
G1 X116.228 Y150.091 E.01116
G1 X116.044 Y149.817 E.01112
G1 X115.888 Y149.524 E.01115
G1 X115.763 Y149.218 E.01114
G1 X115.669 Y148.9 E.01114
G1 X115.608 Y148.573 E.01118
G1 X115.582 Y148.291 E.00956
G1 X115.582 Y147.978 E.01053
G1 X115.608 Y147.695 E.00956
G1 X115.669 Y147.368 E.01118
G1 X115.763 Y147.051 E.01114
G1 X115.888 Y146.744 E.01114
G1 X116.044 Y146.452 E.01115
G1 X116.228 Y146.177 E.01112
G1 X116.44 Y145.922 E.01116
G1 X116.677 Y145.69 E.01115
G1 X116.952 Y145.47 E.01184
G1 X117.213 Y145.303 E.01043
G1 X117.51 Y145.15 E.01123
G1 X118.029 Y144.969 E.01848
G1 X118.353 Y144.902 E.01114
G1 X118.683 Y144.868 E.01115
G1 X119.232 Y144.887 E.0185
G1 X119.56 Y144.943 E.01117
G1 X119.879 Y145.032 E.01117
G1 X120.188 Y145.151 E.01112
G1 X120.483 Y145.303 E.01117
G1 X120.744 Y145.47 E.01043
G1 X121.019 Y145.69 E.01184
G1 X121.255 Y145.922 E.01115
G1 X121.467 Y146.177 E.01116
G1 X121.651 Y146.452 E.01112
G1 X121.807 Y146.744 E.01115
G1 X121.933 Y147.051 E.01114
G1 X122.027 Y147.368 E.01114
G1 X122.088 Y147.695 E.01118
G1 X122.114 Y147.978 E.00956
G1 X122.114 Y148.291 E.01052
G1 X122.088 Y148.573 E.00956
G1 X122.027 Y148.9 E.01118
G1 X121.933 Y149.218 E.01114
G1 X121.807 Y149.524 E.01114
G1 X121.651 Y149.817 E.01115
G1 X121.467 Y150.091 E.01112
G1 X121.255 Y150.346 E.01116
G1 X121.019 Y150.579 E.01115
G1 X120.744 Y150.798 E.01184
G1 X120.483 Y150.966 E.01043
G1 X120.187 Y151.117 E.01119
G1 X120.186 Y151.118 E.00004
G1 X120.012 Y150.738 F60000
G1 F25953.656
G1 X119.518 Y150.906 E.01756
G1 X119.281 Y150.954 E.00812
G1 X118.992 Y150.983 E.00979
G1 X118.704 Y150.983 E.00969
G1 X118.414 Y150.954 E.00979
G1 X117.913 Y150.828 E.01738
G1 X117.681 Y150.737 E.0084
G1 X117.421 Y150.604 E.00981
G1 X117.195 Y150.458 E.00904
G1 X116.954 Y150.266 E.0104
G1 X116.748 Y150.064 E.00971
G1 X116.563 Y149.841 E.00973
G1 X116.403 Y149.602 E.00969
G1 X116.266 Y149.347 E.00973
G1 X116.157 Y149.079 E.00973
G1 X116.075 Y148.802 E.00971
G1 X116.022 Y148.516 E.0098
G1 X115.999 Y148.271 E.00826
G1 X116.022 Y147.752 E.01748
G1 X116.075 Y147.466 E.0098
G1 X116.157 Y147.189 E.00971
G1 X116.266 Y146.921 E.00973
G1 X116.403 Y146.666 E.00973
G1 X116.563 Y146.427 E.00969
G1 X116.748 Y146.205 E.00973
G1 X116.954 Y146.002 E.00971
G1 X117.195 Y145.81 E.0104
G1 X117.421 Y145.664 E.00903
G1 X117.684 Y145.53 E.00994
G1 X118.134 Y145.373 E.016
G1 X118.417 Y145.314 E.00973
G1 X118.704 Y145.285 E.00972
G1 X119.18 Y145.301 E.01602
G1 X119.468 Y145.35 E.00983
G1 X119.748 Y145.428 E.00976
G1 X120.017 Y145.532 E.0097
G1 X120.275 Y145.664 E.00975
G1 X120.501 Y145.81 E.00904
G1 X120.742 Y146.002 E.01039
G1 X120.948 Y146.205 E.00971
G1 X121.133 Y146.427 E.00973
G1 X121.293 Y146.666 E.00969
G1 X121.429 Y146.921 E.00973
G1 X121.539 Y147.189 E.00973
G1 X121.621 Y147.466 E.00971
G1 X121.674 Y147.752 E.0098
G1 X121.697 Y147.997 E.00826
G1 X121.674 Y148.516 E.01748
G1 X121.621 Y148.802 E.0098
G1 X121.539 Y149.079 E.00971
G1 X121.429 Y149.347 E.00973
G1 X121.293 Y149.602 E.00973
G1 X121.133 Y149.841 E.00969
G1 X120.948 Y150.064 E.00973
G1 X120.742 Y150.266 E.00971
G1 X120.501 Y150.458 E.0104
G1 X120.275 Y150.604 E.00903
G1 X120.048 Y150.72 E.00857
G1 E-.3 F3600
G1 X120.148 Y149.279 F60000
G1 E.3 F2400
G1 F25953.656
G1 X120.362 Y148.972 E.01261
G1 X120.508 Y148.627 E.01259
G1 X120.574 Y148.263 E.01246
G1 X120.574 Y148.005 E.00866
G1 X120.508 Y147.645 E.01231
G1 X120.417 Y147.403 E.0087
G1 X120.226 Y147.086 E.01245
G1 X119.969 Y146.815 E.01258
G1 X119.663 Y146.607 E.01242
G1 X119.427 Y146.502 E.0087
G1 X119.066 Y146.417 E.01247
G1 X118.702 Y146.409 E.01226
G1 X118.441 Y146.451 E.00887
G1 X118.097 Y146.574 E.0123
G1 X117.873 Y146.703 E.0087
G1 X117.594 Y146.94 E.01232
G1 X117.431 Y147.141 E.00869
G1 X117.252 Y147.464 E.01244
G1 X117.144 Y147.823 E.0126
G1 X117.118 Y148.197 E.01259
G1 X117.172 Y148.567 E.01258
G1 X117.303 Y148.918 E.0126
G1 X117.506 Y149.227 E.01244
G1 X117.683 Y149.414 E.00868
G1 X117.982 Y149.633 E.01246
G1 X118.325 Y149.785 E.0126
G1 X118.688 Y149.858 E.01245
G1 X118.941 Y149.862 E.00852
G1 X119.193 Y149.831 E.00855
G1 X119.547 Y149.719 E.01246
G1 X119.87 Y149.531 E.0126
G1 X120.118 Y149.306 E.01125
G1 X120.485 Y149.524 F60000
G1 F25953.656
G1 X120.73 Y149.175 E.01435
G1 X120.91 Y148.747 E.01562
G1 X120.991 Y148.3 E.01526
G1 X120.991 Y147.968 E.01119
G1 X120.912 Y147.533 E.01486
G1 X120.793 Y147.22 E.01124
G1 X120.56 Y146.832 E.01524
G1 X120.24 Y146.495 E.01563
G1 X119.867 Y146.241 E.01519
G1 X119.561 Y146.105 E.01126
G1 X119.119 Y146.001 E.01528
G1 X118.672 Y145.992 E.01503
G1 X118.337 Y146.046 E.01142
G1 X117.922 Y146.194 E.01484
G1 X117.632 Y146.361 E.01124
G1 X117.295 Y146.647 E.01489
G1 X117.084 Y146.906 E.01123
G1 X116.865 Y147.302 E.01521
G1 X116.732 Y147.748 E.01566
G1 X116.698 Y148.212 E.01566
G1 X116.766 Y148.671 E.01561
G1 X116.929 Y149.107 E.01566
G1 X117.177 Y149.487 E.01526
G1 X117.407 Y149.729 E.01121
G1 X117.772 Y149.997 E.01525
G1 X118.198 Y150.185 E.01566
G1 X118.643 Y150.274 E.01525
G1 X118.963 Y150.28 E.0108
G1 X119.283 Y150.24 E.01084
G1 X119.716 Y150.102 E.01528
G1 X120.118 Y149.869 E.01563
G1 X120.462 Y149.557 E.01563
G1 X120.744 Y149.757 F60000
G1 F37689.67
G1 X121.028 Y149.357 E.01138
G1 X121.24 Y148.861 E.01248
G1 X121.321 Y148.471 E.00924
G1 X121.344 Y148.014 E.0106
G1 X121.252 Y147.452 E.01319
G1 X121.111 Y147.071 E.00941
G1 X120.848 Y146.632 E.01185
G1 X120.478 Y146.238 E.01253
G1 X120.048 Y145.941 E.01211
G1 X119.66 Y145.769 E.00982
G1 X119.148 Y145.651 E.01218
G1 X118.72 Y145.639 E.00992
G1 X118.237 Y145.709 E.0113
G1 X117.786 Y145.871 E.0111
G1 X117.42 Y146.082 E.00979
G1 X117.036 Y146.412 E.01173
G1 X116.787 Y146.721 E.00919
G1 X116.537 Y147.181 E.01212
G1 X116.386 Y147.7 E.01254
G1 X116.35 Y148.21 E.01184
G1 X116.423 Y148.744 E.01249
G1 X116.611 Y149.251 E.01253
G1 X116.895 Y149.694 E.01219
G1 X117.184 Y150.001 E.00976
G1 X117.596 Y150.3 E.0118
G1 X118.025 Y150.494 E.0109
G1 X118.592 Y150.62 E.01346
G1 X118.971 Y150.632 E.00878
G1 X119.434 Y150.562 E.01084
G1 X119.874 Y150.416 E.01073
G1 X120.313 Y150.161 E.01177
G1 X120.714 Y149.799 E.01253
G1 X120.721 Y149.79 E.00026
G92 E0
G1 E-.3 F3600
G1 X120.144 Y151.134 Z47.8 F60000
G1 E.3 F2400
G1 F25953.656
G1 X119.918 Y151.223 E.00817
G1 X119.618 Y151.312 E.01053
G1 X119.344 Y151.366 E.00941
G1 X119.013 Y151.4 E.01117
G1 X118.683 Y151.4 E.01112
G1 X118.352 Y151.366 E.01117
G1 X118.078 Y151.312 E.00941
G1 X117.778 Y151.223 E.01053
G1 X117.509 Y151.117 E.00972
G1 X117.213 Y150.966 E.01119
G1 X116.952 Y150.798 E.01043
G1 X116.677 Y150.579 E.01184
G1 X116.44 Y150.346 E.01115
G1 X116.228 Y150.091 E.01116
G1 X116.044 Y149.817 E.01112
G1 X115.888 Y149.524 E.01115
G1 X115.763 Y149.218 E.01114
G1 X115.669 Y148.9 E.01114
G1 X115.608 Y148.573 E.01118
G1 X115.582 Y148.291 E.00956
G1 X115.582 Y147.978 E.01053
G1 X115.608 Y147.695 E.00956
G1 X115.669 Y147.368 E.01118
G1 X115.763 Y147.051 E.01114
G1 X115.888 Y146.744 E.01114
G1 X116.044 Y146.452 E.01115
G1 X116.228 Y146.177 E.01112
G1 X116.44 Y145.922 E.01116
G1 X116.677 Y145.69 E.01115
G1 X116.952 Y145.47 E.01184
G1 X117.213 Y145.303 E.01043
G1 X117.51 Y145.15 E.01123
G1 X118.029 Y144.969 E.01848
G1 X118.353 Y144.902 E.01114
G1 X118.683 Y144.868 E.01114
G1 X119.004 Y144.868 E.0108
G1 X119.344 Y144.902 E.01151
G1 X119.618 Y144.957 E.0094
G1 X119.918 Y145.045 E.01053
G1 X120.187 Y145.151 E.00972
G1 X120.483 Y145.303 E.01119
G1 X120.744 Y145.47 E.01043
G1 X121.019 Y145.69 E.01184
G1 X121.255 Y145.922 E.01115
G1 X121.467 Y146.177 E.01116
G1 X121.651 Y146.452 E.01112
G1 X121.807 Y146.744 E.01115
G1 X121.933 Y147.051 E.01114
G1 X122.027 Y147.368 E.01114
G1 X122.088 Y147.695 E.01118
G1 X122.114 Y147.978 E.00956
G1 X122.114 Y148.291 E.01052
G1 X122.088 Y148.573 E.00956
G1 X122.027 Y148.9 E.01118
G1 X121.933 Y149.218 E.01114
G1 X121.807 Y149.524 E.01114
G1 X121.651 Y149.817 E.01115
G1 X121.467 Y150.091 E.01112
G1 X121.255 Y150.346 E.01116
G1 X121.019 Y150.579 E.01115
G1 X120.744 Y150.798 E.01184
G1 X120.483 Y150.966 E.01043
G1 X120.187 Y151.117 E.01119
G1 X120.181 Y151.12 E.0002
G1 X120.008 Y150.739 F60000
G1 F25953.656
G1 X119.518 Y150.906 E.01742
G1 X119.281 Y150.954 E.00812
G1 X118.992 Y150.983 E.00979
G1 X118.704 Y150.983 E.00969
G1 X118.414 Y150.954 E.00979
G1 X117.913 Y150.828 E.01738
G1 X117.681 Y150.737 E.0084
G1 X117.421 Y150.604 E.00981
G1 X117.195 Y150.458 E.00903
G1 X116.954 Y150.266 E.0104
G1 X116.748 Y150.064 E.00971
G1 X116.563 Y149.841 E.00973
G1 X116.403 Y149.602 E.00969
G1 X116.266 Y149.347 E.00973
G1 X116.157 Y149.079 E.00973
G1 X116.075 Y148.802 E.00971
G1 X116.022 Y148.516 E.0098
G1 X115.999 Y148.271 E.00826
G1 X116.022 Y147.752 E.01748
G1 X116.075 Y147.466 E.0098
G1 X116.157 Y147.189 E.00971
G1 X116.266 Y146.921 E.00973
G1 X116.403 Y146.666 E.00973
G1 X116.563 Y146.427 E.00969
G1 X116.748 Y146.205 E.00973
G1 X116.954 Y146.002 E.00971
G1 X117.195 Y145.81 E.0104
G1 X117.421 Y145.664 E.00903
G1 X117.684 Y145.53 E.00994
G1 X118.134 Y145.373 E.016
G1 X118.417 Y145.314 E.00973
G1 X118.704 Y145.285 E.00971
G1 X118.983 Y145.285 E.00939
G1 X119.282 Y145.315 E.01012
G1 X119.783 Y145.44 E.01734
G1 X120.015 Y145.531 E.0084
G1 X120.275 Y145.665 E.00982
G1 X120.5 Y145.81 E.00903
G1 X120.742 Y146.002 E.0104
G1 X120.948 Y146.205 E.00971
G1 X121.133 Y146.427 E.00973
G1 X121.293 Y146.666 E.00969
G1 X121.429 Y146.921 E.00973
G1 X121.539 Y147.189 E.00973
G1 X121.621 Y147.466 E.00971
G1 X121.674 Y147.752 E.0098
G1 X121.697 Y147.997 E.00826
G1 X121.674 Y148.516 E.01748
G1 X121.621 Y148.802 E.0098
G1 X121.539 Y149.079 E.00971
G1 X121.429 Y149.347 E.00973
G1 X121.293 Y149.602 E.00973
G1 X121.133 Y149.841 E.00969
G1 X120.948 Y150.064 E.00973
G1 X120.742 Y150.266 E.00971
G1 X120.501 Y150.458 E.01039
G1 X120.275 Y150.604 E.00904
G1 X120.044 Y150.722 E.00871
G1 E-.3 F3600
G1 X120.148 Y149.279 F60000
G1 E.3 F2400
G1 F25953.656
G1 X120.362 Y148.972 E.01261
G1 X120.508 Y148.627 E.01259
G1 X120.574 Y148.263 E.01246
G1 X120.574 Y148.005 E.00866
G1 X120.508 Y147.645 E.01231
G1 X120.417 Y147.403 E.0087
G1 X120.226 Y147.086 E.01245
G1 X119.969 Y146.815 E.01258
G1 X119.663 Y146.607 E.01242
G1 X119.427 Y146.502 E.0087
G1 X119.066 Y146.417 E.01247
G1 X118.7 Y146.41 E.01233
G1 X118.441 Y146.451 E.0088
G1 X118.097 Y146.574 E.01229
G1 X117.873 Y146.703 E.0087
G1 X117.594 Y146.94 E.01232
G1 X117.431 Y147.141 E.00869
G1 X117.252 Y147.465 E.01244
G1 X117.144 Y147.823 E.0126
G1 X117.118 Y148.197 E.01259
G1 X117.172 Y148.567 E.01258
G1 X117.303 Y148.918 E.0126
G1 X117.506 Y149.227 E.01244
G1 X117.683 Y149.414 E.00868
G1 X117.982 Y149.633 E.01246
G1 X118.325 Y149.785 E.0126
G1 X118.688 Y149.858 E.01245
G1 X118.941 Y149.862 E.00852
G1 X119.193 Y149.831 E.00855
G1 X119.547 Y149.719 E.01246
G1 X119.87 Y149.531 E.0126
G1 X120.118 Y149.306 E.01125
G1 X120.485 Y149.524 F60000
G1 F25953.656
G1 X120.73 Y149.175 E.01435
G1 X120.91 Y148.747 E.01562
G1 X120.991 Y148.3 E.01526
G1 X120.991 Y147.968 E.01119
G1 X120.912 Y147.533 E.01486
G1 X120.793 Y147.22 E.01124
G1 X120.56 Y146.832 E.01524
G1 X120.24 Y146.495 E.01563
G1 X119.867 Y146.241 E.01519
G1 X119.561 Y146.105 E.01126
G1 X119.119 Y146 E.01528
G1 X118.67 Y145.992 E.0151
G1 X118.337 Y146.046 E.01135
G1 X117.922 Y146.194 E.01483
G1 X117.632 Y146.361 E.01124
G1 X117.295 Y146.647 E.01489
G1 X117.084 Y146.906 E.01123
G1 X116.865 Y147.302 E.01521
G1 X116.732 Y147.748 E.01566
G1 X116.698 Y148.212 E.01566
G1 X116.766 Y148.671 E.01561
G1 X116.929 Y149.107 E.01566
G1 X117.177 Y149.487 E.01526
G1 X117.407 Y149.729 E.01121
G1 X117.772 Y149.997 E.01525
G1 X118.198 Y150.185 E.01566
G1 X118.642 Y150.274 E.01525
G1 X118.963 Y150.28 E.0108
G1 X119.283 Y150.24 E.01084
G1 X119.716 Y150.102 E.01528
G1 X120.118 Y149.869 E.01563
G1 X120.462 Y149.557 E.01563
G1 X120.744 Y149.757 F60000
G1 F37702.548
G1 X121.028 Y149.357 E.01137
G1 X121.24 Y148.861 E.01248
G1 X121.321 Y148.471 E.00924
G1 X121.344 Y148.014 E.01059
G1 X121.252 Y147.452 E.01318
G1 X121.111 Y147.071 E.00941
G1 X120.848 Y146.632 E.01184
G1 X120.478 Y146.238 E.01252
G1 X120.048 Y145.941 E.01211
G1 X119.671 Y145.772 E.00955
G1 X119.178 Y145.655 E.01175
G1 X118.722 Y145.639 E.01056
G1 X118.237 Y145.71 E.01135
G1 X117.786 Y145.871 E.01108
G1 X117.42 Y146.082 E.00979
G1 X117.036 Y146.412 E.01173
G1 X116.787 Y146.721 E.00919
G1 X116.537 Y147.181 E.01212
G1 X116.386 Y147.7 E.01254
G1 X116.35 Y148.21 E.01183
G1 X116.423 Y148.744 E.01248
G1 X116.611 Y149.251 E.01252
G1 X116.895 Y149.694 E.01218
G1 X117.184 Y150.001 E.00976
G1 X117.596 Y150.3 E.0118
G1 X118.025 Y150.494 E.0109
G1 X118.592 Y150.62 E.01345
G1 X118.971 Y150.632 E.00878
G1 X119.434 Y150.562 E.01084
G1 X119.874 Y150.416 E.01073
G1 X120.313 Y150.161 E.01176
G1 X120.714 Y149.799 E.01252
G1 X120.721 Y149.79 E.00026
G92 E0
G1 E-.3 F3600
G1 X120.11 Y151.062 Z48 F60000
G1 E.3 F2400
G1 F25953.656
G1 X119.957 Y151.128 E.00561
G1 X119.648 Y151.225 E.01088
G1 X119.335 Y151.289 E.01075
G1 X118.79 Y151.326 E.01838
G1 X118.472 Y151.304 E.01073
G1 X118.153 Y151.25 E.01089
G1 X117.841 Y151.164 E.01087
G1 X117.54 Y151.046 E.01089
G1 X117.252 Y150.899 E.01087
G1 X116.98 Y150.723 E.01088
G1 X116.728 Y150.521 E.01088
G1 X116.5 Y150.297 E.01074
G1 X116.165 Y149.865 E.01838
G1 X116.005 Y149.588 E.01076
G1 X115.873 Y149.293 E.01087
G1 X115.771 Y148.986 E.01089
G1 X115.7 Y148.671 E.01088
G1 X115.663 Y148.35 E.01088
G1 X115.657 Y148.026 E.01087
G1 X115.685 Y147.704 E.01089
G1 X115.744 Y147.386 E.01087
G1 X115.836 Y147.075 E.01092
G1 X116.056 Y146.585 E.01806
G1 X116.227 Y146.31 E.01089
G1 X116.425 Y146.054 E.01089
G1 X116.648 Y145.82 E.01087
G1 X116.894 Y145.609 E.01089
G1 X117.159 Y145.424 E.01088
G1 X117.442 Y145.268 E.01087
G1 X117.739 Y145.14 E.01089
G1 X118.048 Y145.043 E.01088
G1 X118.364 Y144.978 E.01088
G1 X118.687 Y144.945 E.0109
G1 X119.223 Y144.964 E.01806
G1 X119.543 Y145.018 E.01091
G1 X119.855 Y145.105 E.01087
G1 X120.156 Y145.222 E.01089
G1 X120.444 Y145.369 E.01087
G1 X120.716 Y145.545 E.01089
G1 X120.968 Y145.747 E.01088
G1 X121.196 Y145.971 E.01074
G1 X121.531 Y146.403 E.01838
G1 X121.69 Y146.68 E.01076
G1 X121.822 Y146.975 E.01087
G1 X121.925 Y147.282 E.01089
G1 X121.995 Y147.597 E.01088
G1 X122.033 Y147.919 E.01088
G1 X122.039 Y148.242 E.01087
G1 X122.011 Y148.564 E.01089
G1 X121.952 Y148.882 E.01087
G1 X121.859 Y149.193 E.01092
G1 X121.64 Y149.683 E.01806
G1 X121.468 Y149.958 E.01089
G1 X121.27 Y150.214 E.01089
G1 X121.047 Y150.448 E.01087
G1 X120.802 Y150.659 E.01089
G1 X120.537 Y150.844 E.01088
G1 X120.254 Y151 E.01087
G1 X120.147 Y151.047 E.00394
G1 X119.945 Y150.679 F60000
G1 F25953.656
G1 X119.812 Y150.736 E.00489
G1 X119.543 Y150.82 E.00946
G1 X119.279 Y150.875 E.00909
G1 X118.79 Y150.908 E.01648
G1 X118.521 Y150.89 E.00907
G1 X118.244 Y150.842 E.00947
G1 X117.973 Y150.767 E.00946
G1 X117.711 Y150.665 E.00946
G1 X117.461 Y150.537 E.00944
G1 X117.224 Y150.384 E.00947
G1 X117.005 Y150.209 E.00946
G1 X116.813 Y150.019 E.00907
G1 X116.512 Y149.632 E.01648
G1 X116.377 Y149.398 E.00909
G1 X116.263 Y149.142 E.00945
G1 X116.174 Y148.874 E.00948
G1 X116.112 Y148.601 E.00944
G1 X116.079 Y148.322 E.00945
G1 X116.074 Y148.041 E.00946
G1 X116.098 Y147.76 E.00947
G1 X116.15 Y147.484 E.00944
G1 X116.231 Y147.212 E.00956
G1 X116.421 Y146.789 E.01558
G1 X116.57 Y146.549 E.00953
G1 X116.742 Y146.327 E.00945
G1 X116.936 Y146.123 E.00946
G1 X117.15 Y145.939 E.00948
G1 X117.38 Y145.779 E.00945
G1 X117.625 Y145.643 E.00944
G1 X117.884 Y145.532 E.00946
G1 X118.152 Y145.448 E.00946
G1 X118.428 Y145.391 E.00946
G1 X118.71 Y145.362 E.00953
G1 X119.173 Y145.378 E.01559
G1 X119.452 Y145.426 E.00954
G1 X119.723 Y145.501 E.00945
G1 X119.985 Y145.603 E.00946
G1 X120.235 Y145.731 E.00944
G1 X120.471 Y145.884 E.00948
G1 X120.691 Y146.06 E.00946
G1 X120.883 Y146.249 E.00907
G1 X121.184 Y146.636 E.01648
G1 X121.318 Y146.87 E.00908
G1 X121.433 Y147.126 E.00945
G1 X121.522 Y147.394 E.00948
G1 X121.584 Y147.668 E.00944
G1 X121.617 Y147.947 E.00945
G1 X121.621 Y148.228 E.00946
G1 X121.598 Y148.508 E.00947
G1 X121.546 Y148.784 E.00944
G1 X121.465 Y149.056 E.00956
G1 X121.275 Y149.479 E.01558
G1 X121.126 Y149.719 E.00953
G1 X120.954 Y149.942 E.00945
G1 X120.76 Y150.145 E.00945
G1 X120.546 Y150.329 E.00948
G1 X120.316 Y150.489 E.00945
G1 X120.07 Y150.625 E.00944
G1 X119.982 Y150.663 E.00323
G1 E-.3 F3600
G1 X120.148 Y149.279 F60000
G1 E.3 F2400
G1 F25953.656
G1 X120.362 Y148.972 E.01261
G1 X120.508 Y148.627 E.01259
G1 X120.574 Y148.263 E.01245
G1 X120.574 Y148.005 E.00866
G1 X120.508 Y147.645 E.01231
G1 X120.417 Y147.403 E.0087
G1 X120.226 Y147.086 E.01245
G1 X119.969 Y146.815 E.01258
G1 X119.663 Y146.607 E.01243
G1 X119.427 Y146.502 E.0087
G1 X119.066 Y146.417 E.01248
G1 X118.696 Y146.41 E.01243
G1 X118.441 Y146.451 E.0087
G1 X118.097 Y146.574 E.01229
G1 X117.873 Y146.703 E.0087
G1 X117.594 Y146.94 E.01232
G1 X117.431 Y147.141 E.00869
G1 X117.252 Y147.464 E.01244
G1 X117.144 Y147.823 E.01261
G1 X117.118 Y148.197 E.01259
G1 X117.172 Y148.567 E.01258
G1 X117.303 Y148.918 E.0126
G1 X117.506 Y149.227 E.01244
G1 X117.683 Y149.414 E.00868
G1 X117.982 Y149.633 E.01246
G1 X118.325 Y149.785 E.0126
G1 X118.688 Y149.858 E.01245
G1 X118.941 Y149.862 E.00852
G1 X119.193 Y149.831 E.00855
G1 X119.547 Y149.719 E.01246
G1 X119.87 Y149.531 E.0126
G1 X120.118 Y149.306 E.01125
G1 X120.485 Y149.524 F60000
G1 F25953.656
G1 X120.73 Y149.175 E.01435
G1 X120.91 Y148.747 E.01562
G1 X120.991 Y148.3 E.01526
G1 X120.991 Y147.968 E.01119
G1 X120.912 Y147.533 E.01486
G1 X120.793 Y147.22 E.01124
G1 X120.56 Y146.832 E.01524
G1 X120.24 Y146.495 E.01563
G1 X119.867 Y146.241 E.01519
G1 X119.561 Y146.105 E.01126
G1 X119.119 Y146 E.01529
G1 X118.666 Y145.992 E.01522
G1 X118.336 Y146.046 E.01124
G1 X117.922 Y146.194 E.01482
G1 X117.632 Y146.361 E.01124
G1 X117.295 Y146.647 E.01489
G1 X117.084 Y146.906 E.01123
G1 X116.865 Y147.302 E.01521
G1 X116.732 Y147.748 E.01566
G1 X116.698 Y148.212 E.01566
G1 X116.766 Y148.671 E.01561
G1 X116.929 Y149.107 E.01565
G1 X117.177 Y149.487 E.01526
G1 X117.407 Y149.729 E.01121
G1 X117.772 Y149.997 E.01525
G1 X118.198 Y150.185 E.01566
G1 X118.643 Y150.274 E.01525
G1 X118.963 Y150.28 E.0108
G1 X119.283 Y150.24 E.01084
G1 X119.716 Y150.102 E.01528
G1 X120.118 Y149.869 E.01563
G1 X120.462 Y149.557 E.01563
G1 X120.671 Y149.784 F60000
G1 F51287.641
G1 X120.704 Y149.753 E.00077
G1 X121.002 Y149.328 E.00884
G1 X121.204 Y148.846 E.0089
G1 X121.3 Y148.338 E.00881
G1 X121.304 Y147.968 E.0063
G1 X121.215 Y147.458 E.0088
G1 X121.07 Y147.076 E.00696
G1 X120.811 Y146.655 E.00842
G1 X120.45 Y146.265 E.00904
G1 X120.026 Y145.973 E.00876
G1 X119.652 Y145.807 E.00697
G1 X119.147 Y145.69 E.00882
G1 X118.653 Y145.681 E.0084
G1 X118.249 Y145.746 E.00696
G1 X117.783 Y145.915 E.00845
G1 X117.446 Y146.112 E.00665
G1 X117.066 Y146.436 E.0085
G1 X116.827 Y146.727 E.00641
G1 X116.576 Y147.192 E.00899
G1 X116.424 Y147.703 E.00907
G1 X116.388 Y148.213 E.0087
G1 X116.467 Y148.76 E.00941
G1 X116.646 Y149.238 E.00869
G1 X116.931 Y149.671 E.00882
G1 X117.207 Y149.969 E.00693
G1 X117.617 Y150.268 E.00863
G1 X118.094 Y150.478 E.00887
G1 X118.6 Y150.583 E.0088
G1 X118.973 Y150.588 E.00635
G1 X119.359 Y150.541 E.00662
G1 X119.852 Y150.382 E.00882
G1 X120.311 Y150.114 E.00904
G1 X120.641 Y149.811 E.00763
G1 E-.3 F3600
