G90
G21
M83 ; use relative distances for extrusion
; filament start gcode
M106 S0
;LAYER_CHANGE
;Z:0.2
;HEIGHT:0.2
;BEFORE_LAYER_CHANGE
G92 E0
;0.2


;AFTER_LAYER_CHANGE
;0.2
;_SET_FAN_SPEED_CHANGING_LAYER
G1 E-.8 F1500
G1 X99.158 Y99.158 F9000
G1 Z.2
G1 Z.2
G1 E.8 F1500
;TYPE:Skirt
;WIDTH:0.5
G1 F3000
G1 X102.008 Y96.308 E.14859
G1 X103.2 Y95.814 E.04756
G1 X121.8 Y95.814 E.68571
G1 X122.992 Y96.308 E.04756
G1 X128.692 Y102.008 E.29718
G1 X129.186 Y103.2 E.04756
G1 X129.186 Y121.8 E.68571
G1 X128.692 Y122.992 E.04756
G1 X122.992 Y128.692 E.29718
G1 X121.8 Y129.186 E.04756
G1 X103.2 Y129.186 E.68571
G1 X102.008 Y128.692 E.04756
G1 X96.308 Y122.992 E.29718
G1 X95.814 Y121.8 E.04756
G1 X95.814 Y103.2 E.68571
G1 X96.308 Y102.008 E.04756
G1 X99.13 Y99.186 E.14711
G1 X99.453 Y99.51 F9000
G1 F3000
G1 X102.331 Y96.631 E.15006
G1 X103.2 Y96.271 E.03466
G1 X121.8 Y96.271 E.68571
G1 X122.669 Y96.631 E.03466
G1 X128.369 Y102.331 E.29718
G1 X128.729 Y103.2 E.03466
G1 X128.729 Y121.8 E.68571
G1 X128.369 Y122.669 E.03466
G1 X122.669 Y128.369 E.29718
G1 X121.8 Y128.729 E.03466
G1 X103.2 Y128.729 E.68571
G1 X102.331 Y128.369 E.03466
G1 X96.631 Y122.669 E.29718
G1 X96.271 Y121.8 E.03466
G1 X96.271 Y103.2 E.68571
G1 X96.631 Y102.331 E.03466
G1 X99.425 Y99.538 E.14564
; printing object Voron_Design_Cube_v7.drc id:0 copy 0
G1 E-.8 F1500
G1 X121.445 Y127.05 F9000
G1 E.8 F1500
;TYPE:Outer wall
;WIDTH:0.499999
G1 F3600
G1 X103.555 Y127.05 E.65956
G1 X97.95 Y121.445 E.29221
G1 X97.95 Y103.555 E.65956
G1 X103.555 Y97.95 E.29221
G1 X121.445 Y97.95 E.65956
G1 X127.05 Y103.555 E.29221
G1 X127.05 Y121.445 E.65956
G1 X121.474 Y127.022 E.29073
G1 E-.8 F1500
G1 X108.669 Y105.367 F9000
G1 E.8 F1500
G1 F3600
G1 X108.715 Y105.339 E.00202
G1 X109.475 Y104.986 E.03088
G1 X110.267 Y104.714 E.03086
G1 X111.083 Y104.525 E.03087
G1 X111.913 Y104.422 E.03087
G1 X112.751 Y104.404 E.03087
G1 X113.598 Y104.474 E.03136
G1 X114.808 Y104.736 E.04561
G1 X115.602 Y105.018 E.03106
G1 X116.357 Y105.378 E.03085
G1 X117.072 Y105.814 E.03087
G1 X117.748 Y106.33 E.03136
G1 X118.626 Y107.202 E.04561
G1 X119.143 Y107.866 E.03104
G1 X119.586 Y108.577 E.03087
G1 X119.953 Y109.33 E.03089
G1 X120.24 Y110.116 E.03085
G1 X120.445 Y110.928 E.03087
G1 X120.565 Y111.756 E.03084
G1 X120.599 Y112.593 E.03088
G1 X120.567 Y113.226 E.02336
G1 X120.449 Y114.051 E.03074
G1 X120.247 Y114.864 E.03087
G1 X119.961 Y115.651 E.03087
G1 X119.596 Y116.404 E.03087
G1 X119.148 Y117.127 E.03136
G1 X118.365 Y118.085 E.04561
G1 X117.754 Y118.664 E.03104
G1 X117.089 Y119.174 E.03087
G1 X116.376 Y119.612 E.03087
G1 X115.621 Y119.974 E.03088
G1 X114.833 Y120.256 E.03085
G1 X114.019 Y120.456 E.03087
G1 X113.19 Y120.57 E.03087
G1 X112.353 Y120.598 E.03087
G1 X111.518 Y120.54 E.03087
G1 X110.68 Y120.393 E.03136
G1 X109.499 Y120.023 E.04563
G1 X108.734 Y119.671 E.03103
G1 X108.014 Y119.244 E.03087
G1 X107.342 Y118.745 E.03087
G1 X106.725 Y118.179 E.03087
G1 X106.169 Y117.553 E.03087
G1 X105.85 Y117.108 E.02017
G1 X105.267 Y116.145 E.04152
G1 X104.929 Y115.378 E.03087
G1 X104.668 Y114.569 E.03136
G1 X104.445 Y113.352 E.04562
G1 X104.399 Y112.498 E.03153
G1 X104.495 Y111.264 E.04562
G1 X104.667 Y110.439 E.03104
G1 X104.921 Y109.642 E.03087
G1 X105.257 Y108.874 E.03087
G1 X105.67 Y108.146 E.03087
G1 X106.156 Y107.464 E.03087
G1 X106.71 Y106.836 E.03087
G1 X107.325 Y106.269 E.03087
G1 X107.958 Y105.796 E.02911
G1 X108.634 Y105.388 E.02912
G1 E-.8 F1500
G1 X121.097 Y98.087 F9000
G1 E.8 F1500
;TYPE:Bottom surface
;WIDTH:0.501238
G1 F3600
G1 X126.707 Y103.698 E.2933
G1 X126.707 Y104.346 E.02396
G1 X120.654 Y98.293 E.31643
G1 X120.006 Y98.293 E.02396
G1 X126.707 Y104.994 E.35032
G1 X126.707 Y105.642 E.02396
G1 X119.358 Y98.293 E.3842
G1 X118.71 Y98.293 E.02396
G1 X126.707 Y106.29 E.41809
G1 X126.707 Y106.938 E.02396
G1 X118.062 Y98.293 E.45197
G1 X117.413 Y98.293 E.02396
G1 X126.707 Y107.587 E.48586
G1 X126.707 Y108.235 E.02396
G1 X116.765 Y98.293 E.51974
G1 X116.117 Y98.293 E.02396
G1 X126.707 Y108.883 E.55362
G1 X126.707 Y109.531 E.02396
G1 X115.469 Y98.293 E.58751
G1 X114.821 Y98.293 E.02396
G1 X126.707 Y110.179 E.62139
G1 X126.707 Y110.827 E.02396
G1 X114.173 Y98.293 E.65528
G1 X113.525 Y98.293 E.02396
G1 X126.707 Y111.475 E.68916
G1 X126.707 Y112.124 E.02396
G1 X112.876 Y98.293 E.72305
G1 X112.228 Y98.293 E.02396
G1 X126.707 Y112.772 E.75693
G1 X126.707 Y113.42 E.02396
G1 X111.58 Y98.293 E.79081
G1 X110.932 Y98.293 E.02396
G1 X126.707 Y114.068 E.8247
G1 X126.707 Y114.716 E.02396
G1 X110.284 Y98.293 E.85858
G1 X109.636 Y98.293 E.02396
G1 X116.329 Y104.986 E.34992
G1 X116.55 Y105.093 E.00907
G1 X117.285 Y105.544 E.03187
G1 X117.994 Y106.091 E.03313
G1 X118.874 Y106.965 E.04582
G1 X119.443 Y107.698 E.03432
G1 X119.902 Y108.441 E.03227
G1 X120.013 Y108.67 E.0094
G1 X126.707 Y115.364 E.34997
G1 X126.707 Y116.013 E.02396
G1 X120.485 Y109.79 E.32528
G1 X120.578 Y110.048 E.01011
G1 X120.737 Y110.691 E.0245
G1 X126.707 Y116.661 E.31209
G1 X126.707 Y117.309 E.02396
G1 X120.869 Y111.471 E.30522
G1 X120.909 Y111.758 E.01074
G1 X120.925 Y112.175 E.01543
G1 X126.707 Y117.957 E.30227
G1 X126.707 Y118.605 E.02396
G1 X120.93 Y112.828 E.30204
G1 X120.884 Y113.431 E.02235
G1 X126.707 Y119.253 E.3044
G1 X126.707 Y119.902 E.02396
G1 X120.803 Y113.997 E.30865
G1 X120.684 Y114.527 E.02005
G1 X126.707 Y120.55 E.31488
G1 X126.707 Y121.198 E.02396
G1 X120.547 Y115.038 E.32204
G1 X120.375 Y115.514 E.01872
G1 X126.436 Y121.575 E.31684
G1 X126.112 Y121.899 E.01694
G1 X120.185 Y115.972 E.30982
G1 X119.974 Y116.41 E.01794
G1 X125.788 Y122.223 E.30391
G1 X125.464 Y122.547 E.01694
G1 X119.739 Y116.823 E.29925
G1 X119.492 Y117.223 E.01741
G1 X125.14 Y122.871 E.29525
G1 X124.815 Y123.195 E.01694
G1 X119.209 Y117.589 E.29309
G1 X118.918 Y117.945 E.01703
G1 X124.491 Y123.519 E.29139
G1 X124.167 Y123.843 E.01694
G1 X118.626 Y118.302 E.28968
G1 X118.297 Y118.621 E.01694
G1 X123.843 Y124.167 E.28993
G1 X123.519 Y124.491 E.01694
G1 X117.963 Y118.935 E.29047
G1 X117.597 Y119.217 E.01708
G1 X123.195 Y124.816 E.29267
G1 X122.871 Y125.14 E.01694
G1 X117.224 Y119.493 E.2952
G1 X116.822 Y119.739 E.01743
G1 X122.547 Y125.464 E.29929
G1 X122.223 Y125.788 E.01694
G1 X116.411 Y119.976 E.30382
G1 X115.972 Y120.185 E.01798
G1 X121.899 Y126.112 E.30986
G1 X121.575 Y126.436 E.01694
G1 X115.515 Y120.376 E.31678
G1 X115.036 Y120.546 E.01878
G1 X121.198 Y126.707 E.32211
G1 X120.55 Y126.707 E.02396
G1 X114.527 Y120.685 E.31485
G1 X114 Y120.805 E.02
G1 X119.901 Y126.707 E.30854
G1 X119.253 Y126.707 E.02396
G1 X113.43 Y120.883 E.30446
G1 X113.231 Y120.911 E.00742
G1 X112.823 Y120.925 E.01509
G1 X118.605 Y126.707 E.30229
G1 X117.957 Y126.707 E.02396
G1 X112.18 Y120.93 E.30203
G1 X111.482 Y120.88 E.02585
G1 X117.309 Y126.707 E.30461
G1 X116.661 Y126.707 E.02396
G1 X110.698 Y120.744 E.31173
G1 X109.768 Y120.463 E.03591
G1 X116.218 Y126.913 E.3372
G1 E-.8 F1500
G1 X108.782 Y98.087 F9000
G1 E.8 F1500
G1 F3600
G1 X115.213 Y104.519 E.33623
G1 X114.887 Y104.403 E.01279
G1 X114.328 Y104.282 E.02114
G1 X108.339 Y98.293 E.31309
G1 X107.691 Y98.293 E.02396
G1 X113.526 Y104.128 E.30504
G1 X112.817 Y104.067 E.0263
G1 X107.043 Y98.293 E.30187
G1 X106.395 Y98.293 E.02396
G1 X112.176 Y104.074 E.30223
G1 X111.877 Y104.081 E.01105
G1 X111.572 Y104.119 E.01135
G1 X105.747 Y98.293 E.30456
G1 X105.098 Y98.293 E.02396
G1 X110.999 Y104.193 E.30847
G1 X110.473 Y104.316 E.01996
G1 X104.45 Y98.293 E.31486
G1 X103.802 Y98.293 E.02396
G1 X109.965 Y104.456 E.32218
G1 X109.483 Y104.622 E.01884
G1 X103.425 Y98.564 E.3167
G1 X103.101 Y98.888 E.01694
G1 X109.029 Y104.816 E.30989
G1 X108.587 Y105.022 E.01803
G1 X102.777 Y99.212 E.30371
G1 X102.453 Y99.536 E.01694
G1 X108.178 Y105.261 E.29927
G1 X107.774 Y105.506 E.01744
G1 X102.129 Y99.86 E.29513
G1 X101.805 Y100.185 E.01694
G1 X107.404 Y105.783 E.29269
G1 X107.039 Y106.067 E.01708
G1 X101.481 Y100.509 E.29056
G1 X101.157 Y100.833 E.01694
G1 X106.701 Y106.377 E.28985
G1 X106.375 Y106.699 E.01694
G1 X100.833 Y101.157 E.28972
G1 X100.509 Y101.481 E.01694
G1 X106.07 Y107.042 E.29075
G1 X105.781 Y107.402 E.01704
G1 X100.184 Y101.805 E.29259
G1 X99.86 Y102.129 E.01694
G1 X105.51 Y107.779 E.29536
G1 X105.26 Y108.177 E.01738
G1 X99.536 Y102.453 E.29922
G1 X99.212 Y102.777 E.01694
G1 X105.024 Y108.589 E.30383
G1 X104.816 Y109.029 E.018
G1 X98.888 Y103.101 E.3099
G1 X98.564 Y103.425 E.01694
G1 X104.617 Y109.479 E.31645
G1 X104.458 Y109.967 E.019
G1 X98.293 Y103.802 E.3223
G1 X98.293 Y104.45 E.02396
G1 X104.312 Y110.47 E.31467
G1 X104.198 Y111.004 E.0202
G1 X98.293 Y105.099 E.30873
G1 X98.293 Y105.747 E.02396
G1 X104.13 Y111.584 E.30514
G1 X104.082 Y112.184 E.02226
G1 X98.293 Y106.395 E.30264
G1 X98.293 Y107.043 E.02396
G1 X104.075 Y112.825 E.30227
G1 X104.106 Y113.403 E.0214
G1 X104.129 Y113.527 E.00468
G1 X98.293 Y107.691 E.30511
G1 X98.293 Y108.339 E.02396
G1 X104.274 Y114.321 E.3127
G1 X104.33 Y114.624 E.01141
G1 X104.517 Y115.212 E.0228
G1 X98.293 Y108.987 E.3254
G1 X98.293 Y109.636 E.02396
G1 X104.965 Y116.308 E.34882
G1 X105.399 Y117.067 E.03231
G1 X105.909 Y117.775 E.03226
G1 X106.475 Y118.415 E.03158
G1 X107.098 Y118.988 E.03127
G1 X107.796 Y119.511 E.03226
G1 X108.545 Y119.959 E.03226
G1 X108.678 Y120.021 E.00541
G1 X115.364 Y126.707 E.34957
G1 X114.716 Y126.707 E.02396
G1 X98.293 Y110.284 E.85858
G1 X98.293 Y110.932 E.02396
G1 X114.068 Y126.707 E.8247
G1 X113.42 Y126.707 E.02396
G1 X98.293 Y111.58 E.79081
G1 X98.293 Y112.228 E.02396
G1 X112.772 Y126.707 E.75693
G1 X112.124 Y126.707 E.02396
G1 X98.293 Y112.876 E.72304
G1 X98.293 Y113.525 E.02396
M73 P1 R57
G1 X111.475 Y126.707 E.68916
G1 X110.827 Y126.707 E.02396
G1 X98.293 Y114.173 E.65527
G1 X98.293 Y114.821 E.02396
G1 X110.179 Y126.707 E.62139
G1 X109.531 Y126.707 E.02396
G1 X98.293 Y115.469 E.58751
G1 X98.293 Y116.117 E.02396
G1 X108.883 Y126.707 E.55362
G1 X108.235 Y126.707 E.02396
G1 X98.293 Y116.765 E.51974
G1 X98.293 Y117.414 E.02396
G1 X107.586 Y126.707 E.48585
G1 X106.938 Y126.707 E.02396
G1 X98.293 Y118.062 E.45197
G1 X98.293 Y118.71 E.02396
G1 X106.29 Y126.707 E.41808
G1 X105.642 Y126.707 E.02396
G1 X98.293 Y119.358 E.3842
G1 X98.293 Y120.006 E.02396
G1 X104.994 Y126.707 E.35031
G1 X104.346 Y126.707 E.02396
G1 X98.293 Y120.654 E.31643
G1 X98.293 Y121.302 E.02396
G1 X103.903 Y126.913 E.2933
; stop printing object Voron_Design_Cube_v7.drc id:0 copy 0
M106 S255
;LAYER_CHANGE
;Z:0.4
;HEIGHT:0.2
;BEFORE_LAYER_CHANGE
G92 E0
;0.4


;AFTER_LAYER_CHANGE
;0.4
;_SET_FAN_SPEED_CHANGING_LAYER
G1 E-.8 F1500
G1 X103.903 Y129.186 Z.4 F9000
G1 E.8 F1500
;TYPE:Skirt
;WIDTH:0.5
G1 F3000
G1 X103.2 Y129.186 E.02592
G1 X102.008 Y128.692 E.04756
G1 X96.308 Y122.992 E.29718
G1 X95.814 Y121.8 E.04756
G1 X95.814 Y103.2 E.68571
G1 X96.308 Y102.008 E.04756
G1 X102.008 Y96.308 E.29718
G1 X103.2 Y95.814 E.04756
G1 X121.8 Y95.814 E.68571
G1 X122.992 Y96.308 E.04756
G1 X128.692 Y102.008 E.29718
G1 X129.186 Y103.2 E.04756
G1 X129.186 Y121.8 E.68571
G1 X128.692 Y122.992 E.04756
G1 X122.992 Y128.692 E.29718
G1 X121.8 Y129.186 E.04756
G1 X103.943 Y129.186 E.65831
G1 X103.943 Y128.729 F9000
G1 F3000
G1 X103.2 Y128.729 E.0274
G1 X102.331 Y128.369 E.03466
G1 X96.631 Y122.669 E.29718
G1 X96.271 Y121.8 E.03466
G1 X96.271 Y103.2 E.68571
G1 X96.631 Y102.331 E.03466
G1 X102.331 Y96.631 E.29718
G1 X103.2 Y96.271 E.03466
G1 X121.8 Y96.271 E.68571
G1 X122.669 Y96.631 E.03466
G1 X128.369 Y102.331 E.29718
G1 X128.729 Y103.2 E.03466
G1 X128.729 Y121.8 E.68571
G1 X128.369 Y122.669 E.03466
G1 X122.669 Y128.369 E.29718
G1 X121.8 Y128.729 E.03466
G1 X103.983 Y128.729 E.65684
; printing object Voron_Design_Cube_v7.drc id:0 copy 0
G1 E-.8 F1500
G1 X121.35 Y126.414 F9000
G1 E.8 F1500
M73 P1 R56
;TYPE:Inner wall
;WIDTH:0.459999
G1 F5932.273
G1 X103.65 Y126.414 E.59545
G1 X98.586 Y121.35 E.24092
G1 X98.586 Y103.65 E.59545
G1 X103.65 Y98.586 E.24092
G1 X121.35 Y98.586 E.59545
G1 X126.414 Y103.65 E.24092
G1 X126.414 Y121.35 E.59545
G1 X121.379 Y126.386 E.23957
G1 X121.523 Y126.831 F9000
G1 F5932.273
G1 X103.477 Y126.831 E.60707
G1 X98.169 Y121.523 E.25254
G1 X98.169 Y103.477 E.60707
G1 X103.477 Y98.169 E.25254
G1 X121.523 Y98.169 E.60707
G1 X126.831 Y103.477 E.25254
G1 X126.831 Y121.523 E.60707
G1 X121.551 Y126.803 E.2512
G1 X121.713 Y127.262 F9000
;TYPE:Outer wall
G1 F1680
G1 X121.705 Y127.27 E.00038
G1 X120.796 Y127.27 E.03058
G1 F5932.273
G1 X104.204 Y127.27 E.55815
G1 F1680
G1 X103.295 Y127.27 E.03058
G1 X97.73 Y121.705 E.26475
G1 X97.73 Y120.796 E.03058
G1 F5932.273
G1 X97.73 Y104.204 E.55815
G1 F1680
G1 X97.73 Y103.295 E.03058
G1 X103.295 Y97.73 E.26475
G1 X104.204 Y97.73 E.03058
G1 F5932.273
G1 X120.796 Y97.73 E.55815
G1 F1680
G1 X121.705 Y97.73 E.03058
G1 X127.27 Y103.295 E.26475
G1 X127.27 Y104.204 E.03058
G1 F5932.273
G1 X127.27 Y120.796 E.55815
G1 F1680
G1 X127.27 Y121.705 E.03058
G1 X121.741 Y127.233 E.26301
G1 E-.8 F1500
G1 X108.328 Y104.834 F9000
G1 E.8 F1500
;TYPE:Inner wall
G1 F5932.273
G1 X108.394 Y104.793 E.0026
G1 X109.239 Y104.397 E.03138
G1 X110.096 Y104.103 E.0305
G1 X110.98 Y103.899 E.0305
G1 X111.879 Y103.788 E.0305
G1 X112.786 Y103.77 E.0305
G1 X113.754 Y103.852 E.03268
G1 X114.992 Y104.13 E.04268
G1 X115.871 Y104.442 E.03139
G1 X116.688 Y104.835 E.0305
G1 X117.46 Y105.311 E.0305
G1 X118.179 Y105.864 E.0305
G1 X118.883 Y106.533 E.03268
G1 X119.676 Y107.523 E.04268
G1 X120.167 Y108.316 E.03139
G1 X120.56 Y109.134 E.0305
G1 X120.865 Y109.987 E.0305
G1 X121.072 Y110.828 E.02911
G1 X121.203 Y111.763 E.03175
G1 X121.233 Y112.673 E.03063
G1 X121.163 Y113.642 E.03268
G1 X120.901 Y114.883 E.04268
G1 X120.601 Y115.766 E.03139
G1 X120.219 Y116.588 E.0305
G1 X119.72 Y117.422 E.03268
G1 X118.927 Y118.412 E.04268
G1 X118.261 Y119.065 E.03139
G1 X117.549 Y119.627 E.0305
G1 X116.783 Y120.112 E.0305
G1 X115.971 Y120.515 E.0305
G1 X115.121 Y120.832 E.0305
G1 X114.243 Y121.059 E.0305
G1 X113.347 Y121.193 E.0305
G1 X112.441 Y121.234 E.0305
G1 X111.536 Y121.181 E.0305
G1 X110.577 Y121.024 E.03268
G1 X109.364 Y120.651 E.04268
G1 X108.512 Y120.271 E.03139
G1 X107.728 Y119.816 E.0305
G1 X106.943 Y119.243 E.03268
G1 X106.029 Y118.364 E.04268
G1 X105.439 Y117.641 E.03139
G1 X104.944 Y116.881 E.0305
G1 X104.53 Y116.074 E.0305
G1 X104.203 Y115.229 E.0305
G1 X103.974 Y114.394 E.02911
G1 X103.819 Y113.463 E.03175
G1 X103.766 Y112.554 E.03063
G1 X103.807 Y111.648 E.0305
G1 X103.942 Y110.752 E.0305
G1 X104.17 Y109.874 E.0305
G1 X104.487 Y109.025 E.0305
G1 X104.89 Y108.213 E.0305
G1 X105.376 Y107.447 E.0305
G1 X105.938 Y106.736 E.0305
G1 X106.571 Y106.086 E.0305
G1 X107.317 Y105.465 E.03268
G1 X108.294 Y104.855 E.03873
G1 X108.549 Y105.188 F9000
G1 F5932.273
G1 X108.615 Y105.147 E.0026
G1 X109.412 Y104.777 E.02957
G1 X110.229 Y104.498 E.02905
G1 X111.071 Y104.306 E.02905
G1 X111.928 Y104.202 E.02905
G1 X112.791 Y104.187 E.02905
G1 X113.691 Y104.266 E.03038
G1 X114.901 Y104.537 E.0417
G1 X115.728 Y104.834 E.02957
G1 X116.505 Y105.21 E.02905
G1 X117.239 Y105.664 E.02905
G1 X117.922 Y106.193 E.02905
G1 X118.576 Y106.816 E.03038
G1 X119.35 Y107.784 E.0417
G1 X119.811 Y108.533 E.02957
G1 X120.183 Y109.312 E.02905
G1 X120.472 Y110.125 E.02905
G1 X120.666 Y110.925 E.02768
G1 X120.79 Y111.818 E.03033
G1 X120.816 Y112.683 E.02913
G1 X120.749 Y113.584 E.03038
G1 X120.493 Y114.797 E.0417
G1 X120.207 Y115.628 E.02957
G1 X119.841 Y116.41 E.02905
G1 X119.376 Y117.184 E.03037
G1 X118.601 Y118.152 E.0417
G1 X117.972 Y118.765 E.02957
G1 X117.293 Y119.298 E.02905
G1 X116.562 Y119.759 E.02905
G1 X115.788 Y120.141 E.02905
G1 X114.978 Y120.44 E.02905
G1 X114.141 Y120.654 E.02905
G1 X113.287 Y120.78 E.02905
G1 X112.424 Y120.817 E.02905
G1 X111.563 Y120.765 E.02905
G1 X110.672 Y120.617 E.03037
G1 X109.487 Y120.252 E.0417
G1 X108.685 Y119.892 E.02957
G1 X107.94 Y119.456 E.02905
G1 X107.211 Y118.923 E.03038
G1 X106.318 Y118.063 E.0417
G1 X105.764 Y117.38 E.02957
G1 X105.295 Y116.656 E.02905
G1 X104.903 Y115.887 E.02905
G1 X104.593 Y115.081 E.02905
G1 X104.377 Y114.287 E.02768
G1 X104.231 Y113.397 E.03033
G1 X104.182 Y112.532 E.02913
G1 X104.224 Y111.67 E.02905
G1 X104.354 Y110.817 E.02905
G1 X104.573 Y109.981 E.02905
G1 X104.877 Y109.173 E.02905
G1 X105.263 Y108.401 E.02905
G1 X105.727 Y107.672 E.02905
G1 X106.264 Y106.996 E.02905
G1 X106.868 Y106.379 E.02905
G1 X107.563 Y105.803 E.03038
G1 X108.515 Y105.209 E.03776
G1 X108.781 Y105.559 F9000
;TYPE:Outer wall
G1 F5932.273
G1 X108.847 Y105.519 E.0026
G1 X109.594 Y105.176 E.02766
G1 X110.369 Y104.914 E.02752
G1 X111.167 Y104.734 E.02752
G1 X111.979 Y104.637 E.02752
G1 X112.797 Y104.626 E.02752
G1 X113.624 Y104.7 E.02792
G1 X114.804 Y104.965 E.04071
G1 X115.577 Y105.246 E.02766
G1 X116.313 Y105.604 E.02752
G1 X117.007 Y106.036 E.02752
G1 X117.653 Y106.538 E.02752
G1 X118.252 Y107.113 E.02792
G1 X119.008 Y108.058 E.04071
G1 X119.436 Y108.76 E.02766
G1 X119.786 Y109.499 E.02752
G1 X120.058 Y110.271 E.02752
G1 X120.24 Y111.027 E.02617
G1 X120.355 Y111.876 E.02884
G1 X120.377 Y112.695 E.02754
G1 X120.314 Y113.522 E.02792
G1 X120.064 Y114.706 E.04071
G1 X119.793 Y115.483 E.02766
G1 X119.445 Y116.223 E.02752
G1 X119.015 Y116.933 E.02792
G1 X118.259 Y117.878 E.04071
G1 X117.668 Y118.449 E.02766
G1 X117.023 Y118.952 E.02752
G1 X116.33 Y119.387 E.02752
G1 X115.595 Y119.746 E.02752
G1 X114.827 Y120.028 E.02752
G1 X114.034 Y120.229 E.02752
G1 X113.225 Y120.346 E.02752
G1 X112.407 Y120.379 E.02752
G1 X111.591 Y120.327 E.02752
G1 X110.773 Y120.189 E.02792
G1 X109.616 Y119.833 E.04071
G1 X108.868 Y119.493 E.02766
G1 X108.162 Y119.078 E.02752
G1 X107.494 Y118.586 E.02792
G1 X106.622 Y117.747 E.04071
G1 X106.107 Y117.106 E.02766
G1 X105.664 Y116.419 E.02752
G1 X105.294 Y115.689 E.02752
G1 X105.003 Y114.925 E.02752
G1 X104.801 Y114.173 E.02617
G1 X104.664 Y113.327 E.02884
G1 X104.62 Y112.51 E.02754
G1 X104.662 Y111.693 E.02752
G1 X104.788 Y110.885 E.02752
G1 X104.997 Y110.094 E.02752
G1 X105.286 Y109.329 E.02752
G1 X105.654 Y108.598 E.02752
G1 X106.095 Y107.909 E.02752
G1 X106.606 Y107.27 E.02752
G1 X107.18 Y106.687 E.02752
G1 X107.82 Y106.159 E.02792
G1 X108.747 Y105.581 E.03676
G1 E-.8 F1500
G1 X121.03 Y126.289 F9000
G1 E.8 F1500
;TYPE:Internal solid infill
;WIDTH:0.463783
G1 F5878.936
G1 X126.102 Y121.218 E.24345
G1 X126.102 Y120.623 E.0202
G1 X120.623 Y126.102 E.26301
G1 X120.028 Y126.102 E.0202
G1 X126.102 Y120.028 E.29158
G1 X126.102 Y119.432 E.0202
G1 X119.432 Y126.102 E.32016
G1 X118.837 Y126.102 E.0202
G1 X126.102 Y118.837 E.34873
G1 X126.102 Y118.242 E.0202
G1 X118.242 Y126.102 E.3773
G1 X117.647 Y126.102 E.0202
G1 X126.102 Y117.647 E.40587
G1 X126.102 Y117.052 E.0202
G1 X117.052 Y126.102 E.43445
G1 X116.456 Y126.102 E.0202
G1 X126.102 Y116.456 E.46302
G1 X126.102 Y115.861 E.0202
G1 X115.861 Y126.102 E.49159
G1 X115.266 Y126.102 E.0202
G1 X126.102 Y115.266 E.52016
G1 X126.102 Y114.671 E.0202
G1 X114.671 Y126.102 E.54874
G1 X114.076 Y126.102 E.0202
G1 X126.102 Y114.076 E.57731
G1 X126.102 Y113.481 E.0202
G1 X113.481 Y126.102 E.60588
G1 X112.885 Y126.102 E.0202
G1 X126.102 Y112.885 E.63445
G1 X126.102 Y112.29 E.0202
G1 X112.29 Y126.102 E.66303
G1 X111.695 Y126.102 E.0202
G1 X126.102 Y111.695 E.6916
G1 X126.102 Y111.1 E.0202
G1 X120.521 Y116.68 E.2679
G1 X120.017 Y117.534 E.03366
G1 X119.057 Y118.733 E.05214
G1 X118.375 Y119.38 E.03191
G1 X117.718 Y119.892 E.02826
G1 X116.83 Y120.444 E.0355
G1 X116.691 Y120.51 E.00523
G1 X111.1 Y126.102 E.26841
G1 X110.505 Y126.102 E.0202
G1 X115.63 Y120.976 E.24606
G1 X115.099 Y121.166 E.01916
G1 X114.761 Y121.249 E.01179
G1 X109.909 Y126.102 E.23293
G1 X109.314 Y126.102 E.0202
G1 X114.003 Y121.413 E.22508
G1 X113.313 Y121.508 E.02364
G1 X108.719 Y126.102 E.22053
G1 X108.124 Y126.102 E.0202
G1 X112.688 Y121.537 E.21912
G1 X112.399 Y121.548 E.00983
G1 X112.101 Y121.529 E.01014
G1 X107.529 Y126.102 E.21949
G1 X106.933 Y126.102 E.0202
G1 X111.54 Y121.495 E.22115
G1 X111.026 Y121.414 E.01768
G1 X106.338 Y126.102 E.22503
G1 X105.743 Y126.102 E.0202
G1 X110.522 Y121.323 E.2294
G1 X110.067 Y121.183 E.01616
G1 X105.148 Y126.102 E.23612
G1 X104.553 Y126.102 E.0202
G1 X109.611 Y121.043 E.24285
G1 X109.156 Y120.903 E.01616
G1 X103.957 Y126.102 E.24957
G1 X103.779 Y126.102 E.00605
G1 X103.571 Y125.893 E.01001
G1 X108.746 Y120.718 E.24842
G1 X108.339 Y120.529 E.01521
G1 X103.273 Y125.595 E.24321
G1 X102.976 Y125.298 E.01429
G1 X107.961 Y120.313 E.23931
G1 X107.588 Y120.09 E.01473
G1 X102.678 Y125 E.23573
G1 X102.38 Y124.703 E.01429
G1 X107.238 Y119.846 E.23317
G1 X106.898 Y119.589 E.01442
G1 X102.083 Y124.405 E.23118
G1 X101.785 Y124.108 E.01429
G1 X106.572 Y119.321 E.2298
G1 X106.269 Y119.029 E.01429
G1 X101.488 Y123.81 E.22952
G1 X101.19 Y123.512 E.01429
G1 X105.965 Y118.737 E.22925
G1 X105.79 Y118.568 E.00828
G1 X105.678 Y118.429 E.00604
G1 X100.892 Y123.215 E.22975
G1 X100.595 Y122.917 E.01429
G1 X105.413 Y118.099 E.23132
G1 X105.149 Y117.768 E.01437
G1 X100.297 Y122.62 E.23289
G1 X100 Y122.322 E.01429
G1 X104.914 Y117.408 E.2359
G1 X104.683 Y117.043 E.01464
G1 X99.702 Y122.024 E.23912
G1 X99.404 Y121.727 E.01429
G1 X104.476 Y116.655 E.24345
G1 X104.279 Y116.257 E.01508
G1 X99.107 Y121.429 E.24827
G1 X98.898 Y121.221 E.01001
G1 X98.898 Y121.042 E.00605
G1 X104.102 Y115.839 E.24981
G1 X103.941 Y115.405 E.01571
G1 X98.898 Y120.447 E.24205
G1 X98.898 Y119.852 E.0202
G1 X103.8 Y114.95 E.23532
G1 X103.677 Y114.478 E.01656
G1 X98.898 Y119.257 E.2294
G1 X98.898 Y118.662 E.0202
G1 X103.587 Y113.973 E.22508
G1 X103.508 Y113.457 E.01772
G1 X98.898 Y118.066 E.22128
G1 X98.898 Y117.471 E.0202
G1 X103.471 Y112.898 E.21952
G1 X103.451 Y112.5 E.01354
G1 X103.461 Y112.314 E.00633
G1 X98.898 Y116.876 E.21901
G1 X98.898 Y116.281 E.0202
G1 X103.492 Y111.687 E.22052
G1 X103.59 Y110.994 E.02375
G1 X98.898 Y115.686 E.22521
G1 X98.898 Y115.09 E.0202
G1 X103.753 Y110.236 E.23307
G1 X103.868 Y109.789 E.01565
G1 X104.025 Y109.369 E.01523
G1 X98.711 Y114.683 E.25511
G1 E-.8 F1500
G1 X120.661 Y115.946 F9000
G1 E.8 F1500
G1 F5878.936
G1 X126.102 Y110.505 E.26119
G1 X126.102 Y109.909 E.0202
G1 X121.246 Y114.765 E.2331
G1 X121.404 Y114.011 E.02614
G1 X126.102 Y109.314 E.2255
G1 X126.102 Y108.719 E.0202
G1 X121.496 Y113.324 E.22108
G1 X121.545 Y112.68 E.02194
G1 X126.102 Y108.124 E.21872
G1 X126.102 Y107.529 E.0202
G1 X121.531 Y112.1 E.21943
G1 X121.525 Y111.861 E.0081
G1 X121.485 Y111.55 E.01064
G1 X126.102 Y106.933 E.22161
G1 X126.102 Y106.338 E.0202
G1 X121.418 Y111.022 E.22483
G1 X121.318 Y110.527 E.01714
G1 X126.102 Y105.743 E.22965
G1 X126.102 Y105.148 E.0202
G1 X121.206 Y110.044 E.23503
G1 X121.056 Y109.598 E.01596
G1 X126.102 Y104.553 E.2422
G1 X126.102 Y103.957 E.0202
G1 X120.904 Y109.155 E.2495
G1 X120.718 Y108.746 E.01526
G1 X125.893 Y103.571 E.24842
G1 X125.596 Y103.273 E.01429
G1 X120.53 Y108.339 E.24319
G1 X120.313 Y107.961 E.0148
G1 X125.298 Y102.976 E.23932
G1 X125 Y102.678 E.01429
G1 X120.09 Y107.588 E.23571
G1 X120.018 Y107.466 E.00481
G1 X119.84 Y107.243 E.00968
G1 X124.703 Y102.38 E.23345
G1 X124.405 Y102.083 E.01429
G1 X119.576 Y106.912 E.23183
G1 X119.312 Y106.581 E.01438
G1 X124.108 Y101.785 E.23022
G1 X123.81 Y101.488 E.01429
G1 X119.044 Y106.254 E.22881
G1 X118.74 Y105.962 E.01429
G1 X123.512 Y101.19 E.22908
G1 X123.215 Y100.892 E.01429
G1 X118.433 Y105.674 E.22953
G1 X118.101 Y105.411 E.01438
M73 P2 R56
G1 X122.917 Y100.595 E.2312
G1 X122.62 Y100.297 E.01429
G1 X117.769 Y105.148 E.23287
G1 X117.409 Y104.913 E.0146
G1 X122.322 Y100 E.23586
G1 X122.024 Y99.702 E.01429
G1 X117.044 Y104.683 E.23909
G1 X116.655 Y104.476 E.01494
G1 X121.727 Y99.404 E.24346
G1 X121.429 Y99.107 E.01429
G1 X116.258 Y104.278 E.24825
G1 X116.103 Y104.201 E.00586
G1 X115.836 Y104.105 E.00964
G1 X121.042 Y98.898 E.24993
G1 X120.447 Y98.898 E.0202
G1 X115.399 Y103.947 E.24234
G1 X114.95 Y103.8 E.01603
G1 X119.852 Y98.898 E.23532
G1 X119.257 Y98.898 E.0202
G1 X114.464 Y103.691 E.23008
G1 X113.978 Y103.582 E.01691
G1 X118.662 Y98.898 E.22484
G1 X118.066 Y98.898 E.0202
G1 X113.445 Y103.52 E.22184
G1 X112.902 Y103.468 E.01854
G1 X117.471 Y98.898 E.21937
G1 X116.876 Y98.898 E.0202
G1 X112.307 Y103.467 E.21932
G1 X111.848 Y103.476 E.0156
G1 X111.683 Y103.496 E.00563
G1 X116.281 Y98.898 E.22071
G1 X115.686 Y98.898 E.0202
G1 X111.007 Y103.577 E.2246
G1 X110.246 Y103.743 E.02645
G1 X115.091 Y98.898 E.23257
G1 X114.495 Y98.898 E.0202
G1 X109.03 Y104.363 E.26235
G1 X114.088 Y98.711 F9000
G1 F5878.936
G1 X108.31 Y104.489 E.27739
G1 X107.16 Y105.195 E.04579
G1 X106.357 Y105.857 E.03532
G1 X105.697 Y106.536 E.03216
G1 X105.151 Y107.22 E.0297
G1 X104.613 Y108.067 E.03407
G1 X104.497 Y108.301 E.00887
G1 X98.898 Y113.9 E.26877
G1 X98.898 Y113.305 E.0202
G1 X113.305 Y98.898 E.69159
G1 X112.71 Y98.898 E.0202
G1 X98.898 Y112.71 E.66302
G1 X98.898 Y112.115 E.0202
G1 X112.115 Y98.898 E.63445
G1 X111.519 Y98.898 E.0202
G1 X98.898 Y111.519 E.60587
G1 X98.898 Y110.924 E.0202
G1 X110.924 Y98.898 E.5773
G1 X110.329 Y98.898 E.0202
G1 X98.898 Y110.329 E.54873
G1 X98.898 Y109.734 E.0202
G1 X109.734 Y98.898 E.52016
G1 X109.139 Y98.898 E.0202
G1 X98.898 Y109.139 E.49159
G1 X98.898 Y108.543 E.0202
G1 X108.543 Y98.898 E.46301
G1 X107.948 Y98.898 E.0202
G1 X98.898 Y107.948 E.43444
G1 X98.898 Y107.353 E.0202
G1 X107.353 Y98.898 E.40587
G1 X106.758 Y98.898 E.0202
G1 X98.898 Y106.758 E.3773
G1 X98.898 Y106.163 E.0202
G1 X106.163 Y98.898 E.34872
G1 X105.567 Y98.898 E.0202
G1 X98.898 Y105.567 E.32015
G1 X98.898 Y104.972 E.0202
G1 X104.972 Y98.898 E.29158
G1 X104.377 Y98.898 E.0202
G1 X98.898 Y104.377 E.26301
G1 X98.898 Y103.782 E.0202
G1 X103.97 Y98.711 E.24344
; stop printing object Voron_Design_Cube_v7.drc id:0 copy 0
;LAYER_CHANGE
;Z:0.6
;HEIGHT:0.2
;BEFORE_LAYER_CHANGE
G92 E0
;0.6


;AFTER_LAYER_CHANGE
;0.6
;_SET_FAN_SPEED_CHANGING_LAYER
; printing object Voron_Design_Cube_v7.drc id:0 copy 0
G1 E-.8 F1500
G1 X121.55 Y126.414 Z.6 F9000
G1 E.8 F1500
;TYPE:Inner wall
;WIDTH:0.459999
G1 F5932.273
G1 X103.45 Y126.414 E.6089
G1 X98.586 Y121.55 E.2314
G1 X98.586 Y103.45 E.6089
G1 X103.45 Y98.586 E.2314
G1 X121.55 Y98.586 E.6089
G1 X126.414 Y103.45 E.2314
G1 X126.414 Y121.55 E.6089
G1 X121.579 Y126.386 E.23006
G1 X121.723 Y126.831 F9000
G1 F5932.273
G1 X103.277 Y126.831 E.62053
G1 X98.169 Y121.723 E.24303
G1 X98.169 Y103.277 E.62053
G1 X103.277 Y98.169 E.24303
G1 X121.723 Y98.169 E.62053
G1 X126.831 Y103.277 E.24303
G1 X126.831 Y121.723 E.62053
G1 X121.751 Y126.803 E.24168
G1 X121.887 Y127.27 F9000
;TYPE:Outer wall
G1 F5340
G1 X121.068 Y127.27 E.02755
G1 F5932.273
G1 X103.927 Y127.27 E.57662
G1 F4860
G1 X103.095 Y127.27 E.02799
G1 X102.507 Y126.682 E.02797
G1 X98.318 Y122.493 E.19929
G1 X97.73 Y121.905 E.02797
G1 X97.73 Y121.073 E.02799
G1 F5932.273
G1 X97.73 Y103.927 E.57679
G1 F4860
G1 X97.73 Y103.095 E.02799
G1 X98.318 Y102.507 E.02797
G1 X102.507 Y98.318 E.19929
G1 X103.095 Y97.73 E.02797
G1 X103.927 Y97.73 E.02799
G1 F5932.273
G1 X121.073 Y97.73 E.57679
G1 F4860
G1 X121.905 Y97.73 E.02799
G1 X122.493 Y98.318 E.02797
G1 X126.682 Y102.507 E.19929
G1 X127.27 Y103.095 E.02797
G1 X127.27 Y103.927 E.02799
G1 F5932.273
G1 X127.27 Y121.073 E.57679
G1 F4860
G1 X127.27 Y121.905 E.02799
G1 X126.682 Y122.493 E.02797
G1 X122.509 Y126.666 E.19853
G1 X121.921 Y127.254 E.02797
G1 E-.8 F1500
G1 X108.412 Y104.795 F9000
G1 E.8 F1500
;TYPE:Inner wall
G1 F5932.273
G1 X108.822 Y104.578 E.01561
G1 X109.664 Y104.239 E.0305
G1 X110.535 Y103.989 E.0305
G1 X111.428 Y103.832 E.0305
G1 X112.208 Y103.772 E.02631
G1 X112.801 Y103.77 E.01995
G1 X113.689 Y103.847 E.03
G1 X114.58 Y104.017 E.0305
G1 X115.448 Y104.278 E.0305
G1 X116.285 Y104.628 E.0305
G1 X117.08 Y105.063 E.0305
G1 X117.776 Y105.542 E.02842
G1 X118.516 Y106.167 E.03258
G1 X119.14 Y106.825 E.0305
G1 X119.542 Y107.346 E.02215
G1 X120.167 Y108.316 E.03882
G1 X120.56 Y109.134 E.0305
G1 X120.887 Y110.048 E.03268
G1 X121.149 Y111.29 E.04268
G1 X121.23 Y112.219 E.03139
G1 X121.212 Y113.126 E.0305
G1 X121.1 Y114.025 E.0305
G1 X120.896 Y114.909 E.0305
G1 X120.601 Y115.766 E.0305
G1 X120.191 Y116.647 E.03268
G1 X119.505 Y117.714 E.04268
G1 X118.91 Y118.433 E.03139
G1 X118.261 Y119.065 E.0305
G1 X117.616 Y119.575 E.02764
G1 X116.732 Y120.145 E.0354
G1 X115.574 Y120.674 E.0428
G1 X114.685 Y120.957 E.03139
G1 X113.797 Y121.138 E.0305
G1 X112.894 Y121.226 E.0305
G1 X111.987 Y121.219 E.0305
G1 X111.086 Y121.119 E.0305
G1 X110.2 Y120.926 E.0305
G1 X109.339 Y120.642 E.0305
G1 X108.512 Y120.271 E.0305
G1 X107.728 Y119.816 E.0305
G1 X106.671 Y119.003 E.04484
G1 X106.01 Y118.345 E.03138
G1 X105.439 Y117.641 E.0305
G1 X104.944 Y116.881 E.0305
G1 X104.53 Y116.074 E.0305
G1 X104.179 Y115.169 E.03268
G1 X103.886 Y113.934 E.04268
G1 X103.78 Y113.007 E.03139
G1 X103.775 Y112.101 E.0305
G1 X103.863 Y111.198 E.0305
G1 X104.045 Y110.31 E.0305
G1 X104.317 Y109.445 E.0305
G1 X104.678 Y108.613 E.0305
G1 X105.058 Y107.93 E.02631
G1 X105.384 Y107.434 E.01995
G1 X105.938 Y106.736 E.03
G1 X106.571 Y106.086 E.0305
G1 X107.268 Y105.506 E.0305
G1 X108.021 Y105.001 E.0305
G1 X108.377 Y104.813 E.01354
G1 X108.608 Y105.161 F9000
G1 F5932.273
G1 X109.015 Y104.947 E.01546
G1 X109.817 Y104.627 E.02905
G1 X110.648 Y104.391 E.02905
G1 X111.498 Y104.243 E.02904
G1 X112.237 Y104.188 E.02492
G1 X112.8 Y104.187 E.01896
G1 X113.652 Y104.262 E.02874
G1 X114.499 Y104.426 E.02905
G1 X115.326 Y104.677 E.02905
G1 X116.121 Y105.012 E.02905
G1 X116.878 Y105.428 E.02905
G1 X117.537 Y105.884 E.02696
G1 X118.242 Y106.483 E.03112
G1 X118.835 Y107.11 E.02905
G1 X119.21 Y107.598 E.0207
G1 X119.811 Y108.533 E.03737
G1 X120.183 Y109.312 E.02905
G1 X120.485 Y110.163 E.03038
G1 X120.74 Y111.376 E.0417
G1 X120.814 Y112.252 E.02957
G1 X120.795 Y113.115 E.02905
G1 X120.687 Y113.971 E.02905
G1 X120.49 Y114.812 E.02905
G1 X120.207 Y115.628 E.02905
G1 X119.825 Y116.446 E.03038
G1 X119.154 Y117.489 E.0417
G1 X118.591 Y118.164 E.02957
G1 X117.972 Y118.765 E.02905
G1 X117.36 Y119.246 E.02619
G1 X116.531 Y119.779 E.03314
G1 X115.401 Y120.295 E.04178
G1 X114.562 Y120.558 E.02957
G1 X113.716 Y120.728 E.02905
G1 X112.856 Y120.81 E.02905
G1 X111.993 Y120.802 E.02905
G1 X111.135 Y120.705 E.02905
G1 X110.292 Y120.519 E.02905
G1 X109.472 Y120.247 E.02905
G1 X108.685 Y119.892 E.02905
G1 X107.94 Y119.456 E.02905
G1 X106.928 Y118.674 E.04302
G1 X106.307 Y118.052 E.02957
G1 X105.764 Y117.38 E.02905
G1 X105.295 Y116.656 E.02905
G1 X104.903 Y115.887 E.02905
G1 X104.578 Y115.044 E.03038
G1 X104.291 Y113.838 E.0417
G1 X104.195 Y112.964 E.02957
G1 X104.192 Y112.101 E.02905
G1 X104.278 Y111.242 E.02905
G1 X104.453 Y110.396 E.02905
G1 X104.714 Y109.573 E.02905
G1 X105.06 Y108.782 E.02904
G1 X105.421 Y108.136 E.02492
G1 X105.732 Y107.665 E.01897
G1 X106.264 Y106.996 E.02874
G1 X106.868 Y106.379 E.02905
G1 X107.533 Y105.828 E.02905
G1 X108.251 Y105.349 E.02905
G1 X108.573 Y105.18 E.01224
G1 X108.813 Y105.548 F9000
;TYPE:Outer wall
G1 F5932.273
G1 X109.218 Y105.336 E.01537
G1 X109.978 Y105.035 E.02752
G1 X110.766 Y104.813 E.02752
G1 X111.572 Y104.675 E.02751
G1 X112.267 Y104.626 E.02345
G1 X112.8 Y104.626 E.01792
G1 X113.612 Y104.699 E.02742
G1 X114.415 Y104.856 E.02752
G1 X115.197 Y105.096 E.02752
G1 X115.95 Y105.415 E.02752
G1 X116.666 Y105.811 E.02752
G1 X117.286 Y106.244 E.02543
G1 X117.955 Y106.814 E.02959
G1 X118.515 Y107.41 E.02752
G1 X118.861 Y107.863 E.01917
G1 X119.436 Y108.76 E.03583
G1 X119.786 Y109.499 E.02752
G1 X120.062 Y110.282 E.02792
G1 X120.311 Y111.466 E.04071
G1 X120.377 Y112.286 E.02766
G1 X120.357 Y113.103 E.02752
G1 X120.252 Y113.915 E.02752
G1 X120.063 Y114.711 E.02752
G1 X119.793 Y115.483 E.02752
G1 X119.44 Y116.234 E.02792
G1 X118.786 Y117.252 E.04071
G1 X118.256 Y117.881 E.02766
G1 X117.668 Y118.449 E.02752
G1 X117.09 Y118.9 E.02466
G1 X116.32 Y119.393 E.03074
G1 X115.219 Y119.896 E.04073
G1 X114.433 Y120.139 E.02766
G1 X113.631 Y120.298 E.02752
G1 X112.817 Y120.373 E.02752
G1 X111.999 Y120.364 E.02752
G1 X111.186 Y120.269 E.02752
G1 X110.388 Y120.091 E.02752
G1 X109.612 Y119.832 E.02752
G1 X108.868 Y119.493 E.02752
G1 X108.162 Y119.078 E.02752
G1 X107.198 Y118.328 E.04111
G1 X106.619 Y117.744 E.02766
G1 X106.107 Y117.106 E.02752
G1 X105.664 Y116.419 E.02752
G1 X105.294 Y115.689 E.02752
G1 X104.998 Y114.914 E.02792
G1 X104.718 Y113.736 E.04071
G1 X104.631 Y112.919 E.02766
G1 X104.63 Y112.101 E.02752
G1 X104.714 Y111.287 E.02752
G1 X104.882 Y110.486 E.02752
G1 X105.132 Y109.708 E.02752
G1 X105.461 Y108.959 E.02751
G1 X105.803 Y108.351 E.02345
G1 X106.097 Y107.907 E.01793
G1 X106.606 Y107.27 E.02742
G1 X107.18 Y106.687 E.02752
G1 X107.811 Y106.167 E.02752
G1 X108.493 Y105.715 E.02752
G1 X108.777 Y105.566 E.0108
G1 E-.8 F1500
G1 X126.289 Y103.768 F9000
G1 E.8 F1500
;TYPE:Internal solid infill
;WIDTH:0.46199
G1 F5904.089
G1 X121.419 Y98.898 E.23279
G1 X120.827 Y98.898 E.02003
G1 X126.102 Y104.173 E.25215
G1 X126.102 Y104.766 E.02003
G1 X120.234 Y98.898 E.28048
G1 X119.641 Y98.898 E.02003
G1 X126.102 Y105.359 E.30881
G1 X126.102 Y105.951 E.02003
G1 X119.049 Y98.898 E.33714
G1 X118.456 Y98.898 E.02003
G1 X126.102 Y106.544 E.36547
G1 X126.102 Y107.137 E.02003
G1 X117.863 Y98.898 E.3938
G1 X117.271 Y98.898 E.02003
G1 X126.102 Y107.729 E.42213
G1 X126.102 Y108.322 E.02003
G1 X116.678 Y98.898 E.45045
G1 X116.085 Y98.898 E.02003
G1 X126.102 Y108.915 E.47878
G1 X126.102 Y109.507 E.02003
G1 X115.493 Y98.898 E.50711
G1 X114.9 Y98.898 E.02003
G1 X126.102 Y110.1 E.53544
G1 X126.102 Y110.693 E.02003
G1 X114.307 Y98.898 E.56377
G1 X113.715 Y98.898 E.02003
G1 X126.102 Y111.285 E.5921
G1 X126.102 Y111.878 E.02003
G1 X113.122 Y98.898 E.62043
G1 X112.529 Y98.898 E.02003
G1 X126.102 Y112.471 E.64876
G1 X126.102 Y113.063 E.02003
G1 X111.937 Y98.898 E.67709
G1 X111.344 Y98.898 E.02003
G1 X117.254 Y104.808 E.2825
G1 X118.113 Y105.405 E.03535
G1 X118.79 Y105.995 E.03036
G1 X119.371 Y106.615 E.02871
G1 X119.944 Y107.359 E.03173
G1 X120.169 Y107.724 E.0145
G1 X126.102 Y113.656 E.28357
G1 X126.102 Y114.249 E.02003
G1 X120.833 Y108.98 E.25186
G1 X121.153 Y109.892 E.0327
G1 X126.102 Y114.841 E.23655
G1 X126.102 Y115.434 E.02003
G1 X121.338 Y110.67 E.22772
G1 X121.456 Y111.232 E.0194
G1 X121.47 Y111.395 E.00553
G1 X126.102 Y116.026 E.2214
G1 X126.102 Y116.619 E.02003
G1 X121.524 Y112.042 E.21879
G1 X121.546 Y112.298 E.00867
G1 X121.535 Y112.645 E.01175
G1 X126.102 Y117.212 E.2183
G1 X126.102 Y117.804 E.02003
G1 X121.516 Y113.219 E.21919
G1 X121.451 Y113.747 E.01798
G1 X126.102 Y118.397 E.22229
G1 X126.102 Y118.99 E.02003
G1 X121.37 Y114.258 E.22617
G1 X121.257 Y114.738 E.01666
G1 X126.102 Y119.582 E.23156
G1 X126.102 Y120.175 E.02003
G1 X121.126 Y115.199 E.23785
G1 X120.974 Y115.641 E.01577
G1 X126.102 Y120.768 E.24508
G1 X126.102 Y121.36 E.02003
G1 X120.804 Y116.063 E.25321
G1 X120.613 Y116.465 E.01503
G1 X125.835 Y121.687 E.24964
G1 X125.539 Y121.983 E.01416
G1 X120.422 Y116.866 E.24462
G1 X120.19 Y117.227 E.0145
G1 X125.243 Y122.28 E.24153
G1 X124.946 Y122.576 E.01416
G1 X119.958 Y117.587 E.23846
G1 X119.724 Y117.946 E.01448
G1 X124.65 Y122.872 E.23545
G1 X124.354 Y123.169 E.01416
G1 X119.453 Y118.268 E.23426
G1 X119.182 Y118.589 E.01422
G1 X124.057 Y123.465 E.23306
G1 X123.761 Y123.761 E.01416
G1 X118.891 Y118.891 E.23281
G1 X118.587 Y119.179 E.01417
G1 X123.465 Y124.058 E.23318
G1 X123.168 Y124.354 E.01416
G1 X118.273 Y119.458 E.23401
G1 X117.938 Y119.716 E.01429
G1 X122.872 Y124.65 E.23587
G1 X122.576 Y124.946 E.01416
G1 X117.6 Y119.971 E.23786
G1 X117.232 Y120.195 E.01458
G1 X122.28 Y125.243 E.24129
G1 X121.983 Y125.539 E.01416
G1 X116.863 Y120.419 E.24473
G1 X116.463 Y120.612 E.01501
G1 X121.687 Y125.835 E.2497
G1 X121.421 Y126.102 E.01272
G1 X121.36 Y126.102 E.00204
G1 X116.056 Y120.798 E.25354
G1 X115.644 Y120.978 E.01521
G1 X120.768 Y126.102 E.24491
G1 X120.175 Y126.102 E.02003
G1 X115.192 Y121.119 E.23818
G1 X114.74 Y121.26 E.016
G1 X119.582 Y126.102 E.23145
G1 X118.99 Y126.102 E.02003
G1 X114.254 Y121.366 E.22636
G1 X113.753 Y121.457 E.01723
G1 X118.397 Y126.102 E.22201
G1 X117.804 Y126.102 E.02003
G1 X113.209 Y121.506 E.21967
G1 X112.651 Y121.541 E.0189
G1 X117.212 Y126.102 E.21801
G1 X116.619 Y126.102 E.02003
G1 X112.051 Y121.533 E.21838
G1 X111.393 Y121.468 E.02235
G1 X116.026 Y126.102 E.22151
G1 X115.434 Y126.102 E.02003
G1 X110.683 Y121.351 E.22708
G1 X110.127 Y121.231 E.01922
G1 X109.893 Y121.154 E.00833
G1 X114.841 Y126.102 E.23652
G1 X114.248 Y126.102 E.02003
G1 X108.59 Y120.443 E.2705
G1 E-.8 F1500
G1 X116.402 Y104.549 F9000
G1 E.8 F1500
G1 F5904.089
G1 X110.751 Y98.898 E.2701
G1 X110.159 Y98.898 E.02003
G1 X115.11 Y103.849 E.23666
G1 X114.773 Y103.743 E.01195
G1 X114.317 Y103.65 E.0157
G1 X109.566 Y98.898 E.22712
G1 X108.974 Y98.898 E.02003
G1 X113.605 Y103.53 E.2214
G1 X112.948 Y103.465 E.02233
G1 X108.381 Y98.898 E.21831
G1 X107.788 Y98.898 E.02003
G1 X112.347 Y103.457 E.21793
G1 X111.79 Y103.492 E.01889
G1 X107.196 Y98.898 E.2196
G1 X106.603 Y98.898 E.02003
G1 X111.25 Y103.546 E.22214
G1 X110.747 Y103.635 E.01727
G1 X106.01 Y98.898 E.22641
G1 X105.418 Y98.898 E.02003
G1 X110.262 Y103.743 E.23155
G1 X109.801 Y103.875 E.01619
G1 X104.825 Y98.898 E.23788
G1 X104.232 Y98.898 E.02003
G1 X109.359 Y104.025 E.24504
G1 X108.936 Y104.195 E.01539
G1 X103.64 Y98.898 E.25319
G1 X103.579 Y98.898 E.00204
G1 X103.313 Y99.165 E.01272
G1 X108.528 Y104.38 E.24928
G1 X108.141 Y104.585 E.01482
G1 X103.017 Y99.461 E.24493
G1 X102.72 Y99.757 E.01416
G1 X107.761 Y104.798 E.24097
G1 X107.405 Y105.035 E.01445
G1 X102.424 Y100.054 E.23811
G1 X102.128 Y100.35 E.01416
G1 X107.056 Y105.278 E.23556
G1 X106.732 Y105.547 E.01423
G1 X101.831 Y100.646 E.23424
G1 X101.535 Y100.943 E.01416
G1 X106.408 Y105.815 E.23292
G1 X106.109 Y106.109 E.01417
G1 X101.239 Y101.239 E.2328
G1 X100.943 Y101.535 E.01416
G1 X105.815 Y106.407 E.23289
G1 X105.546 Y106.731 E.01423
G1 X100.646 Y101.832 E.23421
G1 X100.35 Y102.128 E.01416
G1 X105.28 Y107.058 E.23568
G1 X105.033 Y107.404 E.01436
G1 X100.054 Y102.424 E.23802
G1 X99.757 Y102.72 E.01416
G1 X104.797 Y107.76 E.24089
G1 X104.584 Y108.14 E.01472
G1 X99.461 Y103.017 E.24489
G1 X99.165 Y103.313 E.01416
G1 X104.376 Y108.524 E.2491
G1 X104.197 Y108.938 E.01524
G1 X98.898 Y103.64 E.25327
G1 X98.898 Y104.232 E.02003
G1 X104.018 Y109.352 E.24474
G1 X103.877 Y109.803 E.01598
M73 P3 R56
G1 X98.898 Y104.825 E.23797
G1 X98.898 Y105.418 E.02003
M73 P3 R55
G1 X103.736 Y110.256 E.23126
G1 X103.636 Y110.748 E.01699
G1 X98.898 Y106.01 E.22648
G1 X98.898 Y106.603 E.02003
G1 X103.543 Y111.248 E.22204
G1 X103.487 Y111.785 E.01824
G1 X98.898 Y107.196 E.21936
G1 X98.898 Y107.788 E.02003
G1 X103.466 Y112.356 E.21833
G1 X103.466 Y112.949 E.02005
G1 X98.898 Y108.381 E.21835
G1 X98.898 Y108.974 E.02003
G1 X103.533 Y113.608 E.22152
G1 X103.565 Y113.926 E.01083
G1 X103.659 Y114.327 E.01391
G1 X98.898 Y109.566 E.22757
G1 X98.898 Y110.159 E.02003
G1 X103.842 Y115.103 E.23633
G1 X104.183 Y116.036 E.03359
G1 X98.898 Y110.752 E.25261
G1 X98.898 Y111.344 E.02003
G1 X104.822 Y117.268 E.28316
G1 X105.179 Y117.817 E.02212
G1 X105.697 Y118.464 E.02802
G1 X106.358 Y119.143 E.03205
G1 X107.564 Y120.082 E.05165
G1 X107.736 Y120.182 E.00673
G1 X113.656 Y126.102 E.28297
G1 X113.063 Y126.102 E.02003
G1 X98.898 Y111.937 E.67709
G1 X98.898 Y112.53 E.02003
G1 X112.47 Y126.102 E.64876
G1 X111.878 Y126.102 E.02003
G1 X98.898 Y113.122 E.62043
G1 X98.898 Y113.715 E.02003
G1 X111.285 Y126.102 E.5921
G1 X110.693 Y126.102 E.02003
G1 X98.898 Y114.307 E.56377
G1 X98.898 Y114.9 E.02003
G1 X110.1 Y126.102 E.53544
G1 X109.507 Y126.102 E.02003
G1 X98.898 Y115.493 E.50711
G1 X98.898 Y116.085 E.02003
G1 X108.915 Y126.102 E.47878
G1 X108.322 Y126.102 E.02003
G1 X98.898 Y116.678 E.45045
G1 X98.898 Y117.271 E.02003
G1 X107.729 Y126.102 E.42212
G1 X107.137 Y126.102 E.02003
G1 X98.898 Y117.863 E.39379
G1 X98.898 Y118.456 E.02003
G1 X106.544 Y126.102 E.36546
G1 X105.951 Y126.102 E.02003
G1 X98.898 Y119.049 E.33713
G1 X98.898 Y119.641 E.02003
G1 X105.359 Y126.102 E.3088
G1 X104.766 Y126.102 E.02003
G1 X98.898 Y120.234 E.28048
G1 X98.898 Y120.827 E.02003
G1 X104.173 Y126.102 E.25215
G1 X103.581 Y126.102 E.02003
G1 X98.711 Y121.232 E.23279
; stop printing object Voron_Design_Cube_v7.drc id:0 copy 0
;LAYER_CHANGE
;Z:0.8
;HEIGHT:0.2
;BEFORE_LAYER_CHANGE
G92 E0
;0.8


;AFTER_LAYER_CHANGE
;0.8
;_SET_FAN_SPEED_CHANGING_LAYER
; printing object Voron_Design_Cube_v7.drc id:0 copy 0
G1 E-.8 F1500
G1 X121.75 Y126.414 Z.8 F9000
G1 E.8 F1500
;TYPE:Inner wall
;WIDTH:0.459999
G1 F5932.273
G1 X103.25 Y126.414 E.62236
G1 X98.586 Y121.75 E.22189
G1 X98.586 Y103.25 E.62236
G1 X103.25 Y98.586 E.22189
G1 X121.75 Y98.586 E.62236
G1 X126.414 Y103.25 E.22189
G1 X126.414 Y121.75 E.62236
G1 X121.779 Y126.386 E.22054
G1 X121.923 Y126.831 F9000
G1 F5932.273
G1 X103.077 Y126.831 E.63398
G1 X98.169 Y121.923 E.23351
G1 X98.169 Y103.077 E.63398
G1 X103.077 Y98.169 E.23351
G1 X121.923 Y98.169 E.63398
G1 X126.831 Y103.077 E.23351
G1 X126.831 Y121.923 E.63398
G1 X121.951 Y126.803 E.23217
G1 X122.09 Y127.27 F9000
;TYPE:Outer wall
G1 F5280
G1 X121.269 Y127.27 E.02762
G1 F5932.273
G1 X103.727 Y127.27 E.59011
G1 F4860
G1 X102.895 Y127.27 E.02799
G1 X102.307 Y126.682 E.02797
G1 X98.318 Y122.693 E.18977
G1 X97.73 Y122.105 E.02797
G1 X97.73 Y121.273 E.02799
G1 F5932.273
G1 X97.73 Y103.727 E.59024
G1 F4860
G1 X97.73 Y102.895 E.02799
G1 X98.318 Y102.307 E.02797
G1 X102.307 Y98.318 E.18977
G1 X102.895 Y97.73 E.02797
G1 X103.727 Y97.73 E.02799
G1 F5932.273
G1 X121.273 Y97.73 E.59024
G1 F4860
G1 X122.105 Y97.73 E.02799
G1 X122.693 Y98.318 E.02797
G1 X126.682 Y102.307 E.18977
G1 X127.27 Y102.895 E.02797
G1 X127.27 Y103.727 E.02799
G1 F5932.273
G1 X127.27 Y121.273 E.59024
G1 F4860
G1 X127.27 Y122.105 E.02799
G1 X126.682 Y122.693 E.02797
G1 X122.71 Y126.664 E.18894
G1 X122.123 Y127.252 E.02795
G1 E-.8 F1500
G1 X108.416 Y104.793 F9000
G1 E.8 F1500
;TYPE:Inner wall
G1 F5932.273
G1 X108.822 Y104.578 E.01548
G1 X109.664 Y104.239 E.0305
G1 X110.535 Y103.989 E.0305
G1 X111.428 Y103.832 E.03049
G1 X112.124 Y103.776 E.02349
G1 X112.795 Y103.77 E.02258
G1 X113.689 Y103.847 E.03019
G1 X114.58 Y104.017 E.0305
G1 X115.448 Y104.278 E.0305
G1 X116.285 Y104.628 E.0305
G1 X117.08 Y105.063 E.0305
G1 X117.827 Y105.578 E.0305
G1 X118.516 Y106.167 E.0305
G1 X119.14 Y106.825 E.0305
G1 X119.692 Y107.544 E.0305
G1 X120.167 Y108.316 E.0305
G1 X120.56 Y109.134 E.0305
G1 X120.887 Y110.048 E.03268
G1 X121.149 Y111.29 E.04268
G1 X121.23 Y112.219 E.03139
G1 X121.212 Y113.126 E.0305
G1 X121.1 Y114.025 E.0305
G1 X120.896 Y114.909 E.0305
G1 X120.601 Y115.766 E.0305
G1 X120.191 Y116.647 E.03268
G1 X119.505 Y117.714 E.04268
G1 X118.91 Y118.433 E.03139
G1 X118.261 Y119.065 E.0305
G1 X117.754 Y119.467 E.02175
G1 X116.736 Y120.143 E.0411
G1 X115.574 Y120.674 E.04298
G1 X114.685 Y120.957 E.03138
G1 X113.797 Y121.138 E.0305
G1 X112.894 Y121.226 E.0305
G1 X111.987 Y121.219 E.0305
G1 X111.086 Y121.119 E.0305
G1 X110.2 Y120.926 E.0305
G1 X109.339 Y120.643 E.0305
G1 X108.512 Y120.271 E.0305
G1 X107.728 Y119.816 E.0305
G1 X106.671 Y119.003 E.04484
G1 X106.01 Y118.345 E.03138
G1 X105.499 Y117.716 E.02727
G1 X104.944 Y116.882 E.03371
G1 X104.62 Y116.263 E.02349
G1 X104.352 Y115.647 E.02258
G1 X104.072 Y114.795 E.03019
G1 X103.88 Y113.909 E.0305
G1 X103.78 Y113.007 E.0305
G1 X103.775 Y112.101 E.0305
G1 X103.863 Y111.198 E.0305
G1 X104.045 Y110.31 E.0305
G1 X104.317 Y109.445 E.0305
G1 X104.678 Y108.614 E.0305
G1 X105.015 Y108.002 E.02349
G1 X105.381 Y107.439 E.02258
G1 X105.938 Y106.736 E.03019
G1 X106.571 Y106.086 E.0305
G1 X107.268 Y105.506 E.0305
G1 X108.021 Y105.001 E.0305
G1 X108.38 Y104.811 E.01368
G1 X108.612 Y105.159 F9000
G1 F5932.273
G1 X109.015 Y104.947 E.01532
G1 X109.817 Y104.627 E.02905
G1 X110.648 Y104.391 E.02905
G1 X111.498 Y104.243 E.02904
G1 X112.155 Y104.192 E.02216
G1 X112.797 Y104.187 E.02161
G1 X113.652 Y104.262 E.02886
G1 X114.499 Y104.426 E.02905
G1 X115.326 Y104.677 E.02905
G1 X116.121 Y105.012 E.02905
G1 X116.878 Y105.428 E.02905
G1 X117.588 Y105.92 E.02905
G1 X118.242 Y106.483 E.02905
G1 X118.835 Y107.11 E.02905
G1 X119.36 Y107.796 E.02905
G1 X119.811 Y108.533 E.02905
G1 X120.183 Y109.312 E.02905
G1 X120.485 Y110.163 E.03038
G1 X120.74 Y111.376 E.0417
G1 X120.814 Y112.252 E.02957
G1 X120.795 Y113.115 E.02905
G1 X120.687 Y113.971 E.02905
G1 X120.49 Y114.812 E.02905
G1 X120.207 Y115.628 E.02905
G1 X119.825 Y116.446 E.03038
G1 X119.154 Y117.489 E.0417
G1 X118.591 Y118.164 E.02957
G1 X117.972 Y118.765 E.02905
G1 X117.498 Y119.138 E.0203
G1 X116.534 Y119.777 E.03889
G1 X115.401 Y120.295 E.0419
G1 X114.562 Y120.558 E.02957
G1 X113.716 Y120.728 E.02905
G1 X112.856 Y120.81 E.02905
G1 X111.993 Y120.802 E.02905
G1 X111.135 Y120.705 E.02905
G1 X110.292 Y120.519 E.02905
G1 X109.472 Y120.247 E.02905
G1 X108.685 Y119.892 E.02905
G1 X107.94 Y119.456 E.02905
G1 X106.928 Y118.674 E.04302
G1 X106.307 Y118.052 E.02957
G1 X105.824 Y117.455 E.02582
G1 X105.295 Y116.656 E.03225
G1 X104.991 Y116.072 E.02216
G1 X104.735 Y115.482 E.02161
G1 X104.469 Y114.667 E.02886
G1 X104.288 Y113.823 E.02905
G1 X104.195 Y112.964 E.02905
G1 X104.192 Y112.101 E.02905
G1 X104.278 Y111.242 E.02905
G1 X104.453 Y110.396 E.02905
G1 X104.714 Y109.573 E.02905
G1 X105.059 Y108.782 E.02904
G1 X105.379 Y108.206 E.02216
G1 X105.73 Y107.668 E.02161
G1 X106.264 Y106.996 E.02886
G1 X106.868 Y106.379 E.02905
G1 X107.533 Y105.828 E.02905
G1 X108.251 Y105.349 E.02905
G1 X108.577 Y105.178 E.01238
G1 X108.817 Y105.546 F9000
;TYPE:Outer wall
G1 F5932.273
G1 X109.218 Y105.336 E.01523
G1 X109.978 Y105.035 E.02752
G1 X110.766 Y104.813 E.02752
G1 X111.572 Y104.675 E.02751
G1 X112.187 Y104.629 E.02075
G1 X112.799 Y104.626 E.02059
G1 X113.612 Y104.699 E.02746
G1 X114.415 Y104.856 E.02752
G1 X115.197 Y105.096 E.02752
G1 X115.95 Y105.415 E.02752
G1 X116.666 Y105.811 E.02752
G1 X117.336 Y106.279 E.02752
G1 X117.955 Y106.814 E.02752
G1 X118.515 Y107.41 E.02752
G1 X119.011 Y108.061 E.02752
G1 X119.436 Y108.76 E.02752
G1 X119.786 Y109.499 E.02752
G1 X120.062 Y110.282 E.02792
G1 X120.311 Y111.466 E.04071
G1 X120.377 Y112.286 E.02766
G1 X120.357 Y113.103 E.02752
G1 X120.252 Y113.915 E.02752
G1 X120.063 Y114.711 E.02752
G1 X119.793 Y115.483 E.02752
G1 X119.44 Y116.234 E.02792
G1 X118.786 Y117.252 E.04071
G1 X118.256 Y117.881 E.02766
G1 X117.668 Y118.449 E.02752
G1 X117.228 Y118.793 E.01877
G1 X116.321 Y119.392 E.03657
G1 X115.219 Y119.896 E.04077
G1 X114.433 Y120.139 E.02766
G1 X113.631 Y120.298 E.02752
G1 X112.817 Y120.373 E.02752
G1 X111.999 Y120.364 E.02752
G1 X111.186 Y120.269 E.02752
G1 X110.388 Y120.091 E.02752
G1 X109.612 Y119.832 E.02752
G1 X108.868 Y119.493 E.02752
G1 X108.162 Y119.078 E.02752
G1 X107.198 Y118.328 E.04111
G1 X106.619 Y117.744 E.02766
G1 X106.167 Y117.181 E.02429
G1 X105.664 Y116.419 E.03072
G1 X105.38 Y115.871 E.02075
G1 X105.138 Y115.309 E.02059
G1 X104.887 Y114.532 E.02746
G1 X104.717 Y113.732 E.02752
G1 X104.631 Y112.919 E.02752
G1 X104.63 Y112.101 E.02752
G1 X104.714 Y111.287 E.02752
G1 X104.882 Y110.486 E.02752
G1 X105.132 Y109.708 E.02752
G1 X105.461 Y108.959 E.02751
G1 X105.761 Y108.42 E.02075
G1 X106.096 Y107.908 E.02059
G1 X106.606 Y107.27 E.02746
G1 X107.18 Y106.687 E.02752
G1 X107.811 Y106.167 E.02752
G1 X108.493 Y105.715 E.02752
G1 X108.781 Y105.564 E.01094
G1 E-.8 F1500
G1 X109.06 Y98.898 F9000
G1 E.8 F1500
;TYPE:Sparse infill
;WIDTH:0.46
G1 F5932.264
G1 X107.392 Y98.898 E.05612
G1 X111.968 Y103.474 E.2177
G1 X111.379 Y103.523 E.01987
G1 X110.455 Y103.687 E.03157
G1 X109.553 Y103.946 E.03159
G1 X108.592 Y104.345 E.03499
G1 X103.262 Y99.015 E.25357
G1 X101.139 Y101.139 E.10102
G1 X106.109 Y106.109 E.23645
G1 X105.784 Y106.438 E.01558
G1 X105.192 Y107.167 E.03156
G1 X104.789 Y107.772 E.02446
G1 X104.346 Y108.593 E.03138
G1 X99.015 Y103.262 E.2536
G1 X98.898 Y103.379 E.00557
G1 X98.898 Y107.392 E.13499
G1 X103.474 Y111.968 E.21769
G1 X103.469 Y113.035 E.0359
G1 X103.533 Y113.632 E.02021
G1 X98.898 Y109.971 F9000
G1 F5932.264
G1 X98.898 Y111.639 E.05612
G1 X105.622 Y118.363 E.31987
G1 X105.784 Y118.562 E.00865
G1 X106.474 Y119.246 E.03269
G1 X106.616 Y119.357 E.00605
G1 X113.361 Y126.102 E.32089
G1 X109.114 Y126.102 E.14286
G1 X98.898 Y115.886 E.48601
G1 X98.898 Y120.133 E.14286
G1 X104.867 Y126.102 E.28397
G1 X103.379 Y126.102 E.05006
G1 X103.252 Y125.974 E.00606
G1 X111.365 Y121.465 F9000
G1 F5932.264
G1 X111.978 Y121.532 E.02076
G1 X112.804 Y121.543 E.02776
G1 X113.029 Y121.522 E.0076
G1 X117.608 Y126.102 E.21785
G1 X121.621 Y126.102 E.13499
G1 X121.738 Y125.985 E.00557
G1 X116.388 Y120.635 E.25452
G1 X116.943 Y120.381 E.02054
G1 X117.738 Y119.877 E.03165
G1 X118.474 Y119.294 E.03158
G1 X118.892 Y118.892 E.01952
G1 X123.861 Y123.861 E.2364
G1 X125.985 Y121.738 E.10102
G1 X120.649 Y116.403 E.25381
G1 X120.894 Y115.874 E.01959
G1 X121.199 Y114.986 E.03159
G1 X121.401 Y114.125 E.02975
G1 X121.527 Y113.034 E.03696
G1 X126.102 Y117.608 E.21762
G1 X126.102 Y113.361 E.14286
G1 X119.425 Y106.685 E.31763
G1 X118.79 Y105.995 E.03153
G1 X118.389 Y105.649 E.01781
G1 X111.639 Y98.898 E.32115
G1 X115.886 Y98.898 E.14286
G1 X126.102 Y109.114 E.48601
G1 X126.102 Y104.867 E.14286
G1 X120.133 Y98.898 E.28397
G1 X121.621 Y98.898 E.05006
G1 X121.748 Y99.026 E.00606
; stop printing object Voron_Design_Cube_v7.drc id:0 copy 0
;LAYER_CHANGE
;Z:1
;HEIGHT:0.2
;BEFORE_LAYER_CHANGE
G92 E0
;1


;AFTER_LAYER_CHANGE
;1
;_SET_FAN_SPEED_CHANGING_LAYER
; printing object Voron_Design_Cube_v7.drc id:0 copy 0
G1 E-.8 F1500
G1 X121.95 Y126.414 Z1 F9000
G1 E.8 F1500
;TYPE:Inner wall
;WIDTH:0.459999
G1 F5932.273
G1 X103.05 Y126.414 E.63581
G1 X98.586 Y121.95 E.21237
G1 X98.586 Y103.05 E.63581
G1 X103.05 Y98.586 E.21237
G1 X121.95 Y98.586 E.63581
G1 X126.414 Y103.05 E.21237
G1 X126.414 Y121.95 E.63581
G1 X121.979 Y126.386 E.21103
G1 X122.123 Y126.831 F9000
G1 F5932.273
G1 X102.877 Y126.831 E.64744
G1 X98.169 Y122.123 E.224
G1 X98.169 Y102.877 E.64744
G1 X102.877 Y98.169 E.224
G1 X122.123 Y98.169 E.64744
G1 X126.831 Y102.877 E.224
G1 X126.831 Y122.123 E.64744
G1 X122.151 Y126.803 E.22265
G1 X122.297 Y127.27 F9000
;TYPE:Outer wall
G1 F5040
G1 X121.471 Y127.27 E.02779
G1 F5932.273
G1 X103.527 Y127.27 E.60363
G1 F4860
G1 X102.695 Y127.27 E.02799
G1 X102.107 Y126.682 E.02797
G1 X98.318 Y122.893 E.18026
G1 X97.73 Y122.305 E.02797
G1 X97.73 Y121.473 E.02799
G1 F5932.273
G1 X97.73 Y103.527 E.6037
G1 F4860
G1 X97.73 Y102.695 E.02799
G1 X98.318 Y102.107 E.02797
G1 X102.107 Y98.318 E.18026
G1 X102.695 Y97.73 E.02797
G1 X103.527 Y97.73 E.02799
G1 F5932.273
G1 X121.473 Y97.73 E.6037
G1 F4860
G1 X122.305 Y97.73 E.02799
G1 X122.893 Y98.318 E.02797
G1 X126.682 Y102.107 E.18026
G1 X127.27 Y102.695 E.02797
G1 X127.27 Y103.527 E.02799
G1 F5932.273
G1 X127.27 Y121.473 E.6037
G1 F4860
G1 X127.27 Y122.305 E.02799
G1 X126.682 Y122.893 E.02797
G1 X122.916 Y126.659 E.17916
G1 X122.328 Y127.247 E.02797
G1 E-.8 F1500
G1 X108.419 Y104.791 F9000
G1 E.8 F1500
;TYPE:Inner wall
G1 F5932.273
G1 X108.822 Y104.577 E.01534
G1 X109.664 Y104.239 E.0305
G1 X110.535 Y103.989 E.0305
G1 X111.428 Y103.832 E.03049
G1 X112.039 Y103.779 E.02063
G1 X112.791 Y103.77 E.0253
G1 X113.689 Y103.847 E.03034
G1 X114.58 Y104.017 E.0305
G1 X115.448 Y104.278 E.0305
G1 X116.285 Y104.628 E.0305
G1 X117.08 Y105.063 E.0305
G1 X117.827 Y105.578 E.0305
G1 X118.516 Y106.167 E.0305
G1 X119.14 Y106.825 E.0305
G1 X119.692 Y107.544 E.0305
G1 X120.167 Y108.316 E.0305
G1 X120.56 Y109.134 E.0305
G1 X120.865 Y109.987 E.03049
G1 X121.02 Y110.581 E.02063
G1 X121.155 Y111.32 E.0253
G1 X121.23 Y112.219 E.03034
G1 X121.212 Y113.126 E.0305
G1 X121.1 Y114.025 E.0305
G1 X120.896 Y114.909 E.0305
G1 X120.601 Y115.766 E.0305
G1 X120.191 Y116.647 E.03268
G1 X119.505 Y117.714 E.04268
G1 X118.91 Y118.433 E.03139
G1 X118.261 Y119.065 E.0305
G1 X117.549 Y119.627 E.0305
G1 X116.728 Y120.147 E.03268
G1 X115.574 Y120.674 E.04268
G1 X114.685 Y120.957 E.03139
G1 X113.797 Y121.138 E.0305
G1 X112.894 Y121.226 E.0305
G1 X111.987 Y121.219 E.0305
G1 X111.086 Y121.119 E.0305
G1 X110.2 Y120.926 E.0305
G1 X109.339 Y120.642 E.0305
G1 X108.512 Y120.271 E.0305
G1 X107.728 Y119.816 E.0305
G1 X106.671 Y119.003 E.04484
G1 X106.01 Y118.345 E.03138
G1 X105.608 Y117.852 E.0214
G1 X104.944 Y116.882 E.03956
G1 X104.656 Y116.34 E.02063
G1 X104.354 Y115.651 E.0253
G1 X104.072 Y114.795 E.03034
G1 X103.88 Y113.909 E.0305
G1 X103.78 Y113.007 E.0305
G1 X103.775 Y112.101 E.0305
G1 X103.863 Y111.198 E.0305
G1 X104.045 Y110.31 E.0305
G1 X104.317 Y109.445 E.0305
G1 X104.678 Y108.614 E.03049
G1 X104.971 Y108.075 E.02063
G1 X105.378 Y107.443 E.0253
G1 X105.938 Y106.736 E.03034
G1 X106.571 Y106.086 E.0305
G1 X107.186 Y105.573 E.02695
G1 X108.021 Y105.001 E.03404
G1 X108.384 Y104.809 E.01382
G1 X108.616 Y105.158 F9000
G1 F5932.273
G1 X109.015 Y104.947 E.01518
G1 X109.817 Y104.627 E.02905
G1 X110.648 Y104.391 E.02905
G1 X111.498 Y104.243 E.02904
G1 X112.072 Y104.195 E.01937
G1 X112.794 Y104.187 E.02431
G1 X113.652 Y104.262 E.02895
G1 X114.499 Y104.426 E.02905
G1 X115.326 Y104.677 E.02905
G1 X116.121 Y105.012 E.02905
G1 X116.878 Y105.428 E.02905
G1 X117.588 Y105.92 E.02905
G1 X118.242 Y106.483 E.02905
G1 X118.835 Y107.11 E.02905
G1 X119.36 Y107.796 E.02905
G1 X119.811 Y108.533 E.02905
G1 X120.183 Y109.312 E.02905
G1 X120.472 Y110.125 E.02904
G1 X120.615 Y110.683 E.01937
G1 X120.744 Y111.394 E.02431
G1 X120.814 Y112.252 E.02895
G1 X120.795 Y113.115 E.02905
G1 X120.687 Y113.971 E.02905
G1 X120.49 Y114.812 E.02905
G1 X120.207 Y115.628 E.02905
G1 X119.825 Y116.446 E.03038
G1 X119.154 Y117.489 E.0417
G1 X118.592 Y118.164 E.02957
G1 X117.972 Y118.765 E.02905
G1 X117.293 Y119.298 E.02905
G1 X116.529 Y119.78 E.03037
G1 X115.401 Y120.295 E.0417
G1 X114.562 Y120.558 E.02957
G1 X113.716 Y120.728 E.02905
G1 X112.856 Y120.81 E.02905
G1 X111.993 Y120.802 E.02905
G1 X111.135 Y120.705 E.02905
G1 X110.292 Y120.519 E.02905
G1 X109.472 Y120.247 E.02905
G1 X108.685 Y119.892 E.02905
G1 X107.94 Y119.456 E.02905
G1 X106.928 Y118.674 E.04302
G1 X106.307 Y118.052 E.02957
G1 X105.934 Y117.592 E.01994
G1 X105.295 Y116.656 E.0381
G1 X105.026 Y116.147 E.01937
G1 X104.736 Y115.485 E.02431
G1 X104.469 Y114.667 E.02895
G1 X104.288 Y113.823 E.02905
G1 X104.195 Y112.964 E.02905
G1 X104.192 Y112.101 E.02905
G1 X104.278 Y111.242 E.02905
G1 X104.453 Y110.396 E.02905
G1 X104.714 Y109.573 E.02905
G1 X105.059 Y108.782 E.02904
G1 X105.336 Y108.277 E.01937
G1 X105.728 Y107.67 E.02431
G1 X106.264 Y106.996 E.02895
G1 X106.868 Y106.379 E.02905
G1 X107.451 Y105.895 E.02549
G1 X108.251 Y105.349 E.03259
G1 X108.58 Y105.176 E.01252
G1 X108.82 Y105.544 F9000
;TYPE:Outer wall
G1 F5932.273
G1 X109.218 Y105.336 E.01509
G1 X109.978 Y105.035 E.02752
G1 X110.766 Y104.813 E.02752
G1 X111.572 Y104.675 E.02751
G1 X112.106 Y104.632 E.01805
G1 X112.798 Y104.626 E.02327
G1 X113.612 Y104.699 E.02749
G1 X114.415 Y104.856 E.02752
G1 X115.197 Y105.096 E.02752
G1 X115.95 Y105.415 E.02752
G1 X116.666 Y105.811 E.02752
G1 X117.336 Y106.279 E.02752
G1 X117.955 Y106.814 E.02752
G1 X118.515 Y107.41 E.02752
G1 X119.011 Y108.061 E.02752
G1 X119.436 Y108.76 E.02752
G1 X119.786 Y109.499 E.02752
G1 X120.058 Y110.27 E.02751
G1 X120.19 Y110.79 E.01805
G1 X120.312 Y111.471 E.02327
G1 X120.377 Y112.286 E.02748
G1 X120.357 Y113.103 E.02752
G1 X120.252 Y113.915 E.02752
G1 X120.063 Y114.711 E.02752
G1 X119.793 Y115.483 E.02752
G1 X119.44 Y116.234 E.02792
G1 X118.786 Y117.252 E.04071
G1 X118.256 Y117.881 E.02766
G1 X117.668 Y118.449 E.02752
G1 X117.023 Y118.952 E.02752
G1 X116.319 Y119.393 E.02792
G1 X115.219 Y119.896 E.04071
G1 X114.433 Y120.139 E.02766
G1 X113.631 Y120.298 E.02752
G1 X112.817 Y120.373 E.02752
G1 X111.999 Y120.364 E.02752
G1 X111.186 Y120.269 E.02752
G1 X110.388 Y120.091 E.02752
G1 X109.612 Y119.832 E.02752
G1 X108.868 Y119.493 E.02752
G1 X108.162 Y119.078 E.02752
G1 X107.198 Y118.328 E.04111
G1 X106.619 Y117.744 E.02766
G1 X106.276 Y117.318 E.01841
G1 X105.664 Y116.419 E.03657
G1 X105.415 Y115.944 E.01805
G1 X105.138 Y115.31 E.02327
G1 X104.887 Y114.532 E.02748
G1 X104.717 Y113.732 E.02752
G1 X104.631 Y112.919 E.02752
G1 X104.63 Y112.101 E.02752
G1 X104.714 Y111.287 E.02752
G1 X104.882 Y110.486 E.02752
G1 X105.132 Y109.708 E.02752
G1 X105.461 Y108.959 E.02751
G1 X105.72 Y108.489 E.01805
G1 X106.096 Y107.909 E.02327
G1 X106.606 Y107.27 E.02749
G1 X107.18 Y106.687 E.02752
G1 X107.729 Y106.234 E.02396
G1 X108.493 Y105.715 E.03106
G1 X108.785 Y105.563 E.01109
G1 E-.8 F1500
G1 X109.06 Y98.898 F9000
G1 E.8 F1500
;TYPE:Sparse infill
;WIDTH:0.46
G1 F5932.264
G1 X107.392 Y98.898 E.05612
G1 X111.965 Y103.472 E.21756
G1 X111.379 Y103.523 E.01979
G1 X110.455 Y103.687 E.03156
G1 X109.553 Y103.946 E.03159
G1 X108.592 Y104.345 E.03499
G1 X103.162 Y98.915 E.25833
G1 X101.039 Y101.039 E.10102
G1 X106.109 Y106.109 E.24121
G1 X105.784 Y106.438 E.01558
G1 X105.192 Y107.167 E.03157
G1 X104.745 Y107.844 E.02732
G1 X104.346 Y108.593 E.02852
G1 X98.915 Y103.162 E.25836
G1 X98.898 Y103.179 E.00081
G1 X98.898 Y107.392 E.14172
G1 X103.474 Y111.968 E.21769
G1 X103.469 Y113.035 E.0359
G1 X103.533 Y113.632 E.02021
G1 X98.898 Y109.971 F9000
G1 F5932.264
G1 X98.898 Y111.639 E.05612
G1 X105.622 Y118.363 E.31987
G1 X105.784 Y118.562 E.00865
G1 X106.474 Y119.246 E.03269
G1 X106.616 Y119.357 E.00605
G1 X113.361 Y126.102 E.32089
G1 X109.114 Y126.102 E.14286
G1 X98.898 Y115.886 E.48601
G1 X98.898 Y120.133 E.14286
G1 X104.867 Y126.102 E.28397
G1 X103.199 Y126.102 E.05612
G1 X111.365 Y121.465 F9000
G1 F5932.264
G1 X111.978 Y121.532 E.02076
G1 X112.804 Y121.543 E.02776
G1 X113.029 Y121.522 E.0076
G1 X117.608 Y126.102 E.21785
G1 X121.821 Y126.102 E.14172
G1 X121.838 Y126.085 E.00081
G1 X116.388 Y120.635 E.25927
G1 X116.943 Y120.381 E.02054
G1 X117.738 Y119.877 E.03165
G1 X118.474 Y119.294 E.03158
G1 X118.892 Y118.892 E.01952
G1 X123.961 Y123.961 E.24116
G1 X126.085 Y121.838 E.10102
G1 X120.649 Y116.403 E.25857
G1 X120.894 Y115.874 E.01959
G1 X121.199 Y114.986 E.03158
G1 X121.401 Y114.125 E.02975
G1 X121.527 Y113.034 E.03696
G1 X126.102 Y117.608 E.21762
G1 X126.102 Y113.361 E.14286
G1 X119.425 Y106.685 E.31763
G1 X118.79 Y105.995 E.03153
G1 X118.374 Y105.633 E.01855
G1 X111.639 Y98.898 E.32041
G1 X115.886 Y98.898 E.14286
G1 X126.102 Y109.114 E.48601
G1 X126.102 Y104.867 E.14286
G1 X120.133 Y98.898 E.28397
G1 X121.801 Y98.898 E.05612
; stop printing object Voron_Design_Cube_v7.drc id:0 copy 0
;LAYER_CHANGE
;Z:1.2
;HEIGHT:0.2
;BEFORE_LAYER_CHANGE
G92 E0
;1.2


;AFTER_LAYER_CHANGE
;1.2
;_SET_FAN_SPEED_CHANGING_LAYER
; printing object Voron_Design_Cube_v7.drc id:0 copy 0
G1 E-.8 F1500
G1 X122.15 Y126.414 Z1.2 F9000
G1 E.8 F1500
M73 P4 R55
;TYPE:Inner wall
;WIDTH:0.459999
G1 F5932.273
G1 X102.85 Y126.414 E.64927
G1 X98.586 Y122.15 E.20286
G1 X98.586 Y102.85 E.64927
G1 X102.85 Y98.586 E.20286
G1 X122.15 Y98.586 E.64927
G1 X126.414 Y102.85 E.20286
G1 X126.414 Y122.15 E.64927
G1 X122.179 Y126.386 E.20151
G1 X122.323 Y126.831 F9000
G1 F5932.273
G1 X102.677 Y126.831 E.66089
G1 X98.169 Y122.323 E.21448
G1 X98.169 Y102.677 E.66089
G1 X102.677 Y98.169 E.21448
G1 X122.323 Y98.169 E.66089
G1 X126.831 Y102.677 E.21448
G1 X126.831 Y122.323 E.66089
G1 X122.351 Y126.803 E.21314
G1 X122.509 Y127.265 F9000
;TYPE:Outer wall
G1 F4860
G1 X122.505 Y127.27 E.00022
G1 X121.673 Y127.27 E.02799
G1 F5932.273
G1 X103.327 Y127.27 E.61716
G1 F4860
G1 X102.495 Y127.27 E.02799
G1 X101.907 Y126.682 E.02797
G1 X98.318 Y123.093 E.17074
G1 X97.73 Y122.505 E.02797
G1 X97.73 Y121.673 E.02799
G1 F5932.273
G1 X97.73 Y103.327 E.61716
G1 F4860
G1 X97.73 Y102.495 E.02799
G1 X98.318 Y101.907 E.02797
G1 X101.907 Y98.318 E.17074
G1 X102.495 Y97.73 E.02797
G1 X103.327 Y97.73 E.02799
G1 F5932.273
G1 X121.673 Y97.73 E.61716
G1 F4860
G1 X122.505 Y97.73 E.02799
G1 X123.093 Y98.318 E.02797
G1 X126.682 Y101.907 E.17074
G1 X127.27 Y102.495 E.02797
G1 X127.27 Y103.327 E.02799
G1 F5932.273
G1 X127.27 Y121.673 E.61716
G1 F4860
G1 X127.27 Y122.505 E.02799
G1 X126.682 Y123.093 E.02797
G1 X123.125 Y126.649 E.1692
G1 X122.538 Y127.237 E.02795
G1 E-.8 F1500
G1 X108.423 Y104.789 F9000
G1 E.8 F1500
;TYPE:Inner wall
G1 F5932.273
G1 X108.822 Y104.578 E.0152
G1 X109.664 Y104.239 E.0305
G1 X110.599 Y103.971 E.03274
G1 X111.897 Y103.789 E.04407
G1 X112.787 Y103.77 E.02998
G1 X113.689 Y103.847 E.03045
G1 X114.58 Y104.017 E.0305
G1 X115.448 Y104.278 E.0305
G1 X116.285 Y104.628 E.0305
G1 X117.08 Y105.063 E.0305
G1 X117.827 Y105.578 E.0305
G1 X118.516 Y106.167 E.0305
G1 X119.14 Y106.825 E.0305
G1 X119.692 Y107.544 E.0305
G1 X120.167 Y108.316 E.0305
G1 X120.56 Y109.134 E.0305
G1 X120.887 Y110.048 E.03268
G1 X121.149 Y111.29 E.04268
G1 X121.23 Y112.219 E.03139
G1 X121.212 Y113.126 E.0305
G1 X121.1 Y114.025 E.0305
G1 X120.896 Y114.909 E.0305
G1 X120.601 Y115.766 E.0305
G1 X120.191 Y116.647 E.03268
G1 X119.505 Y117.714 E.04268
G1 X118.91 Y118.433 E.03139
G1 X118.261 Y119.065 E.0305
G1 X117.549 Y119.627 E.0305
G1 X116.728 Y120.147 E.03268
G1 X115.574 Y120.674 E.04268
G1 X114.685 Y120.957 E.03139
G1 X113.797 Y121.138 E.0305
G1 X112.894 Y121.226 E.0305
G1 X111.987 Y121.219 E.0305
G1 X111.086 Y121.119 E.0305
G1 X110.2 Y120.926 E.0305
G1 X109.339 Y120.643 E.0305
G1 X108.512 Y120.271 E.0305
G1 X107.728 Y119.816 E.0305
G1 X106.575 Y118.918 E.04915
G1 X106.01 Y118.345 E.02707
G1 X105.397 Y117.589 E.03274
G1 X104.721 Y116.467 E.04407
G1 X104.355 Y115.655 E.02998
G1 X104.072 Y114.795 E.03045
G1 X103.88 Y113.909 E.0305
G1 X103.78 Y113.007 E.0305
G1 X103.775 Y112.101 E.0305
G1 X103.863 Y111.198 E.0305
G1 X104.045 Y110.31 E.0305
G1 X104.317 Y109.445 E.0305
G1 X104.704 Y108.554 E.03268
G1 X105.362 Y107.469 E.04268
G1 X106.01 Y106.655 E.03502
G1 X106.576 Y106.081 E.02709
G1 X107.052 Y105.684 E.02086
G1 X108.021 Y105.001 E.03988
G1 X108.388 Y104.807 E.01396
G1 X108.619 Y105.156 F9000
G1 F5932.273
G1 X109.015 Y104.947 E.01504
G1 X109.817 Y104.627 E.02905
G1 X110.687 Y104.38 E.03041
G1 X111.954 Y104.202 E.04307
G1 X112.792 Y104.187 E.02819
G1 X113.652 Y104.262 E.02902
G1 X114.499 Y104.426 E.02905
G1 X115.326 Y104.677 E.02905
G1 X116.121 Y105.012 E.02905
G1 X116.878 Y105.428 E.02905
G1 X117.588 Y105.92 E.02905
G1 X118.242 Y106.483 E.02905
G1 X118.835 Y107.11 E.02905
G1 X119.36 Y107.796 E.02905
G1 X119.811 Y108.533 E.02905
G1 X120.183 Y109.312 E.02905
G1 X120.485 Y110.163 E.03038
G1 X120.74 Y111.376 E.0417
G1 X120.814 Y112.252 E.02957
G1 X120.795 Y113.115 E.02905
G1 X120.687 Y113.971 E.02905
G1 X120.49 Y114.812 E.02905
G1 X120.207 Y115.628 E.02905
G1 X119.825 Y116.446 E.03038
G1 X119.154 Y117.489 E.0417
G1 X118.592 Y118.164 E.02957
G1 X117.972 Y118.765 E.02905
G1 X117.293 Y119.298 E.02905
G1 X116.529 Y119.78 E.03038
G1 X115.401 Y120.295 E.0417
G1 X114.562 Y120.558 E.02957
G1 X113.716 Y120.728 E.02905
G1 X112.856 Y120.81 E.02905
G1 X111.993 Y120.802 E.02905
G1 X111.135 Y120.705 E.02905
G1 X110.292 Y120.519 E.02905
G1 X109.472 Y120.247 E.02905
G1 X108.685 Y119.892 E.02905
G1 X107.94 Y119.456 E.02905
G1 X106.867 Y118.62 E.04574
G1 X106.307 Y118.052 E.02685
G1 X105.739 Y117.349 E.03041
G1 X105.079 Y116.252 E.04307
G1 X104.737 Y115.487 E.02819
G1 X104.469 Y114.667 E.02902
G1 X104.288 Y113.823 E.02905
G1 X104.195 Y112.964 E.02905
G1 X104.192 Y112.101 E.02905
G1 X104.278 Y111.242 E.02905
G1 X104.453 Y110.396 E.02905
G1 X104.714 Y109.573 E.02905
G1 X105.075 Y108.746 E.03037
G1 X105.718 Y107.686 E.0417
G1 X106.307 Y106.948 E.03175
G1 X106.871 Y106.376 E.027
G1 X107.316 Y106.006 E.0195
G1 X108.251 Y105.349 E.03843
G1 X108.584 Y105.174 E.01266
G1 X108.824 Y105.542 F9000
;TYPE:Outer wall
G1 F5932.273
G1 X109.218 Y105.336 E.01494
G1 X109.978 Y105.035 E.02752
G1 X110.778 Y104.81 E.02793
G1 X112.015 Y104.636 E.04205
G1 X112.797 Y104.626 E.02631
G1 X113.612 Y104.699 E.02751
G1 X114.415 Y104.856 E.02752
G1 X115.197 Y105.096 E.02752
G1 X115.95 Y105.415 E.02752
G1 X116.665 Y105.811 E.02752
G1 X117.336 Y106.279 E.02752
G1 X117.955 Y106.814 E.02752
G1 X118.515 Y107.41 E.02752
G1 X119.011 Y108.061 E.02752
G1 X119.436 Y108.76 E.02752
G1 X119.786 Y109.499 E.02752
G1 X120.062 Y110.282 E.02792
G1 X120.311 Y111.466 E.04071
G1 X120.377 Y112.286 E.02766
G1 X120.357 Y113.103 E.02752
G1 X120.252 Y113.915 E.02752
G1 X120.063 Y114.711 E.02752
G1 X119.793 Y115.483 E.02752
G1 X119.44 Y116.234 E.02792
G1 X118.786 Y117.252 E.04071
G1 X118.256 Y117.881 E.02766
G1 X117.668 Y118.449 E.02752
G1 X117.023 Y118.952 E.02752
G1 X116.319 Y119.393 E.02792
G1 X115.219 Y119.896 E.04071
G1 X114.433 Y120.139 E.02766
G1 X113.631 Y120.298 E.02752
G1 X112.817 Y120.373 E.02752
G1 X111.999 Y120.364 E.02752
G1 X111.186 Y120.269 E.02752
G1 X110.388 Y120.091 E.02752
G1 X109.612 Y119.832 E.02752
G1 X108.868 Y119.493 E.02752
G1 X108.162 Y119.078 E.02752
G1 X107.179 Y118.312 E.04192
G1 X106.619 Y117.744 E.02685
G1 X106.099 Y117.097 E.02793
G1 X105.454 Y116.026 E.04205
G1 X105.138 Y115.31 E.02631
G1 X104.887 Y114.532 E.02751
G1 X104.717 Y113.732 E.02752
G1 X104.631 Y112.919 E.02752
G1 X104.63 Y112.101 E.02752
G1 X104.714 Y111.287 E.02752
G1 X104.882 Y110.486 E.02752
G1 X105.132 Y109.708 E.02752
G1 X105.466 Y108.948 E.02792
G1 X106.093 Y107.913 E.04071
G1 X106.606 Y107.27 E.02766
G1 X107.18 Y106.687 E.02752
G1 X107.595 Y106.345 E.0181
G1 X108.493 Y105.715 E.03689
G1 X108.789 Y105.561 E.01123
G1 E-.8 F1500
G1 X105.724 Y98.898 F9000
G1 E.8 F1500
;TYPE:Sparse infill
;WIDTH:0.46
G1 F5932.264
G1 X107.392 Y98.898 E.05612
G1 X111.97 Y103.476 E.21777
G1 X110.621 Y103.652 E.04576
G1 X109.553 Y103.946 E.03725
G1 X108.592 Y104.345 E.03501
G1 X103.145 Y98.898 E.25914
G1 X102.979 Y98.898 E.00558
G1 X100.939 Y100.939 E.09707
G1 X106.109 Y106.109 E.24596
G1 X105.784 Y106.438 E.01558
G1 X105.191 Y107.168 E.03162
G1 X104.394 Y108.481 E.05167
G1 X104.346 Y108.593 E.00409
G1 X98.898 Y103.145 E.25916
G1 X98.898 Y107.392 E.14286
G1 X103.474 Y111.968 E.21769
G1 X103.469 Y113.035 E.0359
G1 X103.533 Y113.632 E.02021
G1 X98.898 Y121.801 F9000
G1 F5932.264
G1 X98.898 Y120.133 E.05612
G1 X104.867 Y126.102 E.28397
G1 X109.114 Y126.102 E.14286
G1 X98.898 Y115.886 E.48601
G1 X98.898 Y111.639 E.14286
G1 X105.639 Y118.38 E.3207
G1 X105.784 Y118.562 E.0078
G1 X106.474 Y119.246 E.03271
G1 X106.616 Y119.357 E.00605
G1 X113.361 Y126.102 E.32089
G1 X116.811 Y126.102 E.11606
G1 X117.209 Y125.703 E.01896
G1 X113.029 Y121.522 E.19889
G1 X113.826 Y121.45 E.02692
G1 X114.646 Y121.289 E.0281
G1 X115.546 Y121.019 E.03162
G1 X116.388 Y120.635 E.03113
G1 X121.438 Y125.684 E.24024
G1 X122.048 Y125.684 E.02053
G1 X123.7 Y124.033 E.07857
G1 X123.6 Y123.933 E.00476
G1 X123.766 Y123.766 E.00793
G1 X118.892 Y118.892 E.23189
G1 X119.074 Y118.717 E.0085
G1 X119.668 Y118.02 E.0308
G1 X120.499 Y116.728 E.05167
G1 X120.649 Y116.403 E.01206
G1 X126.068 Y121.821 E.25778
G1 X126.102 Y121.788 E.0016
G1 X126.102 Y117.608 E.1406
G1 X121.527 Y113.034 E.21762
G1 X121.546 Y112.298 E.02476
G1 X121.474 Y111.368 E.03135
G1 X126.102 Y115.029 F9000
G1 F5932.264
G1 X126.102 Y113.361 E.05612
G1 X119.425 Y106.685 E.31763
G1 X118.79 Y105.995 E.03154
G1 X118.402 Y105.662 E.01719
G1 X111.639 Y98.898 E.32176
G1 X115.886 Y98.898 E.14286
G1 X126.102 Y109.114 E.48601
G1 X126.102 Y104.867 E.14286
G1 X120.133 Y98.898 E.28397
G1 X121.801 Y98.898 E.05612
; stop printing object Voron_Design_Cube_v7.drc id:0 copy 0
;LAYER_CHANGE
;Z:1.4
;HEIGHT:0.2
;BEFORE_LAYER_CHANGE
G92 E0
;1.4


;AFTER_LAYER_CHANGE
;1.4
;_SET_FAN_SPEED_CHANGING_LAYER
; printing object Voron_Design_Cube_v7.drc id:0 copy 0
G1 E-.8 F1500
G1 X122.35 Y126.414 Z1.4 F9000
G1 E.8 F1500
;TYPE:Inner wall
;WIDTH:0.459999
G1 F5932.273
G1 X102.65 Y126.414 E.66273
G1 X98.586 Y122.35 E.19334
G1 X98.586 Y102.65 E.66273
G1 X102.65 Y98.586 E.19334
G1 X122.35 Y98.586 E.66273
G1 X126.414 Y102.65 E.19334
G1 X126.414 Y122.35 E.66273
G1 X122.379 Y126.386 E.192
G1 X122.523 Y126.831 F9000
G1 F5932.273
G1 X102.477 Y126.831 E.67435
G1 X98.169 Y122.523 E.20497
G1 X98.169 Y102.477 E.67435
G1 X102.477 Y98.169 E.20497
G1 X122.523 Y98.169 E.67435
G1 X126.831 Y102.477 E.20497
G1 X126.831 Y122.523 E.67435
G1 X122.551 Y126.803 E.20362
G1 X122.71 Y127.265 F9000
;TYPE:Outer wall
G1 F4860
G1 X122.705 Y127.27 E.00024
G1 X121.873 Y127.27 E.02799
G1 F5932.273
G1 X103.127 Y127.27 E.63061
G1 F4860
G1 X102.295 Y127.27 E.02799
G1 X101.707 Y126.682 E.02797
G1 X98.318 Y123.293 E.16123
G1 X97.73 Y122.705 E.02797
G1 X97.73 Y121.873 E.02799
G1 F5932.273
G1 X97.73 Y103.127 E.63061
G1 F4860
G1 X97.73 Y102.295 E.02799
G1 X98.318 Y101.707 E.02797
G1 X101.707 Y98.318 E.16123
G1 X102.295 Y97.73 E.02797
G1 X103.127 Y97.73 E.02799
G1 F5932.273
G1 X121.873 Y97.73 E.63061
G1 F4860
G1 X122.705 Y97.73 E.02799
G1 X123.293 Y98.318 E.02797
G1 X126.682 Y101.707 E.16123
G1 X127.27 Y102.295 E.02797
G1 X127.27 Y103.127 E.02799
G1 F5932.273
G1 X127.27 Y121.873 E.63061
G1 F4860
G1 X127.27 Y122.705 E.02799
G1 X126.682 Y123.293 E.02797
G1 X123.326 Y126.648 E.15963
G1 X122.738 Y127.236 E.02797
G1 E-.8 F1500
G1 X108.548 Y104.884 F9000
G1 E.8 F1500
;TYPE:Inner wall
G1 F5932.273
G1 X109.282 Y104.542 E.02725
G1 X110.13 Y104.249 E.03019
G1 X111.005 Y104.047 E.03019
G1 X111.96 Y103.929 E.03238
G1 X113.214 Y103.947 E.04219
G1 X114.091 Y104.064 E.02975
G1 X114.96 Y104.276 E.03009
G1 X115.805 Y104.577 E.03019
G1 X116.614 Y104.966 E.03019
G1 X117.378 Y105.436 E.03019
G1 X118.089 Y105.984 E.03019
G1 X118.739 Y106.604 E.03019
G1 X119.11 Y107.035 E.01916
G1 X119.805 Y107.991 E.03976
G1 X120.267 Y108.836 E.03238
G1 X120.713 Y110.008 E.04219
G1 X120.927 Y110.867 E.02977
G1 X121.055 Y111.791 E.03139
G1 X121.083 Y112.651 E.02896
G1 X121.021 Y113.544 E.03009
G1 X120.865 Y114.428 E.03019
G1 X120.6 Y115.353 E.03238
G1 X120.093 Y116.501 E.04219
G1 X119.621 Y117.294 E.03108
G1 X119.107 Y117.981 E.02886
G1 X118.5 Y118.639 E.03009
G1 X117.488 Y119.484 E.04436
G1 X116.71 Y119.981 E.03108
G1 X115.941 Y120.364 E.02888
G1 X115.067 Y120.691 E.03138
G1 X114.132 Y120.931 E.03249
G1 X112.886 Y121.074 E.04219
G1 X112.002 Y121.07 E.02972
G1 X111.112 Y120.972 E.03012
G1 X110.235 Y120.78 E.03019
G1 X109.42 Y120.512 E.02888
G1 X108.568 Y120.131 E.0314
G1 X107.824 Y119.699 E.02896
G1 X107.1 Y119.173 E.0301
G1 X106.433 Y118.573 E.03019
G1 X105.575 Y117.571 E.04437
G1 X105.069 Y116.798 E.03108
G1 X104.677 Y116.034 E.02887
G1 X104.352 Y115.201 E.03008
G1 X104.114 Y114.336 E.03019
G1 X103.968 Y113.45 E.03019
G1 X103.916 Y112.555 E.03019
G1 X103.957 Y111.658 E.03019
G1 X104.092 Y110.771 E.03019
G1 X104.318 Y109.902 E.03019
G1 X104.618 Y109.099 E.02885
G1 X105.015 Y108.297 E.0301
G1 X105.495 Y107.538 E.03019
G1 X106.085 Y106.789 E.03209
G1 X106.996 Y105.914 E.04249
G1 X107.735 Y105.36 E.03108
G1 X108.471 Y104.92 E.02885
G1 X108.512 Y104.901 E.0015
G1 X108.725 Y105.26 F9000
G1 F5932.273
G1 X109.456 Y104.921 E.0271
G1 X110.264 Y104.644 E.02873
G1 X111.096 Y104.454 E.02873
G1 X111.983 Y104.346 E.03006
G1 X113.208 Y104.364 E.0412
G1 X114.031 Y104.477 E.02795
G1 X114.859 Y104.68 E.02866
G1 X115.662 Y104.969 E.02873
G1 X116.431 Y105.341 E.02873
G1 X117.157 Y105.79 E.02872
G1 X117.832 Y106.313 E.02873
G1 X118.449 Y106.904 E.02872
G1 X118.791 Y107.304 E.01773
G1 X119.46 Y108.226 E.03833
G1 X119.888 Y109.011 E.03006
G1 X120.323 Y110.156 E.04121
G1 X120.522 Y110.964 E.02797
G1 X120.641 Y111.846 E.02994
G1 X120.666 Y112.662 E.02749
G1 X120.605 Y113.512 E.02867
G1 X120.455 Y114.353 E.02872
G1 X120.207 Y115.211 E.03006
G1 X119.712 Y116.332 E.04121
G1 X119.264 Y117.078 E.02925
G1 X118.774 Y117.729 E.02742
G1 X118.196 Y118.354 E.02866
G1 X117.223 Y119.162 E.04253
G1 X116.489 Y119.628 E.02925
G1 X115.758 Y119.989 E.02744
G1 X114.923 Y120.3 E.02994
G1 X114.055 Y120.52 E.03013
G1 X112.838 Y120.659 E.0412
G1 X112.008 Y120.653 E.02794
G1 X111.161 Y120.557 E.02868
G1 X110.327 Y120.373 E.02872
G1 X109.553 Y120.117 E.02744
G1 X108.741 Y119.751 E.02994
G1 X108.035 Y119.339 E.02749
G1 X107.347 Y118.837 E.02867
G1 X106.713 Y118.264 E.02873
G1 X105.894 Y117.302 E.04253
G1 X105.42 Y116.573 E.02925
G1 X105.049 Y115.846 E.02743
G1 X104.741 Y115.052 E.02866
G1 X104.517 Y114.228 E.02873
G1 X104.38 Y113.385 E.02873
G1 X104.332 Y112.533 E.02873
G1 X104.373 Y111.68 E.02873
G1 X104.504 Y110.836 E.02873
G1 X104.721 Y110.01 E.02872
G1 X105.008 Y109.247 E.02742
G1 X105.388 Y108.484 E.02867
G1 X105.846 Y107.764 E.02872
G1 X106.397 Y107.068 E.02988
G1 X107.285 Y106.215 E.0414
G1 X107.982 Y105.696 E.02925
G1 X108.683 Y105.279 E.02742
G1 X108.689 Y105.276 E.00022
G1 X108.879 Y105.673 F9000
;TYPE:Outer wall
G1 F4440
G1 X108.905 Y105.657 E.00103
G1 X109.639 Y105.319 E.02718
G1 X110.404 Y105.06 E.02717
G1 X111.192 Y104.882 E.02718
G1 X112.007 Y104.785 E.02761
G1 X113.202 Y104.803 E.0402
G1 X113.969 Y104.911 E.02606
G1 X114.753 Y105.106 E.02718
G1 X115.512 Y105.381 E.02716
G1 X116.239 Y105.735 E.0272
G1 X116.925 Y106.162 E.02718
G1 X117.562 Y106.659 E.02718
G1 X118.144 Y107.219 E.02717
G1 X118.642 Y107.807 E.02592
G1 X119.098 Y108.474 E.02718
G1 X119.488 Y109.195 E.02758
G1 X119.913 Y110.312 E.0402
G1 X120.095 Y111.066 E.02609
G1 X120.207 Y111.903 E.02841
G1 X120.228 Y112.674 E.02595
G1 X120.167 Y113.479 E.02716
G1 X120.023 Y114.274 E.02718
G1 X119.794 Y115.062 E.0276
G1 X119.311 Y116.155 E.0402
G1 X118.89 Y116.85 E.02733
G1 X118.425 Y117.464 E.02591
G1 X117.875 Y118.055 E.02716
G1 X116.944 Y118.824 E.04062
G1 X116.256 Y119.256 E.02733
G1 X115.565 Y119.596 E.02591
G1 X114.772 Y119.888 E.02843
G1 X113.976 Y120.088 E.02761
G1 X112.789 Y120.224 E.04019
G1 X112.014 Y120.215 E.02607
G1 X111.212 Y120.122 E.02716
G1 X110.423 Y119.946 E.02719
G1 X109.692 Y119.701 E.02594
G1 X108.923 Y119.352 E.02841
G1 X108.258 Y118.962 E.02593
G1 X107.607 Y118.484 E.02717
G1 X107.009 Y117.94 E.0272
G1 X106.229 Y117.019 E.0406
G1 X105.789 Y116.336 E.02733
G1 X105.441 Y115.649 E.02591
G1 X105.151 Y114.895 E.02718
G1 X104.941 Y114.115 E.02717
G1 X104.813 Y113.317 E.02719
G1 X104.77 Y112.51 E.02719
G1 X104.811 Y111.703 E.02718
G1 X104.937 Y110.904 E.02721
G1 X105.145 Y110.124 E.02716
G1 X105.418 Y109.403 E.02593
G1 X105.779 Y108.681 E.02715
G1 X106.215 Y108 E.0272
G1 X106.725 Y107.361 E.0275
G1 X107.589 Y106.532 E.04028
G1 X108.242 Y106.049 E.02732
G1 X108.844 Y105.693 E.02353
G1 E-.8 F1500
G1 X113.786 Y103.708 F9000
G1 E.8 F1500
;TYPE:Sparse infill
;WIDTH:0.46
G1 F5932.264
G1 X113.386 Y103.647 E.01364
G1 X112.123 Y103.629 E.04249
G1 X107.392 Y98.898 E.22506
G1 X103.145 Y98.898 E.14286
G1 X108.71 Y104.463 E.26471
G1 X108.431 Y104.588 E.01029
G1 X107.661 Y105.034 E.02992
G1 X106.91 Y105.578 E.0312
G1 X106.226 Y106.226 E.03169
G1 X100.839 Y100.839 E.25626
G1 X98.898 Y102.779 E.09231
G1 X98.898 Y103.145 E.01231
G1 X104.463 Y108.709 E.26471
G1 X104.327 Y108.983 E.01028
G1 X104.017 Y109.817 E.02992
G1 X103.783 Y110.717 E.03128
G1 X103.645 Y111.637 E.03129
G1 X103.623 Y112.117 E.01616
G1 X98.898 Y107.392 E.22478
G1 X98.898 Y111.639 E.14286
G1 X113.361 Y126.102 E.68804
G1 X109.114 Y126.102 E.14286
G1 X98.898 Y115.886 E.48601
G1 X98.898 Y120.133 E.14286
G1 X104.867 Y126.102 E.28397
G1 X103.199 Y126.102 E.05612
G1 X111.224 Y121.295 F9000
G1 F5932.264
G1 X111.864 Y121.374 E.02168
G1 X112.772 Y121.393 E.03057
G1 X112.886 Y121.38 E.00387
G1 X117.209 Y125.703 E.20566
G1 X119.333 Y123.58 E.10102
G1 X116.292 Y120.539 E.14468
G1 X116.872 Y120.249 E.0218
G1 X117.683 Y119.73 E.0324
G1 X118.695 Y118.888 E.04427
G1 X118.788 Y118.788 E.00461
G1 X121.456 Y121.456 E.12694
G1 X121.879 Y121.033 E.02013
G1 X124.368 Y123.521 E.11838
G1 X126.068 Y121.821 E.08089
G1 X120.523 Y116.276 E.2638
G1 X120.917 Y115.385 E.03278
G1 X121.172 Y114.489 E.03134
G1 X121.317 Y113.695 E.02716
G1 X121.38 Y112.887 E.02726
G1 X126.102 Y117.608 E.22461
G1 X126.102 Y113.361 E.14286
M73 P4 R54
G1 X111.639 Y98.898 E.68804
G1 X115.886 Y98.898 E.14286
G1 X126.102 Y109.114 E.48601
G1 X126.102 Y104.867 E.14286
G1 X125.148 Y103.913 E.04539
G1 X124.769 Y103.859 E.01286
G1 X124.697 Y103.833 E.00259
G1 X124.409 Y103.655 E.01137
G1 X124.263 Y103.497 E.00725
G1 X124.162 Y103.326 E.00669
G1 X124.082 Y103.085 E.00851
G1 X124.062 Y102.828 E.0087
G1 X120.133 Y98.898 E.18692
G1 X121.801 Y98.898 E.05612
G1 X124.547 Y103.153 F9000
;TYPE:Internal solid infill
;WIDTH:0.459999
G1 F5932.273
G1 X124.691 Y103.342 E.00802
G1 X124.967 Y103.467 E.01019
G1 X125.521 Y103.495 E.01864
G1 X125.997 Y103.496 E.01603
G1 X125.997 Y102.822 E.02266
G1 X124.483 Y101.308 E.07203
G1 X124.479 Y102.873 E.05265
G1 X124.537 Y103.114 E.00833
G1 X124.978 Y103.023 F9000
;WIDTH:0.469959
G1 F5793.913
G1 X125.163 Y103.073 E.0066
G1 X125.575 Y103.073 E.01419
G1 X125.575 Y103.019 E.00185
G1 X124.902 Y102.324 E.03332
G1 X124.907 Y102.847 E.01799
G1 X124.963 Y102.986 E.00516
G1 X121.417 Y126.288 F9000
;TYPE:Internal Bridge
;WIDTH:0.389872
;HEIGHT:0.389872
G1 F2250
G1 X123.973 Y123.733 E.17399
G1 X123.662 Y123.422 E.02118
G1 X120.993 Y126.09 E.18169
G1 X120.371 Y126.09 E.02995
G1 X123.351 Y123.111 E.20287
G1 X123.04 Y122.799 E.02118
G1 X119.749 Y126.09 E.22405
G1 X119.127 Y126.09 E.02995
G1 X122.729 Y122.488 E.24522
G1 X122.418 Y122.177 E.02118
G1 X118.505 Y126.09 E.2664
G1 X117.883 Y126.09 E.02995
G1 X122.247 Y121.726 E.29711
; stop printing object Voron_Design_Cube_v7.drc id:0 copy 0
;LAYER_CHANGE
;Z:1.6
;HEIGHT:0.2
;BEFORE_LAYER_CHANGE
G92 E0
;1.6


;AFTER_LAYER_CHANGE
;1.6
;_SET_FAN_SPEED_CHANGING_LAYER
; printing object Voron_Design_Cube_v7.drc id:0 copy 0
G1 E-.8 F1500
G1 X122.55 Y126.414 Z1.6 F9000
G1 E.8 F1500
;TYPE:Inner wall
;WIDTH:0.459999
G1 F5932.273
M106 S255
G1 X102.45 Y126.414 E.67618
G1 X98.586 Y122.55 E.18383
G1 X98.586 Y102.45 E.67618
G1 X102.45 Y98.586 E.18383
G1 X122.55 Y98.586 E.67618
G1 X126.414 Y102.45 E.18383
G1 X126.414 Y122.55 E.67618
G1 X122.579 Y126.386 E.18248
G1 X122.723 Y126.831 F9000
G1 F5932.273
G1 X102.277 Y126.831 E.68781
G1 X98.169 Y122.723 E.19545
G1 X98.169 Y102.277 E.68781
G1 X102.277 Y98.169 E.19545
G1 X122.723 Y98.169 E.68781
G1 X126.831 Y102.277 E.19545
G1 X126.831 Y122.723 E.68781
G1 X122.751 Y126.803 E.19411
G1 X122.909 Y127.266 F9000
;TYPE:Outer wall
G1 F4860
G1 X122.905 Y127.27 E.00019
G1 X122.073 Y127.27 E.02799
G1 F5932.273
G1 X102.927 Y127.27 E.64407
G1 F4860
G1 X102.095 Y127.27 E.02799
G1 X101.507 Y126.682 E.02797
G1 X98.318 Y123.493 E.15171
G1 X97.73 Y122.905 E.02797
G1 X97.73 Y122.073 E.02799
G1 F5932.273
G1 X97.73 Y102.927 E.64407
G1 F4860
G1 X97.73 Y102.095 E.02799
G1 X98.318 Y101.507 E.02797
G1 X101.507 Y98.318 E.15171
G1 X102.095 Y97.73 E.02797
G1 X102.927 Y97.73 E.02799
G1 F5932.273
G1 X122.073 Y97.73 E.64407
G1 F4860
G1 X122.905 Y97.73 E.02799
G1 X123.493 Y98.318 E.02797
G1 X126.682 Y101.507 E.15171
G1 X127.27 Y102.095 E.02797
G1 X127.27 Y102.927 E.02799
G1 F5932.273
G1 X127.27 Y122.073 E.64407
G1 F4860
G1 X127.27 Y122.905 E.02799
G1 X126.682 Y123.493 E.02797
G1 X123.525 Y126.65 E.15019
G1 X122.937 Y127.238 E.02797
G1 E-.8 F1500
G1 X108.595 Y105.091 F9000
G1 E.8 F1500
;TYPE:Inner wall
G1 F5932.273
G1 X108.932 Y104.913 E.0128
G1 X109.748 Y104.58 E.02965
G1 X110.602 Y104.333 E.02992
M73 P5 R54
G1 X111.478 Y104.178 E.02992
G1 X112.248 Y104.12 E.02596
G1 X112.828 Y104.122 E.01952
G1 X113.696 Y104.202 E.02933
G1 X114.568 Y104.376 E.02992
G1 X115.417 Y104.641 E.02991
G1 X116.124 Y104.939 E.02582
G1 X116.899 Y105.363 E.02971
G1 X117.631 Y105.869 E.02992
G1 X118.218 Y106.368 E.02593
G1 X118.63 Y106.779 E.01958
G1 X119.189 Y107.447 E.02929
G1 X119.625 Y108.08 E.02586
G1 X120.05 Y108.853 E.02967
G1 X120.394 Y109.673 E.02992
G1 X120.649 Y110.525 E.02992
G1 X120.812 Y111.4 E.02992
G1 X120.877 Y112.167 E.02592
G1 X120.866 Y113.047 E.02959
G1 X120.806 Y113.639 E.02
G1 X120.673 Y114.373 E.02513
G1 X120.43 Y115.222 E.0297
G1 X120.097 Y116.047 E.02992
G1 X119.679 Y116.832 E.02992
G1 X119.179 Y117.568 E.02991
G1 X118.826 Y117.994 E.01863
G1 X118.059 Y118.777 E.03686
G1 X117.599 Y119.155 E.02003
G1 X116.988 Y119.582 E.02506
G1 X116.218 Y120.015 E.02972
G1 X115.401 Y120.366 E.02992
G1 X114.551 Y120.629 E.02991
G1 X113.797 Y120.783 E.0259
G1 X112.921 Y120.874 E.02963
G1 X112.032 Y120.871 E.02991
G1 X111.438 Y120.816 E.02007
G1 X110.705 Y120.69 E.025
G1 X109.853 Y120.455 E.02975
G1 X109.025 Y120.13 E.02991
G1 X108.34 Y119.779 E.02591
G1 X107.599 Y119.303 E.02962
G1 X106.948 Y118.78 E.02809
G1 X106.276 Y118.118 E.03174
G1 X105.786 Y117.52 E.02599
G1 X105.455 Y117.046 E.01945
G1 X105.021 Y116.289 E.02937
G1 X104.662 Y115.475 E.02991
G1 X104.422 Y114.744 E.02588
G1 X104.231 Y113.884 E.02965
G1 X104.131 Y113 E.02992
G1 X104.125 Y112.111 E.02992
G1 X104.197 Y111.342 E.02596
G1 X104.295 Y110.771 E.01951
G1 X104.52 Y109.928 E.02933
G1 X104.789 Y109.207 E.02589
G1 X105.178 Y108.416 E.02964
G1 X105.651 Y107.663 E.02992
G1 X106.202 Y106.965 E.02992
G1 X106.824 Y106.329 E.02992
G1 X107.51 Y105.763 E.02992
G1 X108.252 Y105.272 E.02991
G1 X108.56 Y105.109 E.01174
G1 X108.791 Y105.458 F9000
G1 F5932.273
G1 X109.124 Y105.283 E.01266
G1 X109.903 Y104.967 E.02827
G1 X110.716 Y104.735 E.02843
G1 X111.548 Y104.589 E.02843
G1 X112.276 Y104.536 E.02455
G1 X112.825 Y104.539 E.01846
G1 X113.656 Y104.617 E.02808
G1 X114.484 Y104.784 E.02843
G1 X115.29 Y105.038 E.02842
G1 X115.96 Y105.322 E.02447
G1 X116.697 Y105.727 E.02831
G1 X117.391 Y106.21 E.02843
G1 X117.945 Y106.684 E.02454
G1 X118.334 Y107.073 E.0185
G1 X118.869 Y107.713 E.02805
G1 X119.28 Y108.314 E.0245
G1 X119.683 Y109.052 E.02828
G1 X120.008 Y109.832 E.02843
G1 X120.248 Y110.642 E.02843
G1 X120.401 Y111.473 E.02843
G1 X120.462 Y112.2 E.02453
G1 X120.449 Y113.039 E.02823
G1 X120.392 Y113.594 E.01875
G1 X120.263 Y114.297 E.02405
G1 X120.03 Y115.105 E.0283
G1 X119.711 Y115.888 E.02843
G1 X119.312 Y116.633 E.02843
G1 X118.836 Y117.331 E.02843
G1 X118.507 Y117.725 E.01726
G1 X117.768 Y118.478 E.03549
G1 X117.336 Y118.831 E.01877
G1 X116.751 Y119.239 E.02402
G1 X116.016 Y119.65 E.02831
G1 X115.239 Y119.982 E.02843
G1 X114.431 Y120.23 E.02843
G1 X113.716 Y120.374 E.02452
G1 X112.881 Y120.458 E.02825
G1 X112.036 Y120.454 E.02842
G1 X111.48 Y120.401 E.0188
G1 X110.777 Y120.279 E.02397
G1 X109.966 Y120.054 E.02833
G1 X109.18 Y119.743 E.02843
G1 X108.532 Y119.409 E.02453
G1 X107.827 Y118.953 E.02825
G1 X107.212 Y118.456 E.0266
G1 X106.572 Y117.824 E.03025
G1 X106.111 Y117.258 E.02457
G1 X105.797 Y116.809 E.01842
G1 X105.384 Y116.083 E.0281
G1 X105.044 Y115.309 E.02843
G1 X104.819 Y114.617 E.02451
G1 X104.638 Y113.796 E.02827
G1 X104.545 Y112.956 E.02843
G1 X104.542 Y112.111 E.02843
G1 X104.612 Y111.384 E.02455
G1 X104.706 Y110.844 E.01846
G1 X104.923 Y110.038 E.02807
G1 X105.179 Y109.355 E.02452
G1 X105.551 Y108.602 E.02826
G1 X106.003 Y107.888 E.02843
G1 X106.528 Y107.226 E.02843
G1 X107.12 Y106.623 E.02843
G1 X107.773 Y106.086 E.02843
G1 X108.479 Y105.622 E.02843
G1 X108.756 Y105.476 E.0105
G1 X108.995 Y105.845 F9000
;TYPE:Outer wall
G1 F2100
G1 X109.327 Y105.672 E.01259
G1 F2460
G1 X110.066 Y105.374 E.0268
G1 X110.835 Y105.157 E.02688
G1 X111.622 Y105.022 E.02686
G1 X112.306 Y104.974 E.02307
G1 X112.822 Y104.977 E.01736
G1 X113.613 Y105.053 E.02673
G1 X114.396 Y105.214 E.02689
G1 X115.157 Y105.456 E.02686
G1 X115.787 Y105.725 E.02304
G1 X116.485 Y106.111 E.02683
G1 X117.139 Y106.569 E.02686
G1 X117.659 Y107.016 E.02307
G1 X118.023 Y107.382 E.01736
G1 X118.531 Y107.993 E.02673
G1 X118.917 Y108.56 E.02307
G1 X119.297 Y109.261 E.02682
G1 X119.602 Y109.999 E.02686
G1 X119.827 Y110.765 E.02686
G1 X119.97 Y111.551 E.02687
G1 X120.025 Y112.235 E.02308
G1 X120.011 Y113.031 E.02678
G1 X119.956 Y113.547 E.01746
G1 X119.831 Y114.217 E.02293
G1 X119.609 Y114.982 E.0268
G1 X119.306 Y115.721 E.02687
G1 X118.926 Y116.424 E.02688
G1 X118.474 Y117.082 E.02685
G1 X118.033 Y117.607 E.02306
G1 X117.462 Y118.163 E.02681
G1 X117.06 Y118.49 E.01743
G1 X116.501 Y118.879 E.02291
G1 X115.803 Y119.266 E.02685
G1 X115.068 Y119.578 E.02686
G1 X114.304 Y119.81 E.02686
G1 X113.631 Y119.944 E.02308
G1 X112.838 Y120.022 E.02681
G1 X112.04 Y120.016 E.02685
G1 X111.524 Y119.964 E.01745
G1 X110.853 Y119.848 E.02291
G1 X110.085 Y119.632 E.02684
G1 X109.343 Y119.336 E.02687
G1 X108.734 Y119.02 E.02308
G1 X108.066 Y118.586 E.0268
G1 X107.489 Y118.116 E.02503
G1 X106.884 Y117.515 E.02869
G1 X106.452 Y116.982 E.02308
G1 X106.158 Y116.559 E.01733
G1 X105.765 Y115.867 E.02677
G1 X105.447 Y115.135 E.02685
G1 X105.236 Y114.482 E.02309
G1 X105.067 Y113.703 E.02682
G1 X104.981 Y112.909 E.02687
G1 X104.98 Y112.111 E.02684
G1 X105.048 Y111.428 E.02309
G1 X105.138 Y110.92 E.01736
G1 X105.346 Y110.153 E.02673
G1 X105.589 Y109.511 E.02309
G1 X105.943 Y108.798 E.02678
G1 X106.372 Y108.124 E.02688
G1 X106.87 Y107.499 E.02688
G1 X107.432 Y106.931 E.02688
G1 X108.05 Y106.426 E.02685
G1 X108.719 Y105.989 E.02688
G1 F2160
G1 X108.96 Y105.863 E.00915
G1 E-.8 F1500
G1 X105.724 Y98.898 F9000
G1 E.8 F1500
;TYPE:Sparse infill
;WIDTH:0.46
G1 F5932.264
G1 X107.392 Y98.898 E.05612
G1 X111.884 Y103.39 E.2137
G1 X110.589 Y103.57 E.04396
G1 X109.514 Y103.868 E.03755
G1 X108.528 Y104.281 E.03596
G1 X103.145 Y98.898 E.25606
G1 X102.579 Y98.898 E.01904
G1 X100.739 Y100.739 E.08756
G1 X106.047 Y106.047 E.25253
G1 X105.712 Y106.388 E.01609
G1 X105.129 Y107.106 E.0311
G1 X104.324 Y108.428 E.05207
G1 X104.279 Y108.526 E.00363
G1 X98.898 Y103.145 E.25599
G1 X98.898 Y107.392 E.14286
G1 X103.394 Y111.888 E.21387
G1 X103.374 Y112.104 E.00729
G1 X103.381 Y113.029 E.03113
G1 X103.436 Y113.552 E.0177
G1 X98.898 Y121.801 F9000
G1 F5932.264
G1 X98.898 Y120.133 E.05612
G1 X104.867 Y126.102 E.28397
G1 X109.114 Y126.102 E.14286
G1 X98.898 Y115.886 E.48601
G1 X98.898 Y111.639 E.14286
G1 X105.096 Y117.837 E.29486
G1 X105.728 Y118.629 E.03408
G1 X106.407 Y119.303 E.03218
G1 X107.12 Y119.86 E.03044
G1 X113.361 Y126.102 E.29692
G1 X117.608 Y126.102 E.14286
G1 X113.109 Y121.603 E.21401
G1 X113.849 Y121.535 E.025
G1 X114.677 Y121.371 E.02837
G1 X115.591 Y121.095 E.03211
G1 X116.454 Y120.701 E.03193
G1 X119.82 Y124.067 E.16015
G1 X120.263 Y124.014 E.015
G1 X121.451 Y124.025 E.03998
G1 X121.927 Y124.1 E.01619
G1 X122.107 Y124.169 E.00649
G1 X122.286 Y124.282 E.00711
G1 X122.526 Y124.554 E.01222
G1 X122.57 Y124.64 E.00325
G1 X122.672 Y125.036 E.01375
G1 X122.679 Y125.215 E.00602
G1 X122.727 Y125.46 E.00841
G1 X122.732 Y125.79 E.01112
G1 X124.261 Y124.261 E.07276
G1 X118.954 Y118.954 E.25248
G1 X119.145 Y118.769 E.00896
G1 X119.747 Y118.06 E.03128
G1 X120.567 Y116.783 E.05106
G1 X120.715 Y116.469 E.01168
G1 X126.102 Y121.855 E.25624
G1 X126.102 Y117.608 E.14286
G1 X121.613 Y113.119 E.21355
G1 X121.633 Y112.285 E.02807
G1 X121.572 Y111.453 E.02805
G1 X126.102 Y115.029 F9000
G1 F5932.264
G1 X126.102 Y113.361 E.05612
G1 X119.906 Y107.166 E.29473
G1 X119.431 Y106.55 E.02617
G1 X118.858 Y105.94 E.02814
G1 X118.072 Y105.262 E.03492
G1 X117.844 Y105.104 E.00934
G1 X111.639 Y98.898 E.29522
G1 X115.886 Y98.898 E.14286
G1 X126.102 Y109.114 E.48601
G1 X126.102 Y104.867 E.14286
G1 X125.148 Y103.913 E.04539
G1 X124.769 Y103.859 E.01286
G1 X124.697 Y103.833 E.00259
G1 X124.409 Y103.655 E.01137
G1 X124.263 Y103.497 E.00725
G1 X124.162 Y103.326 E.00669
G1 X124.082 Y103.085 E.00851
G1 X124.047 Y102.813 E.00923
G1 X120.133 Y98.898 E.18624
G1 X121.801 Y98.898 E.05612
G1 X124.547 Y103.153 F9000
;TYPE:Internal solid infill
;WIDTH:0.459999
G1 F5932.273
G1 X124.69 Y103.34 E.00793
G1 X124.893 Y103.457 E.00789
G1 X125.463 Y103.542 E.01939
G1 X125.997 Y103.543 E.01796
G1 X125.997 Y102.622 E.03097
G1 X124.526 Y101.152 E.06997
G1 X124.432 Y101.687 E.01828
G1 X124.431 Y102.5 E.02735
G1 X124.537 Y103.114 E.02098
G1 X124.995 Y102.992 F9000
;WIDTH:0.533508
G1 F5043.391
G1 X125.543 Y103.088 E.02205
G1 X125.543 Y102.81 E.01099
G1 X124.885 Y102.152 E.03684
G1 X124.921 Y102.766 E.02433
G1 X124.982 Y102.954 E.00781
G1 E-.8 F1500
G1 X116.257 Y120.395 F9000
G1 E.8 F1500
;WIDTH:0.383553
G1 F7263.613
G1 X116.796 Y120.126 E.01655
G1 X117.564 Y119.642 E.02493
G1 X118.24 Y119.115 E.02356
G1 X118.86 Y118.522 E.02355
G1 X119.43 Y117.853 E.02417
G1 X119.988 Y117.016 E.02762
G1 X120.432 Y116.202 E.02549
G1 X120.735 Y115.467 E.02183
G1 X120.915 Y114.91 E.01609
G1 X121.112 Y114.079 E.02346
G1 X121.236 Y113.123 E.0265
G1 X121.256 Y112.31 E.02233
G1 X121.192 Y111.441 E.02395
G1 X120.999 Y110.439 E.02804
G1 X120.74 Y109.548 E.02549
G1 X120.439 Y108.812 E.02183
G1 X120.182 Y108.304 E.01564
G1 X119.707 Y107.529 E.02497
G1 X119.152 Y106.809 E.02499
G1 X118.594 Y106.209 E.02252
G1 X117.956 Y105.652 E.02326
G1 X117.208 Y105.117 E.02525
G1 X116.4 Y104.66 E.02551
G1 X115.658 Y104.335 E.02223
G1 X114.79 Y104.05 E.02512
G1 X113.882 Y103.855 E.02551
G1 X112.959 Y103.757 E.02551
G1 X112.235 Y103.752 E.01988
G1 X111.431 Y103.818 E.02215
G1 X110.687 Y103.936 E.0207
G1 X109.652 Y104.218 E.02947
G1 X108.809 Y104.558 E.02497
G1 X108.06 Y104.952 E.02325
G1 X107.287 Y105.463 E.02548
G1 X106.574 Y106.05 E.02537
G1 X106.01 Y106.619 E.02201
G1 X105.432 Y107.328 E.02514
G1 X104.929 Y108.125 E.02588
G1 X104.659 Y108.609 E.01523
G1 X104.297 Y109.441 E.02493
G1 X104.025 Y110.308 E.02497
G1 X103.839 Y111.198 E.02496
G1 X103.76 Y111.968 E.02127
G1 X103.752 Y112.888 E.02529
G1 X103.849 Y113.875 E.02725
G1 X104.018 Y114.681 E.02262
G1 X104.27 Y115.493 E.02335
G1 X104.632 Y116.336 E.0252
G1 X105.087 Y117.144 E.0255
G1 X105.436 Y117.668 E.01729
G1 X105.922 Y118.279 E.02143
G1 X106.564 Y118.935 E.02524
G1 X107.278 Y119.52 E.02536
G1 X108.05 Y120.034 E.02549
G1 X108.506 Y120.291 E.01438
G1 X109.335 Y120.662 E.02496
G1 X110.199 Y120.946 E.02496
G1 X111.086 Y121.14 E.02497
G1 X111.991 Y121.244 E.02501
G1 X112.787 Y121.254 E.02187
G1 X113.779 Y121.165 E.02737
G1 X114.524 Y121.021 E.02086
G1 X115.404 Y120.762 E.02519
G1 X116.221 Y120.411 E.02443
G1 X119.699 Y124.517 F9000
;WIDTH:0.459999
G1 F5932.273
G1 X119.453 Y124.689 E.01009
G1 X119.322 Y124.884 E.00791
G1 X119.237 Y125.464 E.01971
G1 X119.236 Y125.997 E.01794
G1 X122.357 Y125.997 E.10498
G1 X122.31 Y125.877 E.00434
G1 X122.264 Y125.136 E.02496
G1 X122.182 Y124.807 E.01141
G1 X121.977 Y124.586 E.01015
G1 X121.652 Y124.487 E.01145
G1 X121.37 Y124.445 E.00957
G1 X120.27 Y124.432 E.03702
G1 X119.738 Y124.511 E.01809
G1 X119.827 Y124.999 F9000
;WIDTH:0.609271
G1 F4368.716
G1 X119.767 Y125.196 E.0094
G1 X119.734 Y125.512 E.01455
G1 X121.794 Y125.505 E.0941
G1 X121.729 Y125.026 E.02205
G1 X121.365 Y124.937 E.01714
G1 X120.327 Y124.928 E.0474
G1 X119.866 Y124.993 E.02125
; stop printing object Voron_Design_Cube_v7.drc id:0 copy 0
;LAYER_CHANGE
;Z:1.8
;HEIGHT:0.2
;BEFORE_LAYER_CHANGE
G92 E0
;1.8


;AFTER_LAYER_CHANGE
;1.8
;_SET_FAN_SPEED_CHANGING_LAYER
; printing object Voron_Design_Cube_v7.drc id:0 copy 0
G1 E-.8 F1500
G1 X122.75 Y126.414 Z1.8 F9000
G1 E.8 F1500
;TYPE:Inner wall
;WIDTH:0.459999
G1 F5932.273
G1 X102.25 Y126.414 E.68964
G1 X98.586 Y122.75 E.17431
G1 X98.586 Y102.25 E.68964
G1 X102.25 Y98.586 E.17431
G1 X122.75 Y98.586 E.68964
G1 X126.414 Y102.25 E.17431
G1 X126.414 Y122.75 E.68964
G1 X122.779 Y126.386 E.17297
G1 X122.923 Y126.831 F9000
G1 F5932.273
G1 X102.077 Y126.831 E.70126
G1 X98.169 Y122.923 E.18594
G1 X98.169 Y102.077 E.70126
G1 X102.077 Y98.169 E.18594
G1 X122.923 Y98.169 E.70126
G1 X126.831 Y102.077 E.18594
G1 X126.831 Y122.923 E.70126
G1 X122.951 Y126.803 E.18459
G1 X123.105 Y127.27 F9000
;TYPE:Outer wall
G1 F4860
G1 X122.273 Y127.27 E.02799
G1 F5932.273
G1 X102.727 Y127.27 E.65752
G1 F4860
G1 X101.895 Y127.27 E.02799
G1 X101.307 Y126.682 E.02797
G1 X98.318 Y123.693 E.1422
G1 X97.73 Y123.105 E.02797
G1 X97.73 Y122.273 E.02799
G1 F5932.273
G1 X97.73 Y102.727 E.65752
G1 F4860
G1 X97.73 Y101.895 E.02799
G1 X98.318 Y101.307 E.02797
G1 X101.307 Y98.318 E.1422
G1 X101.895 Y97.73 E.02797
G1 X102.727 Y97.73 E.02799
G1 F5932.273
G1 X122.273 Y97.73 E.65752
G1 F4860
G1 X123.105 Y97.73 E.02799
G1 X123.693 Y98.318 E.02797
G1 X126.682 Y101.307 E.1422
G1 X127.27 Y101.895 E.02797
G1 X127.27 Y102.727 E.02799
G1 F5932.273
G1 X127.27 Y122.273 E.65752
G1 F4860
G1 X127.27 Y123.105 E.02799
G1 X126.682 Y123.693 E.02797
G1 X123.721 Y126.654 E.14087
G1 X123.133 Y127.242 E.02797
G1 E-.8 F1500
G1 X108.693 Y105.263 F9000
G1 E.8 F1500
;TYPE:Inner wall
G1 F5932.273
G1 X108.991 Y105.106 E.01135
G1 X109.793 Y104.776 E.02919
G1 X110.64 Y104.53 E.02965
G1 X111.508 Y104.376 E.02964
G1 X112.19 Y104.323 E.02304
G1 X112.84 Y104.322 E.02186
G1 X113.705 Y104.405 E.02924
G1 X114.375 Y104.533 E.02293
G1 X115.207 Y104.777 E.02918
G1 X116.022 Y105.112 E.02965
G1 X116.796 Y105.534 E.02965
G1 X117.52 Y106.036 E.02964
G1 X117.992 Y106.435 E.02077
G1 X118.504 Y106.938 E.02416
G1 X119.059 Y107.606 E.0292
G1 X119.444 Y108.167 E.02289
G1 X119.863 Y108.927 E.02922
G1 X120.205 Y109.74 E.02965
G1 X120.457 Y110.585 E.02965
G1 X120.617 Y111.451 E.02964
G1 X120.676 Y112.132 E.02297
G1 X120.669 Y112.997 E.02912
G1 X120.6 Y113.665 E.02257
G1 X120.48 Y114.317 E.02232
G1 X120.242 Y115.154 E.02925
G1 X119.912 Y115.971 E.02965
G1 X119.495 Y116.748 E.02965
G1 X118.998 Y117.475 E.02964
G1 X118.562 Y117.999 E.02294
G1 X117.946 Y118.609 E.02916
G1 X117.426 Y119.035 E.02261
G1 X116.883 Y119.412 E.02225
G1 X116.123 Y119.839 E.02929
G1 X115.313 Y120.186 E.02965
G1 X114.47 Y120.443 E.02964
G1 X113.802 Y120.58 E.02295
G1 X112.94 Y120.672 E.02916
G1 X112.059 Y120.672 E.02964
G1 X111.389 Y120.607 E.02265
G1 X110.74 Y120.493 E.02217
G1 X109.9 Y120.26 E.02933
G1 X109.081 Y119.935 E.02964
G1 X108.473 Y119.625 E.02296
G1 X107.742 Y119.159 E.02914
G1 X107.054 Y118.609 E.02965
G1 X106.428 Y117.988 E.02964
G1 X105.991 Y117.459 E.02307
G1 X105.618 Y116.93 E.02178
G1 X105.187 Y116.174 E.02929
G1 X104.835 Y115.366 E.02964
G1 X104.622 Y114.719 E.02292
G1 X104.432 Y113.873 E.02919
G1 X104.331 Y112.997 E.02965
G1 X104.325 Y112.116 E.02965
G1 X104.386 Y111.434 E.02304
G1 X104.495 Y110.793 E.02185
G1 X104.722 Y109.954 E.02925
G1 X104.961 Y109.315 E.02293
G1 X105.34 Y108.536 E.02918
G1 X105.808 Y107.788 E.02965
G1 X106.353 Y107.096 E.02965
G1 X106.97 Y106.466 E.02965
G1 X107.651 Y105.907 E.02965
G1 X108.388 Y105.424 E.02964
G1 X108.657 Y105.282 E.01022
G1 X108.888 Y105.631 F9000
G1 F5932.273
G1 X109.183 Y105.476 E.01122
G1 X109.95 Y105.163 E.02786
G1 X110.754 Y104.931 E.02814
G1 X111.577 Y104.787 E.02813
G1 X112.22 Y104.739 E.02167
G1 X112.838 Y104.74 E.0208
G1 X113.663 Y104.82 E.02789
G1 X114.294 Y104.942 E.02161
G1 X115.088 Y105.176 E.02785
G1 X115.861 Y105.497 E.02814
G1 X116.594 Y105.899 E.02814
G1 X117.28 Y106.377 E.02813
G1 X117.72 Y106.751 E.01942
G1 X118.209 Y107.232 E.02307
G1 X118.736 Y107.871 E.02786
G1 X119.098 Y108.401 E.02159
G1 X119.497 Y109.127 E.02788
G1 X119.819 Y109.899 E.02814
G1 X120.057 Y110.701 E.02814
G1 X120.206 Y111.524 E.02813
G1 X120.26 Y112.165 E.02164
G1 X120.252 Y112.992 E.02781
G1 X120.186 Y113.619 E.02123
G1 X120.071 Y114.24 E.02124
G1 X119.842 Y115.037 E.0279
G1 X119.526 Y115.812 E.02814
G1 X119.129 Y116.548 E.02814
G1 X118.655 Y117.237 E.02813
G1 X118.243 Y117.73 E.02162
G1 X117.654 Y118.311 E.02784
G1 X117.164 Y118.71 E.02125
G1 X116.646 Y119.069 E.0212
G1 X115.921 Y119.474 E.02792
G1 X115.152 Y119.801 E.02814
G1 X114.351 Y120.043 E.02813
G1 X113.721 Y120.171 E.02162
G1 X112.898 Y120.257 E.02784
G1 X112.062 Y120.255 E.02813
G1 X111.433 Y120.192 E.02127
G1 X110.814 Y120.083 E.02115
G1 X110.014 Y119.859 E.02795
G1 X109.237 Y119.549 E.02813
G1 X108.665 Y119.255 E.02163
G1 X107.969 Y118.809 E.02783
G1 X107.316 Y118.285 E.02814
G1 X106.724 Y117.694 E.02813
G1 X106.315 Y117.196 E.02169
G1 X105.96 Y116.691 E.02075
G1 X105.55 Y115.969 E.02792
G1 X105.218 Y115.202 E.02813
G1 X105.019 Y114.592 E.0216
G1 X104.839 Y113.783 E.02786
G1 X104.745 Y112.952 E.02814
G1 X104.742 Y112.116 E.02813
G1 X104.802 Y111.474 E.02167
G1 X104.906 Y110.865 E.02079
G1 X105.124 Y110.065 E.02789
G1 X105.35 Y109.464 E.02161
G1 X105.714 Y108.72 E.02785
G1 X106.16 Y108.012 E.02814
G1 X106.679 Y107.356 E.02814
G1 X107.266 Y106.76 E.02814
G1 X107.914 Y106.231 E.02814
G1 X108.615 Y105.775 E.02813
G1 X108.852 Y105.65 E.00904
G1 X109.091 Y106.019 F9000
;TYPE:Outer wall
G1 F2220
G1 X109.385 Y105.865 E.01116
G1 F2460
G1 X110.114 Y105.569 E.02647
G1 X110.873 Y105.353 E.02655
G1 X111.651 Y105.22 E.02655
G1 X112.251 Y105.176 E.02024
G1 X112.836 Y105.178 E.01968
G1 X113.619 Y105.257 E.02647
G1 X114.209 Y105.373 E.02023
G1 X114.963 Y105.596 E.02645
G1 X115.691 Y105.901 E.02655
G1 X116.382 Y106.283 E.02656
G1 X117.028 Y106.736 E.02654
G1 F2340
G1 X117.434 Y107.084 E.01799
G1 X117.898 Y107.542 E.02193
G1 F2460
G1 X118.398 Y108.149 E.02645
G1 X118.735 Y108.646 E.0202
G1 X119.112 Y109.337 E.02648
G1 X119.414 Y110.066 E.02654
G1 X119.635 Y110.824 E.02656
G1 X119.774 Y111.601 E.02655
G1 X119.823 Y112.2 E.02022
G1 X119.813 Y112.986 E.02644
G1 X119.75 Y113.571 E.01979
G1 X119.64 Y114.159 E.02012
G1 X119.421 Y114.915 E.02648
G1 X119.121 Y115.645 E.02655
G1 X118.744 Y116.339 E.02657
G1 X118.295 Y116.987 E.02652
G1 X117.908 Y117.447 E.02022
G1 X117.347 Y117.998 E.02645
G1 X116.889 Y118.369 E.01983
G1 X116.397 Y118.708 E.0201
G1 X115.709 Y119.09 E.02647
G1 X114.982 Y119.397 E.02655
G1 X114.226 Y119.623 E.02654
G1 X113.636 Y119.741 E.02024
G1 X112.854 Y119.821 E.02644
G1 X112.065 Y119.817 E.02654
G1 X111.479 Y119.756 E.01982
G1 X110.891 Y119.651 E.02009
G1 X110.133 Y119.437 E.0265
G1 X109.401 Y119.142 E.02655
G1 X108.867 Y118.866 E.02022
G1 X108.206 Y118.44 E.02645
G1 X107.592 Y117.944 E.02655
G1 X107.035 Y117.385 E.02655
G1 X106.655 Y116.919 E.02023
G1 X106.319 Y116.44 E.01968
G1 X105.933 Y115.755 E.02645
G1 X105.621 Y115.03 E.02655
G1 X105.437 Y114.457 E.02025
G1 X105.267 Y113.689 E.02646
G1 X105.181 Y112.905 E.02653
G1 X105.18 Y112.116 E.02654
G1 X105.238 Y111.517 E.02024
G1 X105.338 Y110.94 E.0197
G1 X105.547 Y110.182 E.02645
G1 X105.76 Y109.62 E.02022
G1 X106.107 Y108.914 E.02646
G1 X106.53 Y108.247 E.02657
G1 X107.022 Y107.63 E.02655
G1 X107.577 Y107.069 E.02655
G1 X108.19 Y106.572 E.02655
G1 X108.852 Y106.143 E.02654
G1 F2220
G1 X109.056 Y106.037 E.00773
G1 E-.8 F1500
G1 X113.699 Y103.606 F9000
G1 E.8 F1500
;TYPE:Sparse infill
;WIDTH:0.46
G1 F5932.264
G1 X113.378 Y103.559 E.0109
G1 X112.034 Y103.54 E.04522
G1 X107.392 Y98.898 E.22083
G1 X111.639 Y98.898 E.14286
G1 X126.102 Y113.361 E.68804
G1 X126.102 Y117.608 E.14286
G1 X121.462 Y112.968 E.22074
G1 X121.402 Y113.717 E.02527
G1 X121.254 Y114.519 E.02744
G1 X120.993 Y115.429 E.03183
G1 X120.589 Y116.342 E.03361
G1 X126.102 Y121.855 E.26224
G1 X126.102 Y122.621 E.02577
G1 X124.659 Y124.063 E.06863
G1 X124.531 Y123.88 E.00752
G1 X124.227 Y124.022 E.01129
G1 X124.044 Y124.044 E.00619
G1 X118.85 Y118.85 E.24708
G1 X118.744 Y118.961 E.00516
G1 X117.723 Y119.808 E.04463
G1 X116.925 Y120.319 E.03189
G1 X116.357 Y120.604 E.02137
G1 X119.82 Y124.067 E.16476
G1 X119.509 Y124.139 E.01076
G1 X119.275 Y124.271 E.00904
G1 X119.217 Y124.319 E.00252
G1 X119 Y124.583 E.01147
G1 X118.908 Y124.806 E.00812
G1 X118.822 Y125.421 E.02091
G1 X118.818 Y126.102 E.02289
G1 X117.608 Y126.102 E.04072
G1 X112.965 Y121.459 E.22086
G1 X112.761 Y121.481 E.0069
G1 X111.869 Y121.462 E.03004
G1 X111.303 Y121.393 E.01918
G1 X111.693 Y126.102 F9000
G1 F5932.264
G1 X113.361 Y126.102 E.05612
G1 X98.898 Y111.639 E.68804
G1 X98.898 Y115.886 E.14286
G1 X109.114 Y126.102 E.48601
G1 X104.867 Y126.102 E.14286
G1 X98.898 Y120.133 E.28397
G1 X98.898 Y121.801 E.05612
G1 X98.898 Y109.06 F9000
G1 F5932.264
G1 X98.898 Y107.392 E.05612
G1 X103.539 Y112.033 E.22079
G1 X103.559 Y111.617 E.01401
G1 X103.7 Y110.688 E.0316
G1 X103.937 Y109.78 E.03158
G1 X104.243 Y108.959 E.02947
G1 X104.397 Y108.644 E.0118
G1 X98.898 Y103.145 E.2616
G1 X98.898 Y102.379 E.02577
G1 X100.639 Y100.639 E.0828
G1 X106.164 Y106.164 E.26283
G1 X106.844 Y105.521 E.03148
G1 X107.604 Y104.967 E.03164
G1 X108.381 Y104.516 E.03022
G1 X108.643 Y104.396 E.0097
G1 X103.145 Y98.898 E.26156
G1 X104.814 Y98.898 E.05612
G1 X124.547 Y103.153 F9000
;TYPE:Internal solid infill
;WIDTH:0.459999
G1 F5932.273
G1 X124.69 Y103.34 E.00793
G1 X124.893 Y103.457 E.00789
G1 X125.463 Y103.542 E.01939
G1 X125.997 Y103.543 E.01796
G1 X125.997 Y102.422 E.0377
G1 X124.584 Y101.009 E.06726
G1 X124.438 Y101.655 E.0223
G1 X124.431 Y102.459 E.02702
G1 X124.537 Y103.114 E.02234
G1 X125.031 Y102.976 F9000
;WIDTH:0.597658
G1 F4460.172
G1 X125.511 Y103.045 E.02172
G1 X125.511 Y102.624 E.01886
G1 X124.917 Y102.03 E.03759
G1 X124.953 Y102.758 E.03261
G1 X125.017 Y102.938 E.00858
G1 X126.102 Y106.536 F9000
;TYPE:Sparse infill
;WIDTH:0.46
G1 F5932.264
G1 X126.102 Y104.867 E.05612
G1 X125.148 Y103.913 E.04539
G1 X124.769 Y103.859 E.01286
G1 X124.697 Y103.833 E.00259
G1 X124.409 Y103.655 E.01137
G1 X124.263 Y103.497 E.00725
G1 X124.162 Y103.326 E.00669
G1 X124.082 Y103.085 E.00851
G1 X124.047 Y102.813 E.00923
G1 X120.133 Y98.898 E.18624
G1 X115.886 Y98.898 E.14286
G1 X126.102 Y109.114 E.48601
G1 X126.102 Y110.783 E.05612
G1 X121.075 Y112.217 F9000
;TYPE:Internal solid infill
;WIDTH:0.419741
G1 F6566.058
G1 X121.007 Y111.4 E.02494
G1 X120.84 Y110.493 E.02803
G1 X120.567 Y109.61 E.02808
G1 X120.277 Y108.878 E.02391
G1 X119.846 Y108.063 E.02803
G1 X119.445 Y107.463 E.02192
G1 X118.863 Y106.742 E.02816
G1 X118.379 Y106.254 E.02089
G1 X117.761 Y105.725 E.02474
G1 X117.003 Y105.199 E.02804
G1 X116.192 Y104.757 E.02808
G1 X115.466 Y104.449 E.02394
G1 X114.585 Y104.179 E.02803
G1 X113.88 Y104.033 E.02187
G1 X113.367 Y103.966 E.01573
G1 X112.177 Y103.933 E.03619
G1 X111.458 Y103.984 E.02191
G1 X110.55 Y104.147 E.02802
G1 X109.663 Y104.403 E.02808
G1 X108.824 Y104.749 E.02758
G1 X108.188 Y105.084 E.02184
G1 X107.418 Y105.589 E.02799
G1 X106.776 Y106.118 E.02527
G1 X106.14 Y106.737 E.02699
G1 X105.563 Y107.449 E.02783
G1 X105.06 Y108.223 E.02805
G1 X104.643 Y109.047 E.02808
G1 X104.383 Y109.718 E.02187
G1 X104.136 Y110.588 E.02748
G1 X104.009 Y111.286 E.02157
G1 X103.931 Y112.098 E.02479
G1 X103.93 Y112.885 E.0239
G1 X103.976 Y113.454 E.01737
G1 X104.097 Y114.233 E.02396
G1 X104.215 Y114.724 E.01533
G1 X104.424 Y115.394 E.02134
G1 X104.634 Y115.922 E.01726
G1 X105.014 Y116.689 E.02603
G1 X105.486 Y117.442 E.02702
G1 X106.093 Y118.195 E.02938
G1 X106.757 Y118.874 E.02888
G1 X107.402 Y119.4 E.0253
G1 X108.173 Y119.907 E.02803
G1 X108.808 Y120.243 E.02183
G1 X109.308 Y120.462 E.01658
G1 X110.12 Y120.741 E.0261
G1 X110.991 Y120.946 E.02719
G1 X111.881 Y121.059 E.02727
G1 X112.75 Y121.079 E.02642
G1 X113.743 Y120.979 E.03034
G1 X114.45 Y120.854 E.02182
G1 X115.069 Y120.685 E.01952
G1 X115.942 Y120.358 E.02833
G1 X116.709 Y119.975 E.02606
G1 X117.491 Y119.48 E.02813
G1 X118.167 Y118.935 E.02638
G1 X118.78 Y118.345 E.02586
G1 X119.312 Y117.714 E.02507
G1 X119.832 Y116.953 E.02803
G1 X120.203 Y116.258 E.02394
G1 X120.569 Y115.412 E.02801
G1 X120.838 Y114.528 E.02808
G1 X120.982 Y113.804 E.02244
G1 X121.062 Y113.02 E.02396
G1 X121.075 Y112.257 E.02317
G1 X119.699 Y124.517 F9000
;WIDTH:0.459501
G1 F5939.369
G1 X119.453 Y124.689 E.01008
G1 X119.322 Y124.884 E.0079
G1 X119.237 Y125.464 E.01969
G1 X119.236 Y125.997 E.01792
G1 X122.578 Y125.997 E.11228
G1 X123.119 Y125.465 E.02552
G1 X122.976 Y125.527 E.00523
G1 X122.777 Y125.53 E.0067
G1 X122.603 Y125.436 E.00665
G1 X122.132 Y124.719 E.02883
G1 X121.893 Y124.535 E.01014
G1 X121.323 Y124.431 E.01944
G1 X120.271 Y124.431 E.03535
G1 X119.738 Y124.511 E.01811
G1 X119.812 Y125.015 F9000
;WIDTH:0.585932
G1 F4556.488
G1 X119.722 Y125.512 E.02214
G1 X120.329 Y125.531 E.02661
;WIDTH:0.534379
G1 F5034.454
G1 X120.455 Y125.555 E.00509
;WIDTH:0.46086
G1 F5920.061
G1 X120.582 Y125.58 E.00433
G1 X122.198 Y125.58 E.05449
G1 X121.822 Y125.006 E.02314
G1 X121.637 Y124.907 E.00706
G1 X121.323 Y124.848 E.01076
G1 X120.581 Y124.848 E.02501
;WIDTH:0.482662
G1 F5626.546
G1 X120.388 Y124.886 E.00701
;WIDTH:0.527987
G1 F5100.794
G1 X120.194 Y124.924 E.00773
;WIDTH:0.570585
G1 F4689.016
G1 X119.85 Y125.004 E.015
; stop printing object Voron_Design_Cube_v7.drc id:0 copy 0
;LAYER_CHANGE
;Z:2
;HEIGHT:0.2
;BEFORE_LAYER_CHANGE
G92 E0
;2


;AFTER_LAYER_CHANGE
;2
;_SET_FAN_SPEED_CHANGING_LAYER
; printing object Voron_Design_Cube_v7.drc id:0 copy 0
G1 E-.8 F1500
G1 X122.95 Y126.414 Z2 F9000
G1 E.8 F1500
;TYPE:Inner wall
;WIDTH:0.459999
G1 F5932.273
G1 X122.279 Y126.414 E.02258
G1 X122.279 Y125.088 E.04463
G1 X122.2 Y124.783 E.01057
G1 X122.054 Y124.607 E.00772
G1 X121.915 Y124.519 E.00552
G1 X121.653 Y124.462 E.009
G1 X119.892 Y124.462 E.05926
G1 X119.679 Y124.499 E.00729
G1 X119.497 Y124.603 E.00703
G1 X119.356 Y124.766 E.00725
G1 X119.266 Y125.088 E.01124
G1 X119.266 Y126.414 E.04463
G1 X102.05 Y126.414 E.57917
G1 X98.586 Y122.95 E.1648
G1 X98.586 Y102.05 E.70309
G1 X102.05 Y98.586 E.1648
G1 X122.95 Y98.586 E.70309
G1 X125.06 Y100.695 E.10037
G1 X124.536 Y101.009 E.02054
G1 X124.462 Y101.305 E.01025
G1 X124.462 Y102.887 E.05324
G1 X124.504 Y103.112 E.00769
G1 X124.628 Y103.312 E.00792
G1 X124.87 Y103.474 E.00981
G1 X125.088 Y103.513 E.00743
G1 X126.414 Y103.513 E.04463
G1 X126.414 Y122.95 E.65387
G1 X122.979 Y126.386 E.16345
G1 X123.123 Y126.831 F9000
G1 F5932.273
G1 X121.862 Y126.831 E.04242
G1 X121.862 Y125.088 E.05867
G1 X121.787 Y124.927 E.00595
G1 X121.653 Y124.879 E.00477
G1 X119.892 Y124.879 E.05926
G1 X119.756 Y124.929 E.00487
G1 X119.683 Y125.088 E.00586
G1 X119.683 Y126.831 E.05867
G1 X101.877 Y126.831 E.59901
G1 X98.169 Y123.123 E.17642
G1 X98.169 Y101.877 E.71472
G1 X101.877 Y98.169 E.17642
G1 X123.123 Y98.169 E.71472
G1 X126.051 Y101.096 E.13927
G1 X125.088 Y101.096 E.0324
G1 X124.904 Y101.206 E.00721
G1 X124.879 Y101.305 E.00342
G1 X124.879 Y102.887 E.05324
G1 X124.934 Y103.029 E.00511
G1 X125.088 Y103.096 E.00563
G1 X126.831 Y103.096 E.05867
G1 X126.831 Y123.123 E.67371
G1 X123.151 Y126.803 E.17508
G1 X123.294 Y127.27 F9000
;TYPE:Outer wall
G1 F5160
G1 X122.47 Y127.27 E.02772
G1 F5932.273
G1 X102.527 Y127.27 E.67088
G1 F4860
G1 X101.695 Y127.27 E.02799
G1 X101.107 Y126.682 E.02797
G1 X98.318 Y123.893 E.13268
G1 X97.73 Y123.305 E.02797
G1 X97.73 Y122.473 E.02799
G1 F5932.273
G1 X97.73 Y102.527 E.67098
G1 F4860
G1 X97.73 Y101.695 E.02799
G1 X98.318 Y101.107 E.02797
G1 X101.107 Y98.318 E.13268
G1 X101.695 Y97.73 E.02797
G1 X102.527 Y97.73 E.02799
G1 F5932.273
G1 X122.473 Y97.73 E.67098
G1 F4860
G1 X123.305 Y97.73 E.02799
G1 X123.893 Y98.318 E.02797
G1 X126.682 Y101.107 E.13268
G1 X127.27 Y101.695 E.02797
G1 X127.27 Y102.527 E.02799
G1 F5932.273
G1 X127.27 Y122.473 E.67098
G1 F4860
G1 X127.27 Y123.305 E.02799
G1 X126.682 Y123.893 E.02797
G1 X123.913 Y126.661 E.13171
G1 X123.325 Y127.249 E.02797
G1 E-.8 F1500
G1 X108.79 Y105.436 F9000
G1 E.8 F1500
;TYPE:Inner wall
G1 F5932.273
G1 X109.049 Y105.3 E.00986
G1 X109.838 Y104.973 E.02874
G1 X110.676 Y104.727 E.02936
G1 X111.536 Y104.574 E.02937
G1 X112.162 Y104.524 E.02114
G1 X112.853 Y104.523 E.02326
G1 X113.713 Y104.609 E.02908
G1 X114.296 Y104.72 E.01996
G1 X115.117 Y104.957 E.02873
G1 X115.925 Y105.288 E.02937
G1 X116.692 Y105.705 E.02939
G1 X117.409 Y106.203 E.02937
G1 X117.864 Y106.587 E.02003
G1 X118.378 Y107.097 E.02435
G1 X118.927 Y107.765 E.0291
G1 X119.262 Y108.253 E.01992
G1 X119.677 Y109.001 E.02877
G1 X120.016 Y109.806 E.02937
G1 X120.265 Y110.643 E.02938
G1 X120.421 Y111.502 E.02937
G1 X120.474 Y112.094 E.02001
G1 X120.471 Y112.989 E.03009
G1 X120.296 Y114.215 E.04168
G1 X120.055 Y115.083 E.03031
G1 X119.727 Y115.894 E.02942
G1 X119.313 Y116.663 E.02939
G1 X118.817 Y117.382 E.02937
G1 X118.438 Y117.838 E.01996
G1 X117.804 Y118.47 E.03011
G1 X116.814 Y119.216 E.04171
G1 X116.109 Y119.617 E.02726
G1 X115.226 Y120.004 E.03243
G1 X114.391 Y120.257 E.02937
G1 X113.809 Y120.376 E.01997
G1 X112.961 Y120.471 E.02872
G1 X112.046 Y120.474 E.03077
G1 X110.818 Y120.303 E.04172
G1 X109.949 Y120.066 E.03029
G1 X109.137 Y119.741 E.0294
G1 X108.608 Y119.472 E.01999
G1 X107.886 Y119.016 E.0287
G1 X107.203 Y118.474 E.02936
M73 P6 R54
G1 X106.582 Y117.86 E.02936
G1 X106.198 Y117.401 E.02011
G1 X105.781 Y116.814 E.02423
G1 X105.354 Y116.06 E.02917
G1 X105.008 Y115.259 E.02936
G1 X104.823 Y114.695 E.01996
G1 X104.633 Y113.862 E.02873
G1 X104.531 Y112.995 E.02938
G1 X104.525 Y112.122 E.02937
G1 X104.576 Y111.527 E.02007
G1 X104.695 Y110.816 E.02428
G1 X104.924 Y109.981 E.02912
G1 X105.131 Y109.425 E.01996
G1 X105.502 Y108.656 E.02873
G1 X105.964 Y107.915 E.02937
G1 X106.504 Y107.228 E.02938
G1 X107.115 Y106.605 E.02937
G1 X107.792 Y106.052 E.0294
G1 X108.524 Y105.577 E.02937
G1 X108.754 Y105.455 E.00875
G1 X108.985 Y105.804 F9000
G1 F5932.273
G1 X109.242 Y105.669 E.00978
G1 X109.997 Y105.358 E.02746
G1 X110.792 Y105.128 E.02784
G1 X111.607 Y104.985 E.02784
G1 X112.194 Y104.94 E.0198
G1 X112.852 Y104.94 E.02216
G1 X113.671 Y105.024 E.02767
G1 X114.216 Y105.129 E.0187
G1 X115 Y105.357 E.02745
G1 X115.765 Y105.673 E.02784
G1 X116.491 Y106.07 E.02785
G1 X117.169 Y106.545 E.02783
G1 X117.594 Y106.905 E.01874
G1 X118.083 Y107.392 E.02322
G1 X118.604 Y108.028 E.02768
G1 X118.917 Y108.488 E.01868
G1 X119.311 Y109.202 E.02747
G1 X119.631 Y109.966 E.02784
G1 X119.865 Y110.76 E.02785
G1 X120.011 Y111.575 E.02783
G1 X120.058 Y112.129 E.01873
G1 X120.054 Y112.958 E.02789
G1 X119.883 Y114.156 E.0407
G1 X119.654 Y114.969 E.02841
G1 X119.341 Y115.736 E.02786
G1 X118.946 Y116.464 E.02785
G1 X118.475 Y117.144 E.02783
G1 X118.118 Y117.57 E.0187
G1 X117.53 Y118.155 E.02791
G1 X116.563 Y118.883 E.04073
G1 X115.906 Y119.253 E.02537
G1 X115.064 Y119.62 E.03088
G1 X114.272 Y119.857 E.02783
G1 X113.727 Y119.968 E.0187
G1 X112.916 Y120.056 E.02745
G1 X112.074 Y120.056 E.02832
G1 X110.875 Y119.89 E.04072
G1 X110.062 Y119.664 E.0284
G1 X109.294 Y119.355 E.02784
G1 X108.799 Y119.101 E.01872
G1 X108.11 Y118.664 E.02743
G1 X107.463 Y118.148 E.02784
G1 X106.877 Y117.565 E.02783
G1 X106.52 Y117.135 E.01879
G1 X106.122 Y116.573 E.02315
G1 X105.717 Y115.856 E.02772
G1 X105.392 Y115.095 E.02783
G1 X105.22 Y114.567 E.0187
G1 X105.04 Y113.771 E.02744
G1 X104.946 Y112.948 E.02785
G1 X104.942 Y112.121 E.02784
G1 X104.991 Y111.565 E.01877
G1 X105.106 Y110.886 E.02318
G1 X105.326 Y110.092 E.02769
G1 X105.522 Y109.572 E.0187
G1 X105.877 Y108.838 E.02745
G1 X106.317 Y108.137 E.02784
G1 X106.83 Y107.487 E.02785
G1 X107.412 Y106.898 E.02783
G1 X108.055 Y106.376 E.02787
G1 X108.75 Y105.927 E.02783
G1 X108.949 Y105.823 E.00757
G1 X109.187 Y106.192 F9000
;TYPE:Outer wall
G1 F2280
G1 X109.444 Y106.058 E.00975
G1 F2460
G1 X110.162 Y105.764 E.0261
G1 X110.912 Y105.549 E.02625
G1 X111.68 Y105.418 E.02621
G1 X112.196 Y105.378 E.01741
G1 X112.851 Y105.379 E.02203
G1 X113.625 Y105.46 E.02618
G1 X114.131 Y105.56 E.01735
G1 X114.876 Y105.778 E.02611
G1 X115.596 Y106.078 E.02624
G1 X116.279 Y106.454 E.02623
G1 X116.916 Y106.903 E.02622
G1 X117.31 Y107.238 E.0174
G1 X117.773 Y107.702 E.02205
G1 X118.264 Y108.305 E.02616
G1 X118.553 Y108.733 E.01737
G1 X118.927 Y109.413 E.02611
G1 X119.226 Y110.133 E.02623
G1 X119.444 Y110.882 E.02624
G1 X119.579 Y111.65 E.02623
G1 X119.621 Y112.165 E.01738
G1 X119.616 Y112.953 E.02651
G1 X119.449 Y114.093 E.03876
G1 X119.232 Y114.847 E.02639
G1 X118.936 Y115.568 E.02622
G1 X118.562 Y116.253 E.02625
G1 X118.116 Y116.892 E.02621
G1 X117.783 Y117.287 E.01738
G1 X117.223 Y117.842 E.02652
G1 X116.3 Y118.532 E.03877
G1 X115.614 Y118.914 E.02641
G1 X114.895 Y119.215 E.02622
G1 X114.148 Y119.436 E.02621
G1 X113.641 Y119.538 E.0174
G1 X112.87 Y119.62 E.02608
G1 X112.077 Y119.618 E.02668
G1 X110.937 Y119.456 E.03873
G1 X110.182 Y119.242 E.0264
G1 X109.46 Y118.949 E.02621
G1 X109.001 Y118.711 E.01739
G1 X108.346 Y118.295 E.0261
G1 X107.738 Y117.806 E.02625
G1 X107.187 Y117.255 E.02621
G1 X106.858 Y116.856 E.0174
G1 X106.481 Y116.321 E.02202
G1 X106.1 Y115.642 E.02619
G1 X105.796 Y114.924 E.02623
G1 X105.637 Y114.433 E.01736
G1 X105.468 Y113.675 E.02613
G1 X105.381 Y112.9 E.02623
G1 X105.38 Y112.121 E.02621
G1 X105.428 Y111.606 E.0174
G1 X105.539 Y110.961 E.02202
G1 X105.748 Y110.211 E.02619
G1 X105.931 Y109.728 E.01738
G1 X106.271 Y109.031 E.02609
G1 X106.688 Y108.371 E.02626
G1 X107.173 Y107.761 E.02622
G1 X107.723 Y107.207 E.02626
G1 X108.33 Y106.717 E.02624
G1 X108.986 Y106.297 E.0262
G1 F2280
G1 X109.152 Y106.211 E.00629
G1 E-.8 F1500
G1 X113.878 Y103.825 F9000
G1 E.8 F1500
;TYPE:Sparse infill
;WIDTH:0.46
G1 F5932.264
G1 X112.963 Y103.728 E.03096
G1 X112.215 Y103.721 E.02516
G1 X107.392 Y98.898 E.22944
G1 X103.145 Y98.898 E.14286
G1 X108.787 Y104.54 E.26841
G1 X108.031 Y104.938 E.02876
G1 X107.273 Y105.44 E.03057
G1 X106.559 Y106.03 E.03115
G1 X106.295 Y106.295 E.01259
G1 X100.539 Y100.539 E.27382
G1 X98.898 Y102.179 E.07804
G1 X98.898 Y103.145 E.0325
G1 X104.545 Y108.792 E.26862
G1 X104.465 Y108.952 E.00603
G1 X104.179 Y109.686 E.0265
G1 X103.93 Y110.572 E.03095
G1 X103.811 Y111.209 E.02181
G1 X103.732 Y111.964 E.02552
G1 X103.729 Y112.223 E.00871
G1 X98.898 Y107.392 E.22981
G1 X98.898 Y105.724 E.05612
G1 X109.971 Y98.898 F9000
G1 F5932.264
G1 X111.639 Y98.898 E.05612
G1 X126.102 Y113.361 E.68804
G1 X126.102 Y109.114 E.14286
G1 X115.886 Y98.898 E.48601
G1 X120.133 Y98.898 E.14286
G1 X124.15 Y102.916 E.19111
G1 X124.171 Y103.09 E.00591
G1 X124.249 Y103.31 E.00787
G1 X124.344 Y103.461 E.00602
G1 X124.485 Y103.608 E.00685
G1 X124.761 Y103.769 E.01074
G1 X125.056 Y103.822 E.01007
G1 X126.102 Y104.867 E.04974
G1 X126.102 Y106.536 E.05612
G1 E-.8 F1500
G1 X127.148 Y102.15 F9000
G1 E.8 F1500
;TYPE:Top surface
;WIDTH:0.437828
G1 F6000
G1 X126.346 Y102.952 E.03613
G1 X125.787 Y102.952 F9000
G1 F6000
G1 X127.071 Y101.669 E.05782
G1 X126.792 Y101.39 F9000
G1 F6000
G1 X125.229 Y102.952 E.07039
G1 X125.023 Y102.6 F9000
G1 F6000
G1 X126.383 Y101.24 E.06128
G1 X125.825 Y101.24 F9000
G1 F6000
G1 X125.023 Y102.042 E.03612
G1 X121.166 Y111.116 F9000
;TYPE:Sparse infill
;WIDTH:0.46
G1 F5932.264
G1 X121.208 Y111.349 E.00794
G1 X121.28 Y112.233 E.02984
G1 X121.272 Y112.778 E.01835
G1 X126.102 Y117.608 E.22978
G1 X126.102 Y121.855 E.14286
G1 X120.461 Y116.214 E.26836
G1 X120.032 Y117.02 E.03072
G1 X119.511 Y117.792 E.03134
G1 X118.922 Y118.494 E.0308
G1 X118.705 Y118.705 E.0102
G1 X124.461 Y124.461 E.27384
G1 X122.821 Y126.102 E.07804
G1 X122.592 Y126.102 E.0077
G1 X122.592 Y125.074 E.03456
G1 X122.477 Y124.633 E.01533
G1 X122.257 Y124.367 E.01163
G1 X122.048 Y124.235 E.00831
G1 X121.884 Y124.177 E.00584
G1 X121.66 Y124.149 E.0076
G1 X119.903 Y124.15 E.05912
G1 X116.211 Y120.458 E.17561
G1 X115.41 Y120.788 E.02915
G1 X114.528 Y121.047 E.03092
G1 X113.828 Y121.184 E.024
G1 X112.785 Y121.279 E.03523
G1 X117.608 Y126.102 E.22945
G1 X113.361 Y126.102 E.14286
G1 X98.898 Y111.639 E.68804
G1 X98.898 Y115.886 E.14286
G1 X109.114 Y126.102 E.48601
G1 X104.867 Y126.102 E.14286
G1 X98.898 Y120.133 E.28397
G1 X98.898 Y121.801 E.05612
G1 X117.521 Y119.199 F9000
;TYPE:Internal solid infill
;WIDTH:0.429101
G1 F6406.914
G1 X117.994 Y118.832 E.01865
G1 X118.615 Y118.23 E.02693
G1 X119.135 Y117.622 E.02492
G1 X119.653 Y116.871 E.02843
G1 X120.047 Y116.146 E.02569
G1 X120.387 Y115.341 E.02721
G1 X120.639 Y114.487 E.02773
G1 X120.783 Y113.715 E.02447
G1 X120.861 Y113.088 E.01967
G1 X120.876 Y112.262 E.02574
G1 X120.816 Y111.448 E.02541
G1 X120.653 Y110.55 E.02844
G1 X120.392 Y109.671 E.02857
G1 X120.102 Y108.968 E.02367
G1 X119.684 Y108.182 E.02774
G1 X119.291 Y107.586 E.02224
G1 X118.703 Y106.859 E.02912
G1 X118.279 Y106.43 E.01877
G1 X117.723 Y105.943 E.02303
G1 X117.004 Y105.432 E.02746
G1 X116.229 Y104.995 E.02772
G1 X115.523 Y104.684 E.02405
G1 X114.689 Y104.412 E.0273
G1 X113.846 Y104.226 E.02689
G1 X112.958 Y104.129 E.02784
G1 X112.245 Y104.123 E.02219
G1 X111.484 Y104.178 E.02376
G1 X110.599 Y104.335 E.028
G1 X109.745 Y104.583 E.02771
G1 X108.929 Y104.916 E.02743
G1 X108.323 Y105.233 E.02133
G1 X107.557 Y105.73 E.02843
G1 X106.869 Y106.289 E.0276
G1 X106.287 Y106.872 E.02564
G1 X105.726 Y107.562 E.02771
G1 X105.242 Y108.308 E.0277
G1 X104.839 Y109.101 E.02773
G1 X104.568 Y109.785 E.02291
G1 X104.325 Y110.645 E.02785
G1 X104.212 Y111.254 E.01928
G1 X104.133 Y111.991 E.02309
G1 X104.126 Y112.873 E.02747
G1 X104.224 Y113.841 E.0303
G1 X104.394 Y114.63 E.02514
G1 X104.622 Y115.366 E.02399
G1 X104.956 Y116.155 E.0267
G1 X105.398 Y116.955 E.02845
G1 X105.737 Y117.448 E.01865
G1 X106.203 Y118.033 E.02329
G1 X106.818 Y118.663 E.02742
G1 X107.499 Y119.226 E.02752
G1 X108.241 Y119.718 E.02773
G1 X108.919 Y120.08 E.02395
G1 X109.733 Y120.414 E.0274
G1 X110.589 Y120.658 E.02773
G1 X111.352 Y120.793 E.02413
G1 X111.947 Y120.863 E.01866
G1 X112.805 Y120.876 E.02672
G1 X113.775 Y120.785 E.03035
G1 X114.437 Y120.656 E.02101
G1 X115.281 Y120.407 E.02741
G1 X116.104 Y120.069 E.0277
G1 X116.885 Y119.642 E.02772
G1 X117.488 Y119.222 E.0229
G1 E-.8 F1500
G1 X120.988 Y127.148 F9000
G1 E.8 F1500
;TYPE:Top surface
;WIDTH:0.404262
G1 F6000
G1 X121.718 Y126.417 E.03012
G1 X121.718 Y125.906 F9000
G1 F6000
G1 X120.477 Y127.148 E.05119
G1 X119.966 Y127.148 F9000
G1 F6000
G1 X121.718 Y125.395 E.07225
G1 X121.58 Y125.023 F9000
G1 F6000
G1 X119.827 Y126.775 E.07224
G1 X119.827 Y126.264 F9000
G1 F6000
G1 X121.069 Y125.023 E.05118
G1 X120.558 Y125.023 F9000
G1 F6000
G1 X119.827 Y125.753 E.03012
; stop printing object Voron_Design_Cube_v7.drc id:0 copy 0
;LAYER_CHANGE
;Z:2.2
;HEIGHT:0.2
;BEFORE_LAYER_CHANGE
G92 E0
;2.2


;AFTER_LAYER_CHANGE
;2.2
;_SET_FAN_SPEED_CHANGING_LAYER
; printing object Voron_Design_Cube_v7.drc id:0 copy 0
G1 E-.8 F1500
G1 X124.431 Y101.534 Z2.2 F9000
G1 E.8 F1500
;TYPE:Inner wall
;WIDTH:0.459999
G1 F5932.273
G1 X124.414 Y101.674 E.00476
G1 X124.427 Y102.682 E.03391
G1 X124.561 Y103.051 E.0132
G1 X124.722 Y103.257 E.00882
G1 X125.06 Y103.482 E.01366
G1 X125.457 Y103.56 E.0136
G1 X126.414 Y103.56 E.0322
G1 X126.414 Y123.15 E.659
G1 X125.15 Y124.414 E.06014
G1 X124.398 Y124.417 E.02532
G1 X123.965 Y124.546 E.0152
G1 X123.696 Y124.761 E.01156
G1 X123.521 Y125.03 E.01082
G1 X123.429 Y125.457 E.01469
G1 X123.429 Y126.135 E.02281
G1 X123.15 Y126.414 E.01328
G1 X122.327 Y126.414 E.02771
G1 X122.327 Y125.457 E.0322
G1 X122.235 Y125.03 E.01469
G1 X122.06 Y124.761 E.01082
G1 X121.791 Y124.546 E.01156
G1 X121.425 Y124.424 E.013
G1 X121.005 Y124.414 E.01412
G1 X120.189 Y124.417 E.02744
G1 X119.789 Y124.528 E.01399
G1 X119.492 Y124.754 E.01254
G1 X119.283 Y125.097 E.01352
G1 X119.219 Y125.457 E.0123
G1 X119.219 Y126.414 E.0322
G1 X101.85 Y126.414 E.5843
G1 X98.586 Y123.15 E.15528
G1 X98.586 Y101.85 E.71655
G1 X101.85 Y98.586 E.15528
G1 X123.15 Y98.586 E.71655
G1 X125.262 Y100.697 E.10046
G1 X124.826 Y100.844 E.01547
G1 X124.543 Y101.172 E.01456
G1 X124.443 Y101.433 E.00942
G1 X124.436 Y101.494 E.00205
G1 X124.858 Y101.572 F9000
G1 F5932.273
G1 X124.831 Y101.674 E.00354
G1 X124.848 Y102.659 E.03313
G1 X124.97 Y102.91 E.00941
G1 X125.219 Y103.096 E.01046
G1 X125.457 Y103.143 E.00816
G1 X126.831 Y103.143 E.04623
G1 X126.831 Y123.323 E.67884
G1 X125.323 Y124.831 E.07176
G1 X124.472 Y124.831 E.02863
G1 X124.254 Y124.871 E.00744
G1 X124.099 Y124.955 E.00594
G1 X123.901 Y125.201 E.01062
G1 X123.846 Y125.457 E.00881
G1 X123.846 Y126.308 E.02863
G1 X123.323 Y126.831 E.0249
G1 X121.91 Y126.831 E.04755
G1 X121.91 Y125.457 E.04623
G1 X121.855 Y125.201 E.00881
G1 X121.749 Y125.039 E.00649
G1 X121.588 Y124.911 E.00694
G1 X121.284 Y124.831 E.01058
G1 X120.262 Y124.831 E.03439
G1 X120.017 Y124.881 E.00839
G1 X119.849 Y124.986 E.00665
G1 X119.674 Y125.241 E.0104
G1 X119.636 Y125.457 E.00738
G1 X119.636 Y126.831 E.04623
G1 X101.677 Y126.831 E.60414
G1 X98.169 Y123.323 E.16691
G1 X98.169 Y101.677 E.72817
G1 X101.677 Y98.169 E.16691
G1 X123.323 Y98.169 E.72817
G1 X126.203 Y101.048 E.13701
G1 X125.457 Y101.048 E.02509
G1 X125.078 Y101.176 E.01344
G1 X124.909 Y101.373 E.00874
G1 X124.868 Y101.534 E.00559
G1 X125.27 Y101.674 F9000
;TYPE:Outer wall
G1 F5932.273
G1 X125.27 Y102.518 E.02839
G1 X125.311 Y102.635 E.00417
G1 X125.457 Y102.705 E.00545
G1 X127.27 Y102.705 E.06099
G1 X127.27 Y103.395 E.02321
G1 X127.27 Y122.673 E.64851
G1 F4860
G1 X127.27 Y123.505 E.02799
G1 X126.682 Y124.093 E.02797
G1 X126.073 Y124.701 E.02895
G1 X125.485 Y125.289 E.02797
G1 X125.466 Y125.27 E.0009
G1 F5932.273
G1 X124.472 Y125.27 E.03344
G1 X124.361 Y125.307 E.00394
G1 X124.285 Y125.457 E.00566
G1 F4860
G1 X124.285 Y126.49 E.03475
G1 X123.505 Y127.27 E.03711
G1 X122.673 Y127.27 E.02799
G1 F5932.273
G1 X122.161 Y127.27 E.01722
G1 X121.471 Y127.27 E.02321
G1 X121.471 Y125.457 E.06099
G1 X121.423 Y125.332 E.0045
G1 X121.284 Y125.27 E.00512
G1 X120.262 Y125.27 E.03438
G1 X120.144 Y125.311 E.0042
G1 X120.074 Y125.457 E.00545
G1 X120.074 Y127.27 E.06099
G1 X119.384 Y127.27 E.02321
G1 X102.327 Y127.27 E.57379
M73 P6 R53
G1 F4860
G1 X101.495 Y127.27 E.02799
G1 X100.907 Y126.682 E.02797
G1 X98.318 Y124.093 E.12317
G1 X97.73 Y123.505 E.02797
G1 X97.73 Y122.673 E.02799
G1 F5932.273
G1 X97.73 Y102.327 E.68444
G1 F4860
G1 X97.73 Y101.495 E.02799
G1 X98.318 Y100.907 E.02797
G1 X100.907 Y98.318 E.12317
G1 X101.495 Y97.73 E.02797
G1 X102.327 Y97.73 E.02799
G1 F5932.273
G1 X122.673 Y97.73 E.68444
G1 F4860
G1 X123.505 Y97.73 E.02799
G1 X124.093 Y98.318 E.02797
G1 X126.674 Y100.899 E.12279
G1 X127.262 Y101.487 E.02797
G1 X125.457 Y101.487 E.06072
G1 F5932.273
G1 X125.344 Y101.525 E.00401
G1 X125.288 Y101.638 E.00424
G1 E-.8 F1500
G1 X108.873 Y105.63 F9000
G1 E.8 F1500
;TYPE:Inner wall
G1 F5932.273
G1 X109.059 Y105.52 E.00729
G1 X109.948 Y105.141 E.03248
G1 X111.154 Y104.836 E.04185
G1 X112.043 Y104.73 E.03013
G1 X112.935 Y104.724 E.03001
G1 X114.164 Y104.898 E.04174
G1 X115.094 Y105.156 E.03248
G1 X116.227 Y105.669 E.04185
G1 X116.954 Y106.115 E.02866
G1 X117.689 Y106.692 E.03144
G1 X118.542 Y107.595 E.04178
G1 X118.942 Y108.144 E.02285
G1 X119.522 Y109.13 E.03849
G1 X119.964 Y110.3 E.04208
G1 X120.178 Y111.195 E.03096
G1 X120.282 Y112.434 E.04181
G1 X120.24 Y113.329 E.03016
G1 X120.1 Y114.183 E.02912
G1 X119.866 Y115.017 E.02912
